bike,0.0,4.493749000001117
bike,0.9047730000020238,5.398533999999927
transition,1.8095780000003288,6.303332000003138
transition,2.714374000002863,7.208135000000766
bike,3.6191490000055637,8.112913000004482
bike,4.523931000003358,9.017694000001939
bike,5.428686000006564,9.922505000002275
bike,6.333483000002161,10.827264000006835
bike,7.238285999999789,11.732048000005307
bike,8.143064000003505,12.636823000000732
bike,9.047845000000962,13.54162300000462
bike,9.952657000001636,14.44640800000343
transition,10.8574460000018,15.35119300000224
transition,11.762230000000272,16.25598500000342
transition,12.666975000000093,17.160773000003246
transition,13.571775000003981,18.06554500000493
bike,14.476560000002792,18.97033900000679
bike,15.381344000001263,19.875098000004073
bike,16.286136000002443,20.77989300000627
bike,17.19092400000227,21.684698000004573
transition,18.095696000003954,22.58947000000626
transition,19.00049100000615,23.494256000005407
transition,19.905280000006314,24.399059000003035
transition,20.810075000001234,25.303843000001507
transition,21.714850000003935,26.208625000006577
transition,22.61962200000562,27.11340800000471
transition,23.524425000003248,28.01821700000437
transition,24.429210000002058,28.922967000005883
transition,25.33399400000053,29.827752000004693
transition,26.2387760000056,30.732531000001472
transition,27.143560000004072,31.637322000002314
transition,28.04836900000373,32.54215000000113
transition,28.95314900000085,33.44693499999994
transition,29.85793399999966,34.35176700000011
transition,30.762713000003714,35.256584000002476
transition,31.667504000004556,36.16142800000671
bike,32.57230100000015,37.066256000005524
bike,33.47711700000218,37.97106900000654
bike,34.38191800000641,38.87590000000637
bike,35.28676500000438,39.780760000001465
bike,36.19157900000573,40.68558800000028
bike,37.096408000004885,41.590422000001126
bike,38.0012510000015,42.495269000006374
bike,38.90605300000607,43.40013400000316
bike,39.81091100000049,44.30495100000553
bike,40.71577000000252,45.209802000004856
bike,41.62057400000049,46.11463999999978
bike,42.52543900000455,47.01950100000249
bike,43.430285000002186,47.924337000004016
bike,44.335133000000496,48.82918900000368
bike,45.23998399999982,49.73404400000436
bike,46.14479100000608,50.63889200000267
bike,47.049652000001515,51.54374900000403
bike,47.95451900000626,52.448565000006056
bike,48.85937100000592,53.3534190000064
bike,49.764224000005925,54.25822100000369
bike,50.66904300000169,55.163060000006226
bike,51.57390000000305,56.067896000000474
bike,52.47874700000102,56.972724000006565
bike,53.38357000000542,57.87752300000284
bike,54.28837200000271,58.782341000005545
bike,55.19324200000119,59.687166000003344
bike,56.098047999999835,60.591964000006556
bike,57.00287500000559,61.49678000000131
bike,57.90767400000186,62.40159600000334
bike,58.812493000004906,63.30643100000452
bike,59.71731700000237,64.21120900000096
bike,60.62214600000152,65.11602500000299
bike,61.52696200000355,66.02080399999977
bike,62.43174700000236,66.92564400000265
bike,63.336583000003884,67.83041100000264
bike,64.2413910000032,68.73524200000247
bike,65.14617600000201,69.64003500000399
bike,66.05098600000201,70.5448200000028
bike,66.95579500000167,71.44962099999975
bike,67.86059300000488,72.35440700000618
bike,68.7653930000015,73.25920300000143
bike,69.67018600000301,74.16401300000143
bike,70.57498699999996,75.0687950000065
bike,71.479803000002,75.97358499999973
bike,72.38458900000114,76.87835900000209
bike,73.28935400000046,77.78318900000158
bike,74.1941650000008,78.68799300000683
bike,75.09894700000586,79.5927720000036
bike,76.00373600000603,80.4975870000053
bike,76.90851000000112,81.40236200000072
bike,77.81334100000095,82.30718300000444
bike,78.71814500000619,83.21198500000173
bike,79.62295400000585,84.11678600000596
bike,80.52773900000466,85.02157200000511
bike,81.43254400000296,85.92637500000274
bike,82.3373350000038,86.83116500000324
bike,83.2421370000011,87.73595800000476
bike,84.14693800000532,88.64075600000069
bike,85.05175400000007,89.54554000000644
bike,85.9565270000021,90.45031800000288
bike,86.8613170000026,91.35512700000254
bike,87.76610900000378,92.2598930000022
bike,88.67090600000665,93.16468800000439
bike,89.5756840000031,94.06944000000658
bike,90.4804690000019,94.97423800000252
bike,91.3852790000019,95.8790380000064
bike,92.29004500000156,96.78380800000014
bike,93.19483900000341,97.6885900000052
bike,94.09962200000155,98.59337900000537
bike,95.00439000000188,99.49816500000452
bike,95.90919000000576,100.40292300000146
bike,96.81395900000643,101.30769800000417
bike,97.71877200000017,102.21246200000314
bike,98.62353100000473,103.11724900000263
bike,99.52831600000354,104.02202100000432
bike,100.43307500000083,104.9267800000016
bike,101.33785000000353,105.83154800000193
bike,102.24261300000217,106.73630300000514
bike,103.14740100000199,107.64110000000073
bike,104.05217200000334,108.54585500000394
bike,104.95696200000384,109.45060500000545
bike,105.86169900000095,110.35540800000308
bike,106.7664850000001,111.26016900000104
bike,107.6712520000001,112.16494200000307
bike,108.57600600000296,113.0696750000061
bike,109.48078700000042,113.97447700000339
bike,110.3855590000021,114.87923500000034
bike,111.2903210000004,115.78399700000591
bike,112.19509300000209,116.68876100000489
bike,113.09985700000107,117.59351500000048
bike,114.00462800000241,118.4982530000052
bike,114.90938600000663,119.40306100000453
bike,115.81414900000527,120.30782600000384
bike,116.71891200000391,121.212572000004
bike,117.62368000000424,122.1173190000045
bike,118.52843500000017,123.0220760000011
bike,119.43321300000389,123.92684900000313
bike,120.33797700000287,124.83160599999974
bike,121.24272300000302,125.73641100000532
bike,122.14747100000386,126.64115300000412
bike,123.05222700000013,127.54590800000005
bike,123.95700100000249,128.45067800000106
bike,124.86178800000198,129.35544300000038
bike,125.76656300000468,130.26018000000477
bike,126.67130400000315,131.16496100000222
bike,127.57605900000635,132.0696980000066
bike,128.48083000000042,132.97448200000508
transition,129.38559400000668,133.87922100000287
transition,130.29033200000413,134.78397500000574
transition,131.19511200000125,135.6887440000064
transition,132.09988100000191,136.59349900000234
bike,133.00466400000005,137.4982500000042
bike,133.9094030000051,138.40303200000199
bike,134.8141570000007,139.30778500000451
bike,135.71892600000137,140.21254000000044
bike,136.62367700000323,141.11729200000264
bike,137.5284310000061,142.02206200000364
bike,138.43321400000423,142.9268160000065
bike,139.33796700000676,143.83158600000024
bike,140.2427220000027,144.73633100000006
bike,141.14747400000488,145.64108800000395
bike,142.05221300000267,146.54584299999988
bike,142.95696800000587,147.45059900000342
bike,143.86173700000654,148.3553710000051
bike,144.76648200000636,149.2601020000002
bike,145.6712400000033,150.1648420000056
bike,146.57599400000618,151.06962500000373
bike,147.48075000000244,151.9743790000066
bike,148.38552300000447,152.8791280000005
bike,149.29028400000243,153.783875000001
bike,150.19499300000462,154.68862800000352
bike,151.09977600000275,155.5933820000064
bike,152.00453100000595,156.4981340000013
bike,152.9092790000068,157.40284900000552
bike,153.81405700000323,158.30763900000602
bike,154.71877900000254,159.21236800000042
bike,155.62353400000575,160.11711300000024
bike,156.52828500000032,161.02187300000514
bike,157.43303100000048,161.92664100000547
bike,158.33779000000504,162.83136300000479
bike,159.2425199999998,163.73613200000545
bike,160.1472950000025,164.64085700000578
bike,161.05202400000417,165.54559200000222
bike,161.9567920000045,166.4503290000066
bike,162.8615140000038,167.3550910000049
bike,163.76628400000482,168.2598330000037
bike,164.6710200000016,169.16456800000014
bike,165.57574400000158,170.06931100000656
bike,166.48051100000157,170.9740690000035
bike,167.38524200000393,171.87882600000012
bike,168.29001500000595,172.7835630000045
bike,169.19471900000644,173.68830600000365
bike,170.09949300000153,174.59303000000364
bike,171.00422000000253,175.4977960000033
bike,171.90897800000675,176.40253500000108
bike,172.81371500000387,177.30727200000547
bike,173.71845700000267,178.21200500000123
bike,174.62318100000266,179.11678800000664
bike,175.5279470000023,180.0214910000068
bike,176.4326860000001,180.92622600000323
bike,177.33742400000483,181.83098900000186
bike,178.24215600000025,182.73572600000625
bike,179.146940000006,183.64048100000218
bike,180.05164300000615,184.54521800000657
bike,180.95640800000547,185.4499580000047
bike,181.8611400000009,186.35469800000283
bike,182.76590800000122,187.25943499999994
bike,183.6706320000012,188.16417700000602
bike,184.57540000000154,189.06892400000652
bike,185.48010900000372,189.97365100000025
bike,186.38484900000185,190.87841400000616
bike,187.28961700000218,191.78313300000445
bike,188.19432900000538,192.68787300000258
bike,189.09907500000554,193.59259700000257
bike,190.0038330000025,194.49730400000408
bike,190.90856600000552,195.4020740000051
bike,191.81328500000382,196.30681000000186
bike,192.7180240000016,197.21152000000438
bike,193.6227480000016,198.11626400000387
bike,194.52748600000632,199.0209790000008
bike,195.4322250000041,199.92571700000553
bike,196.33696100000088,200.83044700000028
bike,197.2416710000034,201.73516600000585
bike,198.1464150000029,202.63989000000583
bike,199.05112999999983,203.54462000000058
bike,199.95586800000456,204.4493680000014
bike,200.86059899999964,205.35409100000106
bike,201.7653180000052,206.25880800000596
bike,202.6700420000052,207.16355000000476
bike,203.5747709999996,208.06828400000086
bike,204.47951900000044,208.97299900000507
bike,205.38424200000009,209.87773300000117
bike,206.28895900000498,210.7824480000054
bike,207.19370100000378,211.68717200000538
bike,208.09843600000022,212.5919120000035
bike,209.00315100000444,213.49664699999994
transition,209.90788500000053,214.40137400000094
transition,210.8125990000044,215.30611500000668
transition,211.71733900000254,216.210837000006
transition,212.62206300000253,217.11555000000226
bike,213.52679800000624,218.0202830000053
bike,214.43152499999997,218.92503399999987
bike,215.33626700000605,219.82971300000645
bike,216.24098900000536,220.73444700000255
bike,217.14570200000162,221.63917100000253
bike,218.05043400000432,222.54391500000202
bike,218.95518500000617,223.4486210000032
bike,219.85989500000142,224.35335200000554
bike,220.7646290000048,225.25808700000198
bike,221.66935300000478,226.16281800000434
bike,222.57406600000104,227.06754600000568
bike,223.4787720000022,227.97223300000041
bike,224.38350300000457,228.87697400000616
bike,225.288238000001,229.78171400000429
bike,226.19296900000336,230.68643800000427
bike,227.09769800000504,231.5911500000002
bike,228.00241500000266,232.49589300000662
bike,228.90715600000112,233.40059000000474
bike,229.8118650000033,234.3053110000037
bike,230.71659000000363,235.2100350000037
bike,231.62130200000684,236.1147740000015
bike,232.52604500000598,237.01949100000638
bike,233.4307719999997,237.92419100000552
bike,234.33546300000307,238.828932000004
bike,235.24018700000306,239.73365600000398
bike,236.14492600000085,240.63839500000176
bike,237.0496420000054,241.54307400000107
bike,237.9543730000005,242.4477990000014
bike,238.85908400000335,243.3525540000046
bike,239.76382300000114,244.2572630000068
bike,240.66854700000113,245.16197000000102
bike,241.5732560000033,246.06670100000338
bike,242.47795100000076,246.97142700000404
bike,243.38270600000396,247.87612800000352
bike,244.28741500000615,248.78085300000384
bike,245.19212100000004,249.68557700000383
bike,246.09685300000274,250.59029200000077
bike,247.0015790000034,251.4950220000028
bike,247.90631000000576,252.39975000000413
bike,248.81100400000287,253.30443400000513
bike,249.7157290000032,254.2091780000046
bike,250.62047400000301,255.11390100000426
bike,251.52517300000181,256.01859200000035
transition,252.42990100000316,256.92331200000626
transition,253.33461499999976,257.8280240000022
transition,254.23932900000364,258.7327480000022
transition,255.14405200000328,259.63748000000487
bike,256.0487439999997,260.54216300000553
bike,256.9534630000053,261.4468940000006
bike,257.85820600000443,262.351628000004
bike,258.76290800000424,263.25633600000583
bike,259.66763200000423,264.16106300000683
bike,260.5723450000005,265.065806000006
bike,261.47704499999963,265.97051900000224
bike,262.38178000000335,266.8752390000009
bike,263.2865180000008,267.7799490000034
bike,264.19121400000586,268.6846730000034
bike,265.095957000005,269.5894150000022
bike,266.0006710000016,270.49412900000607
transition,266.90539100000024,271.3988180000015
transition,267.81013100000564,272.3035730000047
transition,268.7148240000024,273.20828299999994
transition,269.61956700000155,274.1129970000038
transition,270.52428100000543,275.01771200000076
transition,271.4290000000037,275.9224350000004
transition,272.3337240000037,276.82717600000615
transition,273.2384350000066,277.73190000000614
transition,274.14317900000606,278.63661700000375
transition,275.0478629999998,279.54133
bike,275.9525860000067,280.4460700000054
transition,276.85732700000517,281.35077500000625
bike,277.7620520000055,282.2555260000008
bike,278.6667690000031,283.1602600000042
bike,279.57151200000226,284.06498800000554
bike,280.4762520000004,284.96967000000586
bike,281.3809270000056,285.8744030000016
bike,282.2856780000002,286.7791270000016
bike,283.19041200000356,287.68382399999973
bike,284.09513900000456,288.58855100000073
bike,284.9998520000008,289.4932719999997
bike,285.904555000001,290.3979780000009
bike,286.809282000002,291.3027180000063
bike,287.714006000002,292.2074180000054
transition,288.6187030000001,293.1121510000012
transition,289.52342400000634,294.0168240000057
transition,290.4281289999999,294.9215700000059
bike,291.3328690000053,295.8262539999996
bike,292.23756900000444,296.73097800000687
bike,293.1423020000002,297.6357310000021
bike,294.0470060000007,298.54042400000617
bike,294.95172200000525,299.4451610000033
bike,295.85643600000185,300.3498630000031
bike,296.76113000000623,301.25459100000444
bike,297.6658830000015,302.1592740000051
bike,298.5705750000052,303.063986000001
bike,299.4753120000023,303.9687020000056
bike,300.3800140000021,304.873391000001
bike,301.28474200000346,305.778115000001
bike,302.18942600000446,306.68283100000554
bike,303.09416800000326,307.5875520000045
bike,303.9988530000046,308.49226400000043
bike,304.903542,309.3969960000031
bike,305.8082890000005,310.30168300000514
bike,306.7129830000049,311.20642200000293
bike,307.61770300000353,312.1111260000034
bike,308.52241500000673,313.0158440000014
bike,309.4271480000025,313.9205370000054
bike,310.3318650000001,314.8252610000054
bike,311.23657300000195,315.7299550000025
bike,312.14127700000245,316.6346580000027
bike,313.0459950000004,317.53938900000503
bike,313.9506890000048,318.4440820000018
bike,314.8554130000048,319.3488090000028
bike,315.76010600000154,320.2535310000021
bike,316.6648390000046,321.1582180000041
bike,317.56954000000405,322.0629520000002
bike,318.47423400000116,322.9676480000053
bike,319.37896100000216,323.8723400000017
bike,320.28368200000114,324.7770640000017
bike,321.18836900000315,325.68178000000626
bike,322.0931030000065,326.5864570000049
bike,322.99780000000464,327.4911770000035
bike,323.90249100000074,328.3958899999998
bike,324.8072150000007,329.3005900000062
bike,325.7119310000053,330.205292000006
bike,326.61660900000425,331.1100140000053
bike,327.52135900000576,332.0147219999999
bike,328.4260410000061,332.9194110000026
bike,329.3307410000052,333.82413500000257
bike,330.235474000001,334.72884100000374
bike,331.1401660000047,335.6335340000005
bike,332.0448730000062,336.5382660000032
bike,332.9495620000016,337.44297900000674
bike,333.854299000006,338.3476670000018
bike,334.7589930000031,339.2523849999998
bike,335.6636850000068,340.15709900000365
bike,336.5684170000022,341.06184100000246
bike,337.47313000000577,341.9665430000023
bike,338.3778190000012,342.8712250000026
bike,339.2825370000064,343.7759490000026
bike,340.1872500000027,344.6806660000002
bike,341.0919920000015,345.58536200000526
bike,341.9966940000013,346.49006900000677
bike,342.90140700000484,347.3947830000034
bike,343.80610100000195,348.299503000002
bike,344.7108170000065,349.2042070000025
bike,345.6155440000002,350.1089220000067
bike,346.5202200000058,351.0136280000006
bike,347.42493500000273,351.9183300000004
bike,348.32965500000137,352.8230240000048
bike,349.2343580000015,353.7277660000036
bike,350.13907300000574,354.6324440000026
bike,351.04377899999963,355.53715000000375
bike,351.9484819999998,356.4418710000027
bike,352.8532059999998,357.3465920000017
bike,353.75791700000264,358.25128000000404
bike,354.6625950000016,359.1559699999998
bike,355.5673020000031,360.06068100000266
bike,356.47205300000496,360.9653710000057
bike,357.3767430000007,361.870096000006
bike,358.28143100000307,362.7748180000053
bike,359.18612200000643,363.6795160000038
bike,360.0908320000017,364.5842080000002
bike,360.99555300000065,365.48889600000257
bike,361.9002760000003,366.39361000000645
bike,362.8049700000047,367.2983300000051
bike,363.7096670000028,368.2030290000039
bike,364.61436000000685,369.107723000001
bike,365.5190470000016,370.01243400000385
bike,366.4237910000011,370.9171190000052
bike,367.3284810000041,371.8218130000023
bike,368.23318100000324,372.7265170000028
bike,369.137874,373.63120300000446
bike,370.0425850000029,374.5359410000019
bike,370.94727100000455,375.4406320000053
bike,371.8519640000013,376.3453540000046
bike,372.756699000005,377.2500310000032
bike,373.6613850000067,378.1547470000005
bike,374.56609200000094,379.0594340000025
bike,375.4707830000043,379.96412899999996
bike,376.37550600000395,380.868822000004
bike,377.28018200000224,381.77352700000483
bike,378.18489899999986,382.6782560000065
bike,379.08958500000153,383.5829670000021
bike,379.99428000000626,384.48766500000056
bike,380.8989849999998,385.3923649999997
bike,381.8037089999998,386.2970490000007
bike,382.7084080000059,387.20176000000356
bike,383.6131180000011,388.10646100000304
bike,384.5178169999999,389.0111490000054
bike,385.422516000006,389.9158540000062
bike,386.32720100000006,390.820547000003
bike,387.2319110000026,391.72524800000247
bike,388.13661200000206,392.62995400000364
bike,389.04130100000475,393.53463600000396
bike,389.94600500000524,394.4393390000041
bike,390.85069900000235,395.34405100000004
bike,391.7553990000015,396.2487590000019
bike,392.66010500000266,397.1534390000015
bike,393.5647880000033,398.0581560000064
bike,394.46952100000635,398.9628370000064
bike,395.3742330000023,399.8675310000035
bike,396.2789410000041,400.7722420000064
bike,397.18362100000377,401.6769320000021
bike,398.0883380000014,402.58164899999974
bike,398.9930200000017,403.48632900000666
bike,399.89771300000575,404.39104000000225
bike,400.80242400000134,405.29572400000325
bike,401.70711400000437,406.20043799999985
bike,402.611831000002,407.10513999999966
bike,403.5165110000016,408.00982600000134
bike,404.42122100000415,408.9145200000057
bike,405.3259060000055,409.81922000000486
bike,406.23058900000615,410.7239250000057
bike,407.1352920000063,411.62863300000026
bike,408.03997700000036,412.5333230000033
bike,408.94467799999984,413.43802600000345
bike,409.8493710000039,414.3427240000019
bike,410.7540760000047,415.24741900000663
bike,411.6587849999996,416.1521270000012
bike,412.5634740000023,417.0568240000066
bike,413.46817700000247,417.9614920000022
bike,414.37287600000127,418.86618600000656
bike,415.277571000006,419.77086700000655
bike,416.18227900000056,420.675568000006
bike,417.08697600000596,421.5802870000043
bike,417.9916740000044,422.484973000006
bike,418.89636800000153,423.3896820000009
bike,419.8010190000059,424.2943830000004
bike,420.70571900000505,425.19906600000104
bike,421.6104390000037,426.1037620000061
bike,422.515124000005,427.00846500000625
bike,423.4198329999999,427.9131600000037
bike,424.32453499999974,428.8178240000052
bike,425.22921700000006,429.7225410000028
bike,426.13391400000546,430.6272200000021
bike,427.0386170000056,431.5319410000011
bike,427.9433110000027,432.43662400000176
bike,428.84800600000017,433.3413419999997
bike,429.75272300000506,434.2460210000063
bike,430.65737100000115,435.1507400000046
bike,431.5620920000001,436.0553910000017
bike,432.4667760000011,436.96008700000675
bike,433.371493000006,437.8647800000035
bike,434.27617300000566,438.7694760000013
bike,435.1808910000036,439.67417900000146
bike,436.08557300000393,440.5788990000001
bike,436.9902380000058,441.48357000000397
bike,437.8949320000029,442.3882420000009
bike,438.7996270000003,443.29296000000613
bike,439.7043310000008,444.19764200000645
bike,440.6090500000064,445.1023630000054
bike,441.5137520000062,446.0070640000049
bike,442.4183929999999,446.91172700000607
bike,443.3231120000055,447.8164090000064
bike,444.2277930000055,448.7211060000045
bike,445.13251400000445,449.62581100000534
bike,446.03721600000426,450.53047300000617
bike,446.94187900000543,451.4351850000021
bike,447.8465600000054,452.33987600000546
bike,448.7512580000039,453.2445710000029
bike,449.65596200000437,454.1492800000051
bike,450.56065500000113,455.0539510000017
bike,451.4653360000011,455.95864400000573
bike,452.3700280000048,456.8633270000064
bike,453.27472200000193,457.76802500000485
bike,454.1794310000041,458.6727450000035
bike,455.08413300000393,459.57741100000567
bike,455.98878500000137,460.48211700000684
bike,456.8934780000054,461.3867989999999
bike,457.7981770000042,462.29150200000004
bike,458.7028960000025,463.19616099999985
bike,459.60759300000063,464.10088499999983
bike,460.51226800000586,465.0055740000025
bike,461.4169510000065,465.91026799999963
bike,462.32165300000634,466.8149240000057
bike,463.2263430000021,467.71962200000416
bike,464.13103600000613,468.6243320000067
bike,465.0357260000019,469.5290340000065
bike,465.94041900000593,470.4337150000065
bike,466.84510600000067,471.3384010000009
bike,467.7497730000032,472.24310700000206
bike,468.65448400000605,473.14779900000576
bike,469.5591850000055,474.052463
bike,470.46389700000145,474.95715600000403
bike,471.36855300000025,475.8618590000042
bike,472.2732580000011,476.76652900000045
bike,473.1779500000048,477.67122300000483
bike,474.0826140000063,478.5759270000053
bike,474.9873080000034,479.48058900000615
transition,475.8920100000032,480.38529800000106
transition,476.7967110000027,481.2899860000034
transition,477.70137400000385,482.1946590000007
transition,478.6060790000047,483.0993589999998
transition,479.5107710000011,484.0040530000042
transition,480.4154490000001,484.90871800000605
bike,481.32013700000243,485.8134160000045
bike,482.2248410000029,486.718117000004
bike,483.12951100000646,487.6228270000065
bike,484.0342060000039,488.5274930000014
bike,484.938900000001,489.43218800000614
bike,485.84356700000353,490.33689400000003
bike,486.74826900000335,491.24155900000187
bike,487.65297800000553,492.14626500000304
bike,488.55764400000044,493.05095400000573
bike,489.4623400000055,493.95561600000656
bike,490.3670450000063,494.86032700000214
bike,491.2717410000041,495.7650280000016
bike,492.17641600000206,496.66967500000464
bike,493.0811060000051,497.5743960000036
bike,493.98579900000186,498.47907600000326
bike,494.89047800000117,499.38376500000595
bike,495.79517900000064,500.2884480000066
bike,496.69982600000367,501.1931360000017
bike,497.604548000003,502.09782200000336
bike,498.5092270000023,503.00251600000047
bike,499.413916000005,503.9071840000033
bike,500.31859900000563,504.81187100000534
bike,501.2233180000039,505.7165950000053
bike,502.1279740000027,506.62124700000277
bike,503.0326720000012,507.5259540000043
bike,503.93733500000235,508.4306380000053
bike,504.84202200000436,509.33533400000306
bike,505.7467470000047,510.24001800000406
bike,506.65139900000213,511.1446850000066
bike,507.5561050000033,512.0494030000045
bike,508.46079000000464,512.9540960000013
bike,509.3654850000021,513.8587400000033
bike,510.2701700000034,514.7634590000016
bike,511.17486700000154,515.6681520000056
transition,512.0795540000036,516.5728750000053
transition,512.9842480000007,517.4775920000029
transition,513.8889210000052,518.3823090000005
transition,514.793611000001,519.2870230000044
transition,515.6983340000006,520.1917119999998
bike,516.6030260000043,521.0964310000054
bike,517.5077440000023,522.0011250000025
bike,518.4124590000065,522.9058590000059
bike,519.3171750000038,523.810562000006
bike,520.2218630000061,524.7152960000021
bike,521.1265820000044,525.6199840000045
bike,522.0312760000015,526.5246960000004
bike,522.9360100000049,527.4294260000024
bike,523.8407140000054,528.3341010000004
bike,524.7454480000015,529.238830000002
bike,525.6501350000035,530.1435450000063
bike,526.5548770000023,531.0482390000034
bike,527.4595770000014,531.9529500000062
bike,528.3642529999997,532.857680000001
bike,529.2689810000011,533.7623550000062
bike,530.1736960000053,534.6670630000008
bike,531.0784080000012,535.5717710000026
bike,531.9831020000056,536.4765070000067
bike,532.8878320000003,537.3811930000011
bike,533.7925060000052,538.2858990000022
bike,534.6972139999998,539.1906150000068
bike,535.6019530000049,540.0953310000041
bike,536.506659000006,541.0000250000012
bike,537.4113440000001,541.904724
bike,538.3160500000013,542.8094270000001
bike,539.2207660000058,543.7141020000054
bike,540.1254830000034,544.6188360000015
bike,541.0301760000002,545.523540000002
bike,541.9348760000066,546.4282210000019
bike,542.8396090000024,547.3329030000023
bike,543.7442840000003,548.2376040000017
bike,544.6489870000005,549.1423150000046
bike,545.5536920000013,550.0470090000017
bike,546.4584030000042,550.9517030000061
bike,547.3630850000045,551.8563990000039
bike,548.2677550000008,552.7610540000023
bike,549.172467000004,553.6657660000055
bike,550.0771600000007,554.5704720000067
bike,550.9818550000055,555.4751550000001
bike,551.8865500000029,556.379832000006
transition,552.7912060000017,557.2845230000021
transition,553.6959170000046,558.1892220000009
transition,554.6006240000061,559.0939130000042
transition,555.5053060000064,559.9986070000014
transition,556.409983000005,560.9032880000013
transition,557.3146740000011,561.8079639999996
transition,558.2193740000002,562.7126590000044
bike,559.1240650000036,563.6173510000008
bike,560.0287580000004,564.5220470000058
bike,560.9334390000004,565.4267350000009
bike,561.8381460000019,566.3314390000014
bike,562.7428110000037,567.2360920000065
bike,563.6475019999998,568.1408080000037
bike,564.5522290000008,569.0455010000005
bike,565.4568859999999,569.9501670000027
bike,566.3615910000008,570.8548620000001
bike,567.2662440000058,571.7595410000067
bike,568.1709590000028,572.664217000005
bike,569.0756529999999,573.5689140000031
bike,569.9803180000017,574.4735910000018
bike,570.8850130000064,575.3782860000065
bike,571.7896930000061,576.2829630000051
bike,572.694368000004,577.1876770000017
bike,573.5990960000054,578.0923400000029
bike,574.5037420000008,578.9970350000003
bike,575.4084370000055,579.901724000003
bike,576.3131150000045,580.8063800000018
bike,577.2178280000007,581.7110880000037
transition,578.1225240000058,582.6157720000047
transition,579.0271869999997,583.5204640000011
transition,579.931875000002,584.4251680000016
transition,580.8365320000012,585.3298430000068
transition,581.7412390000027,586.2345270000005
transition,582.6459230000037,587.1391900000017
transition,583.5506160000004,588.0438830000057
bike,584.4553190000006,588.9486030000044
bike,585.3599950000062,589.8532580000028
bike,586.2646780000068,590.7579540000006
bike,587.1693720000039,591.6626470000047
bike,588.0740350000051,592.5673300000053
bike,588.9787540000034,593.4720260000031
transition,589.8834100000022,594.3767090000038
transition,590.7881049999996,595.2813950000054
transition,591.692799000004,596.1860809999998
transition,592.5974820000047,597.090744000001
bike,593.5021770000021,597.9954670000006
bike,594.406891000006,598.9001710000011
bike,595.3115460000045,599.8048240000062
bike,596.2162330000065,600.7095160000026
bike,597.1208960000004,601.6142220000038
bike,598.0256179999997,602.5188800000033
bike,598.9303220000002,603.4236000000019
bike,599.8349750000052,604.3282930000059
bike,600.739668000002,605.232978
bike,601.6443730000028,606.137671000004
bike,602.5490310000023,607.0424270000003
bike,603.4537510000009,607.947119000004
bike,604.3584450000053,608.8518120000008
bike,605.2631290000063,609.7565470000045
bike,606.1678840000022,610.6612470000036
bike,607.0725780000066,611.565932000005
bike,607.9772710000034,612.4706460000016
bike,608.8819629999998,613.3753300000026
bike,609.7866980000035,614.2800550000029
transition,610.691399000003,615.1847680000064
transition,611.596083000004,616.0894620000036
transition,612.5007970000006,616.9941500000059
transition,613.4055120000048,617.8988520000057
transition,614.3102070000023,618.8035480000035
bike,615.2149190000055,619.708243000001
bike,616.1196130000026,620.6129650000003
bike,617.0243020000053,621.5176500000016
bike,617.9290030000047,622.4223689999999
bike,618.8337000000029,623.327068000006
bike,619.738394,624.2317680000051
bike,620.6431160000066,625.1364620000022
bike,621.547802000001,626.0411330000061
bike,622.4525200000062,626.9458530000047
bike,623.3572200000053,627.8505530000039
bike,624.2619190000041,628.7552480000013
bike,625.1665910000011,629.6599459999998
bike,626.0712850000054,630.5646420000048
bike,626.9760040000037,631.469345000005
bike,627.8807050000032,632.374029000006
bike,628.7853990000003,633.278753000006
bike,629.6900970000061,634.1834310000049
bike,630.5947940000042,635.0880940000061
bike,631.499496000004,635.9927940000052
bike,632.4041810000053,636.8975040000005
bike,633.308904000005,637.8021980000049
bike,634.213582000004,638.7068900000013
bike,635.1182760000011,639.6115960000025
bike,636.0229760000002,640.5163020000036
bike,636.9276860000027,641.4210000000021
bike,637.8323780000064,642.3256850000034
bike,638.7370420000007,643.2303860000029
bike,639.6417470000015,644.13508
bike,640.546454000003,645.0397880000019
bike,641.4511510000011,645.9444930000027
bike,642.3558360000025,646.8491830000057
bike,643.2605380000023,647.7538730000015
bike,644.1652310000063,648.6585720000003
bike,645.0699400000012,649.5632800000021
transition,645.9746440000017,650.4679920000053
transition,646.8793340000047,651.3726650000026
transition,647.7840250000008,652.2773660000021
transition,648.6887230000066,653.1820600000065
transition,649.5934320000015,654.086771000002
transition,650.4981430000043,654.9914630000058
transition,651.4028160000016,655.8961680000066
transition,652.3075180000014,656.8008650000047
transition,653.2122290000043,657.7055660000042
transition,654.1169230000014,658.6102780000001
transition,655.0216140000048,659.514995000005
transition,655.9263190000056,660.4196920000031
transition,656.8310170000041,661.3244110000014
transition,657.7357470000061,662.2291060000061
transition,658.6404600000023,663.1338000000032
transition,659.545146000004,664.0384919999997
transition,660.4498440000025,664.9431790000017
transition,661.3545620000004,665.8478700000051
transition,662.2592580000055,666.7525760000062
transition,663.1639510000023,667.6572740000047
transition,664.068643000006,668.5619680000018
transition,664.973331000001,669.466714000002
transition,665.8780210000041,670.3714190000028
transition,666.7827280000056,671.2761240000036
transition,667.6874250000037,672.1808480000036
transition,668.592150000004,673.0855179999999
transition,669.496865000001,673.9902419999999
transition,670.401601000005,674.8949380000049
transition,671.3063060000059,675.7996330000024
transition,672.2109750000018,676.7144040000057
transition,673.1156690000062,677.6190970000025
transition,674.0203940000065,678.5237850000049
transition,674.9250890000039,679.4335010000068
transition,675.8297850000017,680.3432700000048
bike,676.7445550000048,681.2529810000051
transition,677.6492490000019,682.1677140000029
transition,678.5539360000039,683.0824760000032
transition,679.4636520000058,683.987172000001
transition,680.3734210000039,684.8918700000067
transition,681.2831320000041,685.8016290000014
transition,682.1978660000023,686.7063330000019
transition,683.1126270000022,687.6160520000049
run,684.0173240000004,688.5258110000068
transition,684.9220210000058,689.4304970000012
transition,685.8317800000004,690.3452749999997
run,686.7364850000013,691.2499720000051
run,687.6462030000039,692.1546650000018
run,688.5559630000062,693.0593520000039
run,689.4656530000066,693.964104000006
run,690.3754270000063,694.8687930000015
run,691.2801230000041,695.7734780000028
run,692.1848170000012,696.6782210000019
run,693.0895340000061,697.5829330000051
run,693.9942560000054,698.4876280000026
run,694.8989440000005,699.3923360000044
run,695.803660000005,700.2970550000027
run,696.7083730000013,701.2017489999998
run,697.6130840000042,702.1064330000008
run,698.5177790000016,703.0111570000008
run,699.4224870000035,703.9158550000066
run,700.3272070000021,704.8205770000059
run,701.2319000000061,705.7252890000018
run,702.1366150000031,706.629995000003
run,703.0413079999998,707.5346879999997
run,703.9460070000059,708.4394150000007
run,704.8507590000008,709.344133000006
run,705.7554400000008,710.2488160000066
run,706.660146000002,711.1535400000066
run,707.564870000002,712.0582360000044
run,708.4695670000001,712.9629520000017
run,709.374284000005,713.8676410000044
run,710.2789670000057,714.7723740000001
run,711.1836910000056,715.6770730000062
run,712.0883880000038,716.5817560000069
run,712.9931030000007,717.4865060000011
run,713.8978220000063,718.3912110000019
run,714.8025250000064,719.2959050000063
run,715.7072250000056,720.2006290000063
run,716.6119380000018,721.1053220000031
run,717.5166570000001,722.0100210000019
run,718.421362000001,722.9147250000024
run,719.3260570000057,723.819451000003
run,720.2307810000057,724.7241500000018
run,721.1354730000021,725.6288540000023
run,722.0401720000009,726.5335790000026
run,722.9449070000046,727.4382740000001
run,723.8496030000024,728.3429680000045
run,724.7543010000009,729.2476920000045
run,725.6590360000046,730.1523910000033
run,726.5637300000017,731.0570900000021
run,727.4684260000067,731.9618030000056
run,728.3731190000035,732.8665250000049
run,729.2778480000052,733.7712410000022
run,730.1825420000023,734.67598
run,731.0872410000011,735.5807090000017
run,731.9919850000006,736.4854590000032
run,732.8966760000039,737.3902369999996
run,733.8013920000012,738.2949750000043
run,734.7061310000063,739.1997289999999
run,735.6108910000039,740.1044850000035
run,736.5156100000022,741.009235000005
run,737.4203890000063,741.9139869999999
run,738.3251260000034,742.8187539999999
run,739.2298810000066,743.7235070000024
run,740.1346360000025,744.6282800000045
run,741.039386000004,745.5330500000055
run,741.9441390000065,746.4377870000026
run,742.8489050000062,747.3425650000063
run,743.7536590000018,748.2473500000051
run,744.6584310000035,749.1521070000017
run,745.5632010000045,750.0568710000007
run,746.4679390000019,750.9616230000029
run,747.3727470000013,751.8663760000054
run,748.2775020000045,752.7711259999996
run,749.1822580000007,753.6759070000044
run,750.087023,754.5806380000067
run,750.9917740000019,755.485388000001
run,751.8965270000044,756.3901480000059
run,752.8012780000063,757.304916000001
run,753.7060580000034,758.2146750000029
run,754.6108200000017,759.1194000000032
run,755.515539,760.0241640000022
run,756.4203000000052,760.9288780000061
run,757.3350980000032,761.8336250000066
run,758.2448270000023,762.7383640000044
run,759.1495520000026,763.6431090000042
run,760.0543150000012,764.5478340000045
run,760.9590310000058,765.4626019999996
run,761.8637770000059,766.372417000006
run,762.7685460000066,767.2771410000059
run,763.6732600000032,768.1818580000036
run,764.5779860000039,769.0865950000007
run,765.4927830000015,769.9913000000015
run,766.402568000005,770.8960230000012
run,767.3072850000026,771.8007320000033
run,768.2120090000026,772.7054790000038
run,769.1167459999997,773.6101699999999
run,770.0214810000034,774.5149180000008
run,770.9261740000002,775.4196470000024
run,771.8308830000024,776.3243300000031
run,772.7356300000029,777.2290550000034
run,773.6403510000018,778.1337980000026
run,774.5450689999998,779.038496000001
run,775.4497980000015,779.9432130000059
run,776.3545120000053,780.8479000000007
run,777.2592060000025,781.7526360000047
run,778.1639490000016,782.6573380000045
run,779.0686480000004,783.562073000001
run,779.9733650000053,784.4667790000021
run,780.8780509999997,785.3715120000052
run,781.7827870000037,786.2762050000019
run,782.6874890000036,787.1809210000065
run,783.592224,788.0856310000017
run,784.4969310000015,788.990310000001
run,785.4016630000042,789.8950480000058
run,786.3063570000013,790.7997380000015
run,787.2110730000059,791.7044700000042
run,788.1157820000008,792.609169000003
run,789.0204920000033,793.5138850000003
run,789.9251990000048,794.4186180000033
run,790.8298900000009,795.3233110000001
run,791.7346220000036,796.2280290000053
run,792.639320000002,797.1327410000013
run,793.5440660000022,798.0374120000051
run,794.4487690000024,798.9421440000006
run,795.3534570000047,799.8468500000017
run,796.2581810000047,800.7515580000036
run,797.1628920000003,801.6562700000068
run,798.0675630000042,802.5609930000064
run,798.9722950000069,803.4656730000061
run,799.8770020000011,804.3704160000052
run,800.7817400000058,805.2751100000023
run,801.6864210000058,806.179793000003
run,802.5911440000054,807.0845240000053
run,803.495855000001,807.9892210000035
run,804.4005680000046,808.893931000006
run,805.3052610000013,809.7986270000038
run,806.209944000002,810.7033480000027
run,807.1146750000044,811.608067000001
run,808.0193730000028,812.5127520000024
run,808.924082000005,813.4174679999996
run,809.828809000006,814.322193
run,810.7334990000018,815.226874
run,811.6382190000004,816.1315750000067
run,812.5429030000014,817.0362660000028
run,813.4476500000019,817.9410130000033
run,814.3523440000063,818.8457140000028
run,815.2570260000066,819.7503890000007
run,816.1617260000057,820.6550950000019
run,817.066448000005,821.559841000002
run,817.9711650000027,822.4645260000034
run,818.8758650000018,823.3692370000063
run,819.7805390000067,824.273930000003
run,820.6852770000041,825.1786100000027
run,821.5899930000014,826.0833460000067
run,822.4946770000024,826.9880610000037
run,823.3993880000053,827.8927620000031
run,824.3040820000024,828.7974450000038
run,825.2087920000049,829.702154000006
run,826.1134970000057,830.6068400000004
run,827.0182120000027,831.5115839999999
run,827.9229140000025,832.4162700000015
run,828.8275960000028,833.3209630000056
run,829.7323060000053,834.2256800000032
run,830.6370220000026,835.1303700000062
run,831.5417350000062,836.035063000003
run,832.4464210000006,836.9397880000033
run,833.3511150000049,837.8444940000045
run,834.2558310000022,838.7491900000023
run,835.1605220000056,839.6538830000063
run,836.0652450000052,840.5585980000033
run,836.9699400000027,841.4632850000053
run,837.8746450000035,842.3680090000053
run,838.7793420000016,843.2727130000058
run,839.6840340000053,844.1774160000059
run,840.5887490000023,845.082116000005
run,841.4934670000002,845.9868029999998
run,842.3981710000007,846.8914970000042
run,843.3028640000048,847.7962460000053
run,844.2075670000049,848.7009270000053
run,845.1122680000044,849.6056270000045
run,846.0169540000061,850.5103430000017
run,846.9216790000064,851.4150250000021
run,847.8263970000044,852.3197190000064
run,848.7310780000043,853.2244290000017
run,849.6357780000035,854.129117000004
run,850.5404950000011,855.0338740000007
run,851.4451760000011,855.938559000002
run,852.3498700000055,856.8432470000043
run,853.2545800000007,857.7479579999999
run,854.1592990000063,858.6526490000033
run,855.0640249999997,859.5573400000067
run,855.9687110000013,860.4670560000013
run,856.8733980000034,861.3768160000036
run,857.7781090000062,862.2865180000008
run,858.6828010000027,863.1912230000016
run,859.5874910000057,864.1009919999997
run,860.4972080000007,865.0056980000008
run,861.4069670000026,865.9103990000003
run,862.3166700000002,866.815085000002
run,863.2213740000007,867.7197990000059
run,864.1311440000063,868.6295050000044
run,865.0358489999999,869.5342230000024
run,865.9405490000063,870.4439770000026
run,866.8452670000042,871.3486709999997
run,867.7499510000052,872.2533739999999
run,868.6596560000035,873.1580840000024
run,869.5643740000014,874.0627950000053
run,870.4741280000017,874.9674940000041
run,871.378822000006,875.8722000000053
run,872.2835260000065,876.7769230000049
run,873.1882660000047,877.681614000001
run,874.0929460000043,878.5863220000028
run,874.9976450000031,879.4910400000008
run,875.9023520000046,880.3957640000008
run,876.8070750000043,881.3004480000018
run,877.711765,882.2051580000043
run,878.6164740000022,883.1098520000014
run,879.521222000003,884.0145890000058
run,880.4259160000001,884.919292000006
run,881.3305990000008,885.8239700000049
run,882.2353100000037,886.7286860000022
run,883.1400340000037,887.6333730000042
run,884.0447410000052,888.538109000001
run,884.949443000005,889.4428150000022
run,885.8541220000043,890.3475090000065
run,886.7588370000012,891.2522020000033
run,887.6635540000061,892.1569030000028
run,888.56826,893.0615830000024
run,889.4729670000015,893.966293000005
run,890.3776600000056,894.8710310000024
run,891.2823540000027,895.7757160000037
run,892.1870540000018,896.6804180000036
run,893.0917650000047,897.5851260000054
run,893.9964749999999,898.4898270000049
run,894.9011830000018,899.3945200000016
run,895.8058670000028,900.2992220000015
run,896.7105690000026,901.2039300000033
run,897.6152780000048,902.1086340000038
run,898.5199780000039,903.013343000006
run,899.424672000001,903.9180480000068
run,900.3294040000037,904.8227470000056
run,901.2340820000027,905.7274410000027
run,902.1387850000028,906.6321510000053
run,903.0434950000054,907.5368250000029
run,903.9481990000058,908.441519
run,904.8528980000046,909.346252000003
run,905.7575930000021,910.250973000002
run,906.6623020000043,911.1556700000001
run,907.5670070000051,912.0603450000053
run,908.4717100000053,912.9650700000057
run,909.376403000002,913.8697540000067
run,910.281124000001,914.7744390000007
run,911.1858220000067,915.6791480000029
run,912.0904960000044,916.5838550000044
run,912.9952210000047,917.4885649999997
run,913.899906000006,918.3932580000037
run,914.8045899999997,919.2979350000023
run,915.7093000000023,920.2026420000038
run,916.6140060000034,921.1073720000059
run,917.518716000006,922.0120790000001
run,918.4234100000031,922.9167850000013
run,919.3281170000046,923.8214590000061
run,920.2328240000061,924.7261740000031
run,921.1375240000052,925.6308660000068
run,922.0422300000064,926.5355680000066
run,922.9469360000003,927.4402620000037
run,923.8516110000055,928.3449529999998
run,924.7563250000021,929.249665000003
run,925.6610180000062,930.154398000006
run,926.5657190000056,931.0590750000047
run,927.4704130000027,931.9637990000047
run,928.3751050000064,932.8684720000019
run,929.2798470000052,933.7781940000059
run,930.1845490000051,934.6879340000014
run,931.0892260000037,935.5976170000067
run,931.993951000004,936.507408000005
run,932.898623000001,937.4171070000011
run,933.8083460000053,938.321781000006
run,934.7180860000008,939.2264810000052
run,935.6277680000057,940.1311840000053
run,936.5375600000043,941.0358820000038
run,937.4472580000001,941.9405970000007
run,938.3519330000054,942.8452969999998
run,939.2566320000042,943.7499770000068
run,940.1613350000043,944.6546910000034
run,941.0660340000031,945.5593860000008
run,941.9707479999997,946.4641100000008
run,942.8754480000061,947.3688030000048
run,943.7801280000058,948.2734960000016
run,944.6848420000024,949.1782110000058
run,945.589568000003,950.0828920000058
run,946.4942620000002,950.9876020000011
run,947.3989540000039,951.8922880000027
run,948.3036470000006,952.7969950000042
run,949.2083630000052,953.7017150000029
run,950.1130430000048,954.6063900000008
run,951.0177540000004,955.5110830000049
run,951.9224390000018,956.4157950000008
run,952.8271460000033,957.3204840000035
run,953.7318670000022,958.2251770000003
run,954.6365409999999,959.1299030000009
run,955.541253000003,960.0345980000056
run,956.4459459999998,960.939280000006
run,957.3506350000025,961.8439800000051
run,958.2553289999996,962.748689
run,959.160054,963.6584620000067
run,960.064750000005,964.5681530000002
run,960.969431000005,965.4728160000013
run,961.8741310000041,966.3825910000014
run,962.7788410000067,967.2922959999996
run,963.6886130000057,968.1969940000054
run,964.5983050000068,969.1016950000048
run,965.5029980000036,970.0063700000028
run,966.4127420000004,970.9211250000008
run,967.3224480000063,971.8308990000005
run,968.2271450000044,972.7456350000066
run,969.1318460000039,973.6553370000038
run,970.0365220000022,974.5600390000036
run,970.9512759999998,975.4647320000004
run,971.8610500000068,976.3694109999997
run,972.775787000006,977.2741310000056
run,973.6854880000028,978.1788360000064
run,974.5901900000026,979.0835270000025
run,975.4948839999997,979.9882290000023
run,976.399562000006,980.8929350000035
run,977.304283000005,981.7976080000008
run,978.2089870000054,982.702320000004
run,979.1136780000015,983.6070200000031
run,980.0183810000017,984.5117129999999
run,980.9230860000025,985.4164260000034
run,981.8277600000001,986.3211140000058
run,982.732471000003,987.2257950000057
run,983.6371710000021,988.1305070000017
run,984.5418650000065,989.0352130000028
run,985.4465770000024,989.939919000004
run,986.3512660000051,990.8446140000015
run,987.2559460000048,991.7492860000057
run,988.1606580000007,992.6539709999997
run,989.0653650000022,993.5586750000002
run,989.970070000003,994.4633680000043
run,990.8747660000008,995.368064000002
run,991.7794680000006,996.2727610000002
run,992.684153000002,997.1774540000042
run,993.5888260000065,998.0821490000017
run,994.4935200000036,998.9868730000017
run,995.3982150000011,999.8915690000067
run,996.3029120000065,1000.7962140000018
run,997.2076050000032,1001.7009130000006
run,998.1123000000007,1002.6056250000038
run,999.017025000001,1003.5103190000009
run,999.9217200000057,1004.4150250000021
run,1000.826396000004,1005.3197280000022
run,1001.7310940000025,1006.2244160000046
run,1002.6357770000031,1007.1291330000022
run,1003.5404699999999,1008.0338110000012
run,1004.4451770000014,1008.9385140000013
run,1005.3498790000012,1009.8432250000042
run,1006.2545670000036,1010.7479130000065
run,1007.1592850000015,1011.6526120000053
run,1008.0639620000002,1012.5572750000065
run,1008.9686660000007,1013.4619810000004
run,1009.8733760000032,1014.3666860000012
run,1010.7780640000055,1015.2713629999998
run,1011.6827640000047,1016.1760810000051
run,1012.5874690000055,1017.0807830000049
run,1013.4921630000026,1017.9854610000039
run,1014.3968670000031,1018.8901850000038
run,1015.3015150000065,1019.7948610000021
run,1016.2062320000041,1020.6995740000057
run,1017.1109350000042,1021.6042630000011
run,1018.0156120000029,1022.5089570000055
run,1018.9203360000029,1023.4136620000063
run,1019.8250130000015,1024.3183690000005
run,1020.7297250000047,1025.223073000001
run,1021.6344150000004,1026.127751
run,1022.5391080000045,1027.0324690000052
run,1023.4438130000053,1027.9371660000033
run,1024.348521,1028.8418500000043
run,1025.253224,1029.7465370000064
run,1026.1579030000066,1030.6512150000053
run,1027.0626200000042,1031.555908000002
run,1027.9673170000024,1032.4606039999999
run,1028.8720020000037,1033.3653240000058
run,1029.7767190000013,1034.2700040000054
run,1030.6813970000003,1035.1747250000044
run,1031.5860900000043,1036.0794010000027
run,1032.4907540000058,1036.9841140000062
run,1033.3954750000048,1037.8888080000033
run,1034.3001560000048,1038.7935200000065
run,1035.2048760000034,1039.6982170000047
run,1036.1095520000017,1040.6029110000018
run,1037.0142660000056,1041.507614000002
run,1037.9189590000024,1042.4122910000006
run,1038.823672000006,1043.3170150000005
run,1039.7283680000037,1044.2216970000009
run,1040.6330720000042,1045.1264160000064
run,1041.537765000001,1046.0310600000012
run,1042.4424420000068,1046.935759
run,1043.347167,1047.8404730000038
run,1044.2518479999999,1048.7451610000062
run,1045.1565670000055,1049.6498730000021
run,1046.0612420000034,1050.5545670000065
run,1046.9659410000022,1051.4592570000023
run,1047.8706240000029,1052.3639690000055
run,1048.7753130000056,1053.268646000004
run,1049.6800240000011,1054.1733520000053
run,1050.5847180000055,1055.0780610000002
run,1051.4894090000016,1055.9827210000003
run,1052.3941200000045,1056.8874360000045
run,1053.2987980000034,1057.7921330000027
run,1054.2035030000043,1058.696818000004
run,1055.1082120000065,1059.6015110000008
run,1056.0129030000026,1060.5062000000034
run,1056.917588000004,1061.410907000005
run,1057.8222840000017,1062.3156090000048
run,1058.726969000003,1063.2202710000056
run,1059.6316580000057,1064.1249850000022
run,1060.5363510000025,1065.0296750000052
run,1061.4410590000043,1065.934380000006
run,1062.3457600000038,1066.839092000002
run,1063.2504530000006,1067.7437870000067
run,1064.1551360000012,1068.6484460000065
run,1065.0598270000046,1069.5531400000036
run,1065.964531000005,1070.4578450000045
run,1066.8692440000013,1071.362525000004
run,1067.7739380000057,1072.2672290000046
run,1068.6786280000015,1073.1719350000058
run,1069.5832910000026,1074.0766010000007
run,1070.4879970000038,1074.9812940000047
run,1071.3926760000031,1075.8860010000062
run,1072.2973800000036,1076.7907059999998
run,1073.2020870000051,1077.6953960000028
run,1074.106783000003,1078.600059000004
run,1075.0114450000037,1079.5047700000068
run,1075.916154000006,1080.4094500000065
run,1076.820857000006,1081.314170000005
run,1077.7255470000018,1082.2188370000003
run,1078.6302410000062,1083.1235400000005
run,1079.5349220000062,1084.0282300000035
run,1080.4396010000055,1084.9329390000057
run,1081.3443210000041,1085.8376000000062
run,1082.2490190000026,1086.7423070000004
run,1083.1536919999999,1087.6470010000048
run,1084.0583810000026,1088.5516900000002
run,1084.963091000005,1089.456395000001
run,1085.8677810000008,1090.3610590000026
run,1086.7724589999998,1091.2657550000004
run,1087.6771480000025,1092.1704700000046
run,1088.5818420000069,1093.0751470000032
run,1089.486546,1093.9798170000067
run,1090.3912100000016,1094.8845380000057
run,1091.2959060000067,1095.7892090000023
run,1092.200622000004,1096.693938000004
run,1093.1052980000022,1097.5986010000051
run,1094.0099680000058,1098.5032870000068
run,1094.9146890000047,1099.4079990000027
run,1095.8193610000017,1100.312672
run,1096.724089000003,1101.2173410000032
run,1097.6287520000042,1102.1220420000027
run,1098.5334390000062,1103.0267440000025
run,1099.4381500000018,1103.9314330000052
run,1100.3428230000063,1104.8361070000028
run,1101.2474920000022,1105.7408060000016
run,1102.152194000002,1106.645500000006
run,1103.0568950000015,1107.550181000006
run,1103.9616150000002,1108.4548790000044
run,1104.8662580000018,1109.3595910000004
run,1105.770958000001,1110.2642380000034
run,1106.675651000005,1111.168948000006
run,1107.580363000001,1112.0736570000008
run,1108.4850300000035,1112.9783580000003
run,1109.3897429999997,1113.8830190000008
run,1110.2944200000056,1114.7877080000035
run,1111.199099000005,1115.692415000005
run,1112.1038090000002,1116.5970780000061
run,1113.0085090000066,1117.501777000005
run,1113.9131699999998,1118.4064900000012
run,1114.8178590000025,1119.311139000005
run,1115.7225670000043,1120.2158550000022
run,1116.6272300000055,1121.1205320000008
run,1117.531928000004,1122.0252130000008
run,1118.4366410000002,1122.929913
run,1119.3413209999999,1123.834606000004
run,1120.2460070000016,1124.7392740000068
run,1121.1506829999998,1125.643968000004
run,1122.055395000003,1126.5486799999999
run,1122.9600640000062,1127.4533310000043
run,1123.8647580000033,1128.358033000004
run,1124.7694260000062,1129.2627420000063
run,1125.674119000003,1130.1674230000062
run,1126.5788310000062,1131.0721050000066
run,1127.4834820000033,1131.9767800000045
run,1128.3881850000034,1132.8814890000067
run,1129.2928930000053,1133.7861660000053
run,1130.1975740000053,1134.6908290000065
run,1131.102257000006,1135.5955320000066
run,1132.0069610000064,1136.5002490000043
run,1132.911641000006,1137.4049090000044
run,1133.8163170000043,1138.3095970000068
run,1134.7209900000016,1139.2142630000017
run,1135.625684000006,1140.1189610000001
run,1136.5304000000033,1141.0236680000016
run,1137.4350610000038,1141.9283460000006
run,1138.3397480000058,1142.8330550000028
run,1139.244445000004,1143.7377000000051
run,1140.1491130000068,1144.642393000002
run,1141.0538190000007,1145.5470940000014
run,1141.958498,1146.4517730000007
run,1142.8632060000018,1147.3564810000025
run,1143.767882,1148.2611539999998
run,1144.6725450000013,1149.1658500000049
run,1145.5772450000004,1150.0705340000059
run,1146.4819239999997,1150.9752150000058
run,1147.3866320000016,1151.8799070000023
run,1148.291336000002,1152.784587000002
run,1149.1960020000042,1153.689280000006
run,1150.100685000005,1154.5939830000061
run,1151.0053660000049,1155.4986310000022
run,1151.9100580000013,1156.403336000003
run,1152.8147690000042,1157.3080430000045
run,1153.7194320000053,1158.2127150000015
run,1154.6241340000051,1159.1174070000052
run,1155.5287820000012,1160.0220650000047
run,1156.433487000002,1160.9267660000041
run,1157.338195000004,1161.8314860000028
run,1158.2428670000008,1162.736149000004
run,1159.1475580000042,1163.6408190000002
run,1160.0522469999996,1164.5455310000034
run,1160.9569170000032,1165.450217000005
run,1161.8616380000021,1166.3548970000047
run,1162.7662770000024,1167.2595910000018
run,1163.6709700000065,1168.1643080000067
run,1164.5756820000024,1169.0689770000026
run,1165.480399,1169.9736709999997
run,1166.385049000004,1170.8783230000045
run,1167.2897420000008,1171.783027000005
run,1168.194460000006,1172.6877200000017
run,1169.0991280000017,1173.5923850000036
run,1170.0038230000064,1174.497095000006
run,1170.9085050000067,1175.401776000006
run,1171.813178000004,1176.3064640000011
run,1172.717872000001,1177.2111240000013
run,1173.6225360000026,1178.1158400000058
run,1174.5272480000058,1179.0205300000016
run,1175.431958000001,1179.925209000001
run,1176.3366150000002,1180.8298910000012
run,1177.2413060000035,1181.7345540000024
run,1178.1459910000049,1182.6392650000053
run,1179.0506810000006,1183.5439340000012
run,1179.9553610000003,1184.448645000004
run,1180.8600420000002,1185.3532900000064
run,1181.764722,1186.258010000005
run,1182.6694160000043,1187.162679000001
run,1183.5740850000002,1188.0673550000065
run,1184.4787970000034,1188.972029000004
run,1185.3834420000057,1189.8767490000027
run,1186.288161000004,1190.7814010000002
run,1187.19283,1191.6860950000046
run,1188.0975060000055,1192.5907790000056
run,1189.0021800000031,1193.4954590000052
run,1189.906901000002,1194.4001250000001
run,1190.8115520000065,1195.304849
run,1191.7162460000036,1196.2095210000043
run,1192.6209300000046,1197.1141990000033
run,1193.5256100000042,1198.0188630000048
run,1194.4302760000064,1198.9235410000038
run,1195.3350010000067,1199.8282520000066
run,1196.2396730000037,1200.7329150000005
run,1197.1443500000023,1201.6376110000056
run,1198.0490140000038,1202.5422770000005
run,1198.953723000006,1203.4469750000062
run,1199.8584030000056,1204.3516369999998
run,1200.7630970000027,1205.256349000003
run,1201.667763000005,1206.1610180000062
run,1202.5724280000068,1207.0656980000058
run,1203.4771270000056,1207.9703800000061
run,1204.3817890000064,1208.8750910000017
run,1205.286500000002,1209.7797540000029
run,1206.1911690000052,1210.6844270000001
run,1207.0958490000048,1211.5891080000001
run,1208.0005310000051,1212.493813000001
run,1208.905243000001,1213.3984920000003
run,1209.8098850000024,1214.303175000001
run,1210.7145780000064,1215.2078430000038
run,1211.6192590000064,1216.1125470000043
run,1212.523964,1217.0172230000026
run,1213.4286430000066,1217.9219150000063
run,1214.3333270000003,1218.8265730000057
run,1215.2379950000031,1219.7312660000025
run,1216.1426980000033,1220.6359340000054
run,1217.0473740000016,1221.5406230000008
run,1217.9520660000053,1222.4453110000031
run,1218.8567240000048,1223.3499900000024
run,1219.7614180000019,1224.254676000004
run,1220.6660860000047,1225.159351000002
run,1221.5708040000027,1226.0640420000054
run,1222.4754630000025,1226.9687150000027
run,1223.3801720000047,1227.873406000006
run,1224.2848270000031,1228.778069
run,1225.189502000001,1229.6827870000052
run,1226.0941930000045,1230.5874590000021
run,1226.9988660000017,1231.4921140000006
run,1227.9035580000054,1232.3968200000018
run,1228.8082210000066,1233.3015010000017
run,1229.7129380000042,1234.206180000001
run,1230.6176100000012,1235.110861000001
run,1231.5222960000028,1236.015554000005
run,1232.4269710000008,1236.92022
run,1233.331683000004,1237.8249140000044
run,1234.2363320000004,1238.7295990000057
run,1235.1410130000004,1239.6342490000025
run,1236.045705000004,1240.5389490000016
run,1236.9503720000066,1241.443610000002
run,1237.8550870000036,1242.348318000004
run,1238.7597500000047,1243.2529910000012
run,1239.6644310000047,1244.1576950000017
run,1240.5691000000006,1245.0623680000062
run,1241.4737920000043,1245.9670540000006
run,1242.3784700000033,1246.8717350000006
run,1243.2831430000006,1247.7764280000047
run,1244.1878460000007,1248.6810920000062
run,1245.0925190000053,1249.5857840000026
run,1245.9972049999997,1250.4904920000045
run,1246.9019170000029,1251.3951540000053
run,1247.806580000004,1252.299850000003
run,1248.7112740000011,1253.2045170000056
run,1249.6159350000016,1254.1092290000015
run,1250.5206430000035,1255.0139049999998
run,1251.4253050000043,1255.9186060000065
run,1252.3300020000024,1256.8232990000033
run,1253.234669000005,1257.7279540000018
run,1254.1393800000005,1258.6326580000023
run,1255.044087000002,1259.537366000004
run,1255.9487570000056,1260.4420129999999
run,1256.853443,1261.3467360000068
run,1257.7581060000011,1262.2564770000026
run,1258.6628090000013,1263.1661840000015
run,1259.5675170000031,1264.0759710000057
transition,1260.4721640000062,1264.985652000003
transition,1261.3768880000061,1265.8904040000052
transition,1262.2866280000017,1266.7950980000023
transition,1263.1963360000009,1267.6997910000064
transition,1264.1111270000038,1268.6045040000026
transition,1265.0158340000053,1269.5092160000058
transition,1265.9205560000046,1270.413907000002
transition,1266.8252490000013,1271.3186360000036
transition,1267.729972000001,1272.2233260000066
transition,1268.6346550000017,1273.1280410000036
transition,1269.5393680000052,1274.0327280000056
