transition,0.0,4.494293000025209
bike,0.9048940000357106,5.3991490000044
bike,1.8097810000181198,6.304045000055339
bike,2.7146820000489242,7.20892400003504
bike,3.619559000013396,8.113835000025574
bike,4.5244450000463985,9.018696000042837
transition,5.429301000025589,9.923589000012726
bike,6.334227000013925,10.828452000045218
bike,7.239106000051834,11.733328000002075
bike,8.143986000039149,12.63820400001714
bike,9.048846999998204,13.54310400004033
bike,9.953741000033915,14.44798900000751
bike,10.858603000000585,15.35286000004271
bike,11.76347900001565,16.257735999999568
bike,12.66835600003833,17.162617000052705
bike,13.573255000053905,18.067479000019375
bike,14.478140000021085,18.972370000032242
bike,15.383011000056285,19.877260000037495
bike,16.287888000020757,20.782120000047144
bike,17.192768000008073,21.686996000004
bike,18.09763000003295,22.591891000047326
bike,19.002522000053432,23.496742000046652
bike,19.90741100005107,24.401620000018738
bike,20.81227100000251,25.306505000044126
bike,21.717166000045836,26.21136600000318
bike,22.622043000010308,27.116231000050902
bike,23.526924000005238,28.021093000017572
bike,24.431802000035532,28.92597800004296
transition,25.336655999999493,29.830855000007432
bike,26.241517000016756,30.735704999999143
bike,27.14641300000949,31.640582000021823
bike,28.051275000034366,32.54542700003367
bike,28.956128999998327,33.45032200001879
bike,29.861006000021007,34.35516900004586
transition,30.765887000015937,35.26003100001253
transition,31.670733000035398,36.16488100000424
transition,32.57560900005046,37.069779000012204
bike,33.48047300003236,37.97461600002134
bike,34.38535100000445,38.8794620000408
bike,35.29018100001849,39.784316000004765
bike,36.19506300002104,40.689193000027444
bike,37.09993100003339,41.59405300003709
bike,38.00476700003492,42.498884000000544
bike,38.90964399999939,43.40374600002542
transition,39.81449800002156,44.308584000042174
transition,40.71934400004102,45.21344100002898
bike,41.62420400005067,46.118240000039805
transition,42.52903500001412,47.023115000047255
run,43.43389800004661,47.92796400003135
run,44.338736000005156,48.83278000005521
bike,45.243592000042554,49.73761500004912
bike,46.14842199999839,50.64243000000715
bike,47.05326600000262,51.54727700003423
bike,47.95811500004493,52.452117000008
bike,48.862962000013795,53.356932000024244
bike,49.767766000004485,54.26174100005301
bike,50.672612000023946,55.16658100002678
bike,51.57742900005542,56.07141200004844
bike,52.48226800002158,56.97622500004945
bike,53.38711400004104,57.88103800005047
bike,54.29192300001159,58.78584200004116
bike,55.196732000040356,59.690658000006806
bike,56.10156400001142,60.59548000001814
bike,57.00637600000482,61.50029100000393
bike,57.911189000005834,62.405116000038106
bike,58.81602399999974,63.3099720000173
bike,59.72080900002038,64.21481500001391
bike,60.62563200003933,65.11962300003506
bike,61.5304420000175,66.02447200001916
bike,62.435297000047285,66.92931900004623
bike,63.34012300003087,67.8341660000151
bike,64.24496600002749,68.73898200003896
bike,65.14980400004424,69.64383300003828
bike,66.05462300003273,70.54868600005284
bike,66.9594700000016,71.45355100004235
bike,67.86431800003629,72.35840600001393
bike,68.76916900003562,73.26325700001325
bike,69.67401500005508,74.1680800000322
bike,70.57886800001143,75.07294000004185
bike,71.48373300000094,75.97777700005099
bike,72.3885570000275,76.88262800005032
bike,73.29340900003444,77.78749000001699
bike,74.19823100004578,78.69233600003645
bike,75.10309200000484,79.59716800000751
bike,76.00795900000958,80.50198500003899
bike,76.91277900000568,81.40682700002799
bike,77.81764100003056,82.31165600003442
bike,78.72248700005002,83.21646300004795
bike,79.62731900002109,84.12129900004948
bike,80.53216700005578,85.02610800002003
bike,81.43697900004918,85.93091200001072
bike,82.34180800005561,86.83575800003018
bike,83.24661400000332,87.74054300005082
bike,84.15145000000484,88.64535200002138
bike,85.05626000004122,89.55013700004201
bike,85.9610630000243,90.45493900001748
bike,86.86590900004376,91.35976100002881
bike,87.7707250000094,92.26454500004184
bike,88.67550400004257,93.16933400003472
bike,89.58028800005559,94.0741000000271
bike,90.48512100003427,94.97888700000476
transition,91.38991300005,95.88365100004012
bike,92.29469600005541,96.78846000001067
bike,93.1994850000483,97.69324500003131
bike,94.10425100004068,98.5980040000286
bike,95.00903800001834,99.50276200001827
bike,95.9138320000493,100.40753500000574
bike,96.81861100002425,101.31231100001605
bike,97.72339600004489,102.2170670000487
bike,98.62815500004217,103.12180800002534
bike,99.53294400003506,104.02661300002364
bike,100.43768700002693,104.93135700002313
bike,101.34246200002963,105.83612200000789
bike,102.24724900000729,106.74087600002531
bike,103.15199000004213,107.64562700001989
bike,104.05676500004483,108.55040500004543
bike,104.9615080000367,109.455185000028
bike,105.86627300002147,110.3599530000356
bike,106.7710280000465,111.26470200001495
bike,107.67580900003668,112.16946300002746
bike,108.58058700000402,113.07424000004539
bike,109.48533600004157,113.97898500005249
bike,110.39010499999858,114.88374000001932
bike,111.29485300002852,115.78849400003674
bike,112.19961400004104,116.6932440000237
bike,113.10439200000837,117.59802000003401
bike,114.00913600000786,118.50276900001336
bike,114.91389100003289,119.40752400003839
bike,115.81864100001985,120.312292000046
bike,116.72339500003727,121.21704800002044
bike,117.62817100004759,122.12182200001553
bike,118.53292100003455,123.02654000004986
bike,119.43767500005197,123.93130100000417
bike,120.34244400000898,124.83606100000907
bike,121.24719900003402,125.7408160000341
bike,122.15197200002149,126.64555900002597
bike,123.05672200000845,127.55028700002003
bike,123.96148300002096,128.4550670000026
bike,124.86621200002264,129.35980800003745
bike,125.77096700004768,130.26457600004505
bike,126.67571100004716,131.16930400003912
bike,127.58046800002921,132.07405700004892
bike,128.4852190000238,132.97878100001253
bike,129.38995900005102,133.883569000056
bike,130.29472800000804,134.78829300001962
bike,131.1994550000527,135.69305000000168
bike,132.1042090000119,136.5977820000262
bike,133.00896300002933,137.50253800000064
bike,133.91372000001138,138.4072570000426
bike,134.81847500003641,139.31197100004647
bike,135.72320100001525,140.21673700003885
bike,136.627964000043,141.12145800003782
bike,137.53269000002183,142.02621000004
bike,138.43740800005617,142.93094200000633
bike,139.34215300000506,143.83565000002272
bike,140.24688900000183,144.74037400004454
bike,141.1516100000008,145.64514000003692
bike,142.05636100005358,146.54988500004401
bike,142.9610930000199,147.45458800002234
bike,143.86583200003952,148.35934300004737
bike,144.77055600000313,149.26405900000827
bike,145.6752910000505,150.16878800000995
bike,146.58003599999938,151.07351000001654
bike,147.48473900003592,151.97820900002262
bike,148.38949400000274,152.88294999999925
bike,149.29421000002185,153.78767400002107
bike,150.19894000003114,154.69240500003798
bike,151.10366200003773,155.5971230000141
bike,152.0083910000394,156.50185600004625
bike,152.91313200001605,157.40661900001578
bike,153.81785600003786,158.31135600002017
bike,154.72255700000096,159.2160880000447
bike,155.6272750000353,160.12079300003825
bike,156.53203700005542,161.02557500003604
bike,157.43677200004458,161.93029000004753
bike,158.34150800004136,162.83501400001114
bike,159.24624000000767,163.7397560000536
bike,160.15097400004743,164.64446000003954
bike,161.05572699999902,165.54919700004393
bike,161.96044200001052,166.45391900005052
bike,162.86518300004536,167.3586639999994
bike,163.76990700000897,168.26339700003155
bike,164.67461100005312,169.1681320000207
bike,165.5793479999993,170.07284100004472
bike,166.4840700000059,170.9775480000535
bike,167.38881500001298,171.88226600002963
bike,168.29354900005274,172.78699000005145
bike,169.1982840000419,173.69169600005262
bike,170.1029930000077,174.5964340000064
bike,171.0077300000121,175.50112900004024
bike,171.9124170000432,176.40587000001688
bike,172.81714200001443,177.3105429999996
bike,173.72184700000798,178.21526000002632
bike,174.62658500002,179.11996900005033
bike,175.5312800000538,180.02467800001614
bike,176.43602100003045,180.92941500002053
bike,177.3406950000208,181.83410800003912
bike,178.2454420000431,182.7388009999995
bike,179.1501200000057,183.6435150000034
bike,180.0548290000297,184.54822900000727
bike,180.9595660000341,185.45291500003077
bike,181.8642600000021,186.35764500004007
bike,182.7689520000131,187.26238000002922
bike,183.67369600001257,188.16711500001838
bike,184.57838000002084,189.0718160000397
bike,185.48306700005196,189.97655200003646
bike,186.38779700000305,190.88127600000007
bike,187.2925310000428,191.78599800000666
bike,188.19726600003196,192.69074000004912
bike,189.10199799999828,193.5954260000144
bike,190.00670399999944,194.50015100004384
bike,190.91142499999842,195.40487500000745
transition,191.81614900002023,196.309624000045
bike,192.72089100000449,197.21433800004888
bike,193.6256080000312,198.11903700005496
bike,194.53033300000243,199.02377600001637
bike,195.43502600002103,199.928486000048
bike,196.33977500000037,200.8332100000116
bike,197.24448900000425,201.73789000004763
bike,198.14918900001794,202.64263000001665
bike,199.05392700002994,203.5473270000075
bike,199.95866800000658,204.45201500004623
bike,200.8633620000328,205.35674500005553
bike,201.7680720000062,206.2614520000061
bike,202.6727800000226,207.16615400003502
bike,203.57747800002107,208.07083500002045
bike,204.48219700000482,208.9755540000042
bike,205.3868970000185,209.8802470000228
bike,206.29160300001968,210.78493500000332
bike,207.1963050000486,211.68960300000617
bike,208.10098600003403,212.59431900002528
bike,209.00570500001777,213.49901600001613
bike,209.9103929999983,214.40371000004234
bike,210.8150860000169,215.30837600002997
bike,211.71978500002297,216.21307600004366
bike,212.62447000003885,217.1178030000301
bike,213.52916800003732,218.02251500001876
bike,214.4338610000559,218.92720800003735
bike,215.33855800004676,219.83190100005595
bike,216.24325700005284,220.73658600001363
bike,217.14795400004368,221.6412840000121
bike,218.05266700003995,222.545986000041
bike,218.95735900005093,223.45069100003457
bike,219.86205300001893,224.35538300004555
bike,220.7667370000272,225.260081000044
bike,221.67143500002567,226.1647970000049
bike,222.576138000004,227.06949200003874
bike,223.48084200004814,227.97419900004752
bike,224.38553500000853,228.8788620000123
bike,225.29023199999938,229.7835400000331
bike,226.19494800001848,230.68821700004628
bike,227.09964400000172,231.5929120000219
bike,228.0043500000029,232.4975830000476
bike,228.90901300002588,233.4022700000205
bike,229.81369100004667,234.30696600000374
bike,230.71839900000487,235.2116110000061
bike,231.6230640000431,236.11630200000945
bike,232.52773500001058,237.02095200004987
bike,233.43242100003408,237.92564600001788
bike,234.33711700001732,238.8303270000033
bike,235.24176200001966,239.73494900000514
bike,236.14645400003064,240.63963400002103
bike,237.05113400000846,241.54429200000595
bike,237.9558150000521,242.4489520000061
bike,238.86047800001688,243.35364000004483
bike,239.76513000001432,244.25830700004008
bike,240.66981600003783,245.16295600001467
bike,241.57444300001953,246.06760100001702
bike,242.47910300001968,246.97228000004543
bike,243.3837910000002,247.87694300001021
bike,244.28845800005365,248.78158800001256
bike,245.19313700002385,249.68624200002523
bike,246.09775100002298,250.5909260000335
bike,247.0024310000008,251.495597000001
bike,247.9070940000238,252.40027400001418
bike,248.81177000002936,253.30490700004157
bike,249.71639400004642,254.20955500000855
bike,250.62107700004708,255.11423900001682
bike,251.52574800001457,256.0189170000376
bike,252.43042500002775,256.9235489999992
bike,253.33505900000455,257.8281920000445
bike,254.23970700002974,258.7328720000223
bike,255.144391000038,259.6375480000279
bike,256.0490680000512,260.5422060000128
bike,256.953731000016,261.4468550000456
bike,257.8583440000075,262.35150700004306
bike,258.7630240000435,263.25620100001106
bike,259.6677000000491,264.160847000021
bike,260.572358000034,265.065539000032
bike,261.477006000001,265.9701930000447
bike,262.3816579999984,266.87482600001385
transition,263.28635300003225,267.77948800002923
bike,264.1910000000498,268.68416200001957
bike,265.0956910000532,269.5888520000153
bike,266.00034500000766,270.4935210000258
bike,266.90500800003065,271.3981630000053
bike,267.8096390000428,272.3028100000229
bike,268.71431400004076,273.2074850000208
bike,269.6190040000365,274.11215200001607
bike,270.523673000047,275.0168019999983
bike,271.4283140000189,275.92146500002127
bike,272.33296100003645,276.82610400003614
bike,273.2376360000344,277.73074700002326
bike,274.14230400003726,278.63542600005167
run,275.04695300001185,279.54007400001865
run,275.95161600003485,280.4447260000161
run,276.85628600005293,281.3493759999983
run,277.76089900004445,282.25405100005446
transition,278.66557700000703,283.15867600002093
bike,279.57022600003984,284.06336400000146
transition,280.4748780000373,284.96799600002123
bike,281.3795270000119,285.87265200004913
bike,282.2842020000098,286.77728800004115
bike,283.1888280000421,287.6819610000239
bike,284.09351500001503,288.5866030000034
bike,284.9981400000397,289.4912470000563
bike,285.9028040000121,290.39590000000317
bike,286.8074390000547,291.3005430000485
bike,287.71211200003745,292.2051840000204
bike,288.61675500002457,293.1098639999982
bike,289.5213980000117,294.014484000043
bike,290.42605100001674,294.9191160000046
bike,291.33069400000386,295.823766000045
bike,292.23533600004157,296.7284070000169
bike,293.1400160000194,297.633077000035
bike,294.0446349999984,298.53770300000906
bike,294.94926800002577,299.4423640000168
bike,295.85391700000037,300.3469800000312
bike,296.75855800003046,301.2516430000542
bike,297.66322800004855,302.15627700003097
bike,298.56785500003025,303.06089400005294
bike,299.4725150000304,303.9655270000221
bike,300.37713200005237,304.8702020000201
bike,301.28179400000954,305.7748380000121
bike,302.18642800004454,306.67947600001935
bike,303.0910450000083,307.58412600000156
bike,303.9957090000389,308.4887710000039
bike,304.90035300003365,309.39340700005414
bike,305.8049900000333,310.29804300004616
bike,306.7096270000329,311.20269200002076
bike,307.61427800002275,312.1073160000378
bike,308.5189220000175,313.011949000007
bike,309.4235580000095,313.91656400001375
bike,310.32819500000915,314.8212150000036
bike,311.23284300003434,315.72585300001083
bike,312.1374680000008,316.63048700004583
bike,313.04211400001077,317.5351130000199
transition,313.94671600003494,318.43971900001634
bike,314.85136700002477,319.34435500000836
bike,315.7560040000244,320.24901000002865
bike,316.6606380000012,321.1536400000332
bike,317.5652650000411,322.0582880000002
bike,318.46990100003313,322.96292100002756
bike,319.37450600002194,323.86753800004954
bike,320.27916200004984,324.77220200002193
bike,321.18379100004677,325.6768250000314
bike,322.08844000002136,326.58144800004084
bike,322.99307200004114,327.4860710000503
bike,323.8976890000049,328.39071800000966
bike,324.8023540000431,329.2953540000017
bike,325.70697600004496,330.20000000001164
bike,326.6116299999994,331.10462100000586
bike,327.51622300001327,332.00922300003003
bike,328.42086900002323,332.91386500000954
bike,329.32550500001526,333.8185110000195
bike,330.2301510000252,334.723122000054
bike,331.13477200001944,335.62777400005143
bike,332.03938400000334,336.53240200004075
bike,332.9440170000307,337.437040000048
bike,333.8486620000331,338.34165600000415
bike,334.7533040000126,339.246295000019
bike,335.6579260000144,340.1508900000481
bike,336.5625530000543,341.05552700004773
bike,337.46719100000337,341.9601590000093
bike,338.3718070000177,342.8647720000008
bike,339.2764480000478,343.7694190000184
bike,340.1810720000067,344.67404900002293
bike,341.0856780000031,345.5786680000019
bike,341.9903110000305,346.48330400005216
bike,342.894924000022,347.38795200001914
bike,343.79957000003196,348.29258000000846
bike,344.7042000000365,349.1971970000304
bike,345.6088500000187,350.10183300002245
bike,346.51345600001514,351.00646600004984
bike,347.4181030000327,351.9110830000136
bike,348.32273200002965,352.8157230000361
bike,349.2273490000516,353.72035300004063
bike,350.131984000036,354.6249470000039
bike,351.0366170000052,355.5296060000546
bike,351.9412340000272,356.4342150000157
bike,352.84587499999907,357.3388570000534
bike,353.7505040000542,358.2434930000454
bike,354.65509800001746,359.14810000004945
bike,355.5597580000176,360.052732000011
bike,356.4643670000369,360.9573440000531
bike,357.36900800000876,361.8619610000169
bike,358.2736440000008,362.7666109999991
bike,359.1782510000048,363.6712140000309
bike,360.08289400005015,364.57585900003323
bike,360.9874960000161,365.4804780000122
bike,361.89211200003047,366.3851010000217
bike,362.7967630000203,367.28975400002673
bike,363.7013660000521,368.1943570000003
bike,364.6060100000468,369.0990040000179
bike,365.510660000029,370.00363600003766
bike,366.41525300004287,370.9082230000058
bike,367.3199060000479,371.81288100004895
bike,368.2245090000215,372.7175140000181
bike,369.12915500003146,373.6221150000347
bike,370.03378800000064,374.52676000003703
bike,370.938375000027,375.43140300002415
bike,371.8430320000043,376.33602100005373
bike,372.7476650000317,377.2406290000072
bike,373.65226600004826,378.1452879999997
bike,374.556912,379.0498900000239
bike,375.4615540000377,379.95453000004636
bike,376.3661720000091,380.8591390000074
bike,377.27078100002836,381.763786000025
bike,378.1754390000133,382.6684130000067
bike,379.08004100003745,383.57302000001073
bike,379.98468100000173,384.4776670000283
bike,380.8893200000166,385.38229800004046
bike,381.79393700003857,386.28690300002927
bike,382.69856400002027,387.1915540000191
bike,383.6031710000243,388.09615600004327
bike,384.5078190000495,389.0007840000326
bike,385.41244900005404,389.90543800004525
bike,386.31705400004284,390.8100459999987
bike,387.22170500003267,391.71466900000814
bike,388.126333000022,392.6193200000562
bike,389.03093500004616,393.52392200002214
bike,389.9355890000006,394.4285450000316
bike,390.84019700001227,395.3331720000133
bike,391.74482100002933,396.2378060000483
bike,392.64947100001154,397.1424550000229
bike,393.5540730000357,398.04705700004706
bike,394.45869600004517,398.9516870000516
bike,395.36332300002687,399.85630800004583
bike,396.26795700000366,400.7609190000221
bike,397.17260600003647,401.6655670000473
bike,398.07720800000243,402.570177000016
bike,398.9818390000146,403.4748210000107
bike,399.8864600000088,404.3794380000327
bike,400.7910700000357,405.2840810000198
bike,401.6957190000103,406.18871800001943
bike,402.60032900003716,407.0933200000436
bike,403.5049720000243,407.9979600000079
bike,404.4096200000495,408.9025810000021
bike,405.31423200003337,409.8072060000268
bike,406.2188700000406,410.71182200004114
bike,407.1234790000017,411.6164520000457
bike,408.02811100002145,412.52108500001486
bike,408.9327330000233,413.4257310000248
bike,409.83735700004036,414.33031400002073
bike,410.7419730000547,415.2349680000334
bike,411.64663400000427,416.1395950000151
bike,412.55123600002844,417.0441980000469
bike,413.455883000046,417.948841000034
bike,414.3604660000419,418.8534840000211
bike,415.265119000047,419.75808400003007
bike,416.1697470000363,420.66273800004274
bike,417.07434900000226,421.5673850000021
bike,417.9789920000476,422.47197700000834
bike,418.8836350000347,423.3766070000129
bike,419.78823500004364,424.2812570000533
bike,420.6928900000057,425.1858750000247
bike,421.5975360000157,426.09050800005207
bike,422.5021280000219,426.9951320000109
bike,423.40675900003407,427.89978900004644
bike,424.31140800000867,428.8043910000124
bike,425.21602600003826,429.7090230000322
bike,426.12065900000744,430.61367600003723
bike,427.0252840000321,431.5182800000184
bike,427.9299400000018,432.42292500002077
bike,428.834542000026,433.3275410000351
bike,429.73917500005336,434.2321579999989
bike,430.6438270000508,435.1367910000263
bike,431.548431000032,436.04143100004876
bike,432.45307600003434,436.9460320000071
bike,433.3576930000563,437.85069099999964
bike,434.2623100000201,438.7552930000238
bike,435.16695000004256,439.659943000006
bike,436.07158300001174,440.5645760000334
bike,436.9761840000283,441.4691650000168
bike,437.8808420000132,442.3738080000039
bike,438.7854750000406,443.27840800001286
bike,439.6900940000196,444.18306400004076
bike,440.5947280000546,445.08769700000994
bike,441.499317000038,445.9922900000238
bike,442.4039590000175,446.89694300002884
bike,443.30856000003405,447.80156300001545
bike,444.21321600000374,448.7061950000352
bike,445.1178480000235,449.6108420000528
bike,446.02244100003736,450.5154410000541
bike,446.9270940000424,451.42006300005596
bike,447.83174500003224,452.3246849999996
bike,448.7363469999982,453.22933500004
bike,449.64099300000817,454.1339680000092
bike,450.5455920000095,455.03855400002794
bike,451.45021500001894,455.9432150000357
bike,452.3548670000164,456.84780899999896
bike,453.2594860000536,457.7524540000013
bike,454.16411900002277,458.65705500001786
bike,455.0687050000415,459.5616970000556
bike,455.9733669999987,460.46630700002424
bike,456.87796100002015,461.37094800005434
bike,457.7826050000149,462.27556000003824
bike,458.68720600003144,463.1801930000074
bike,459.59184900001856,464.0847880000365
bike,460.49645900004543,464.9894020000356
bike,461.4010990000097,465.8940340000554
bike,462.3057110000518,466.7986620000447
bike,463.2103370000259,467.70325600000797
bike,464.1149390000501,468.6079130000435
bike,465.0195530000492,469.51252200000454
bike,465.9241860000184,470.4171290000086
bike,466.8288140000077,471.32173900003545
bike,467.73340800002916,472.2263240000466
bike,468.63806399999885,473.13095700001577
bike,469.5426730000181,474.03556899999967
bike,470.44728000002215,474.940185000014
bike,471.35189099999843,475.8448010000284
bike,472.2565060000052,476.7493980000145
bike,473.16110800002934,477.6540480000549
bike,474.06572000001324,478.55865000002086
bike,474.9703360000276,479.4632570000249
transition,475.87495200004196,480.3678620000137
transition,476.7795800000313,481.27247600001283
transition,477.68419900001027,482.177078000037
bike,478.58880100003444,483.0816760000307
transition,479.49340800003847,483.98630700004287
transition,480.3980140000349,484.8908999999985
transition,481.3026270000264,485.79552900005365
transition,482.2072250000201,486.7001170000294
transition,483.1118270000443,487.6047700000345
transition,484.01645799999824,488.50938600004883
bike,484.9210510000121,489.41402200004086
bike,485.825680000009,490.31865600001765
bike,486.730268000043,491.2232920000097
bike,487.63492100004805,492.12792500003707
bike,488.5395380000118,493.03256600000896
bike,489.44417400000384,493.9371580000152
bike,490.34880800003884,494.84180500003276
bike,491.25344400003087,495.74640900001395
transition,492.15807600005064,496.6510550000239
transition,493.06271700002253,497.5556860000361
bike,493.96730800002115,498.46031700004824
transition,494.87195700005395,499.3649399999995
transition,495.77659100003075,500.2695390000008
transition,496.6812060000375,501.1741720000282
transition,497.58583799999906,502.0787860000273
transition,498.4904690000112,502.9834340000525
transition,499.39509100001305,503.8880320000462
transition,500.2996900000144,504.7926350000198
transition,501.20432300004177,505.6972750000423
transition,502.1089370000409,506.6018870000262
transition,503.0135860000155,507.50654800003394
transition,503.9181840000092,508.4111490000505
transition,504.822787000041,509.31578100001207
transition,505.72742600005586,510.22038300003624
transition,506.63203800003976,511.12501200003317
transition,507.53670000005513,512.0296369999996
transition,508.44130000000587,512.9342430000543
transition,509.34593200002564,513.8388780000387
transition,510.25053100002697,514.743489000015
transition,511.15516300004674,515.6481170000043
transition,512.0597880000132,516.5527400000137
transition,512.9644250000129,517.4573630000232
transition,513.8690300000017,518.3619790000375
transition,514.7736410000362,519.2666230000323
transition,515.6782680000179,520.1712249999982
transition,516.5828910000273,521.0758680000436
transition,517.4875140000368,521.9804750000476
transition,518.3921300000511,522.885122000007
transition,519.2967750000535,523.7897230000235
transition,520.2013770000194,524.694363000046
transition,521.1060189999989,525.5989750000299
transition,522.010626000003,526.5035960000241
transition,522.9152740000281,527.4082040000358
transition,523.8198740000371,528.3128530000104
transition,524.7245140000014,529.2174860000378
transition,525.6291270000511,530.1220980000217
transition,526.5337470000377,531.0267270000186
transition,527.4383860000526,531.9313750000438
transition,528.3430050000316,532.8359870000277
transition,529.2476370000513,533.7406350000529
transition,530.1522490000352,534.6452660000068
transition,531.0568780000322,535.5498670000234
transition,531.9615259999991,536.454521000036
transition,532.8661390000489,537.3591560000204
transition,533.7707860000082,538.2637900000555
transition,534.675418000028,539.168393000029
transition,535.5800190000446,540.0730240000412
transition,536.4846720000496,540.9776690000435
transition,537.3893090000493,541.8822910000454
transition,538.2939420000184,542.786957000033
transition,539.1985440000426,543.6915570000419
transition,540.1031750000548,544.5961790000438
transition,541.0078210000065,545.500829000026
transition,541.9124420000007,546.4054800000158
transition,542.8171090000542,547.310111000028
transition,543.7217390000005,548.2147430000477
transition,544.6263299999991,549.1193920000223
bike,545.5309800000396,550.0240090000443
bike,546.4356310000294,550.928646000044
bike,547.3402620000415,551.8333070000517
bike,548.2448950000107,552.737935000041
transition,549.1495430000359,553.6425589999999
transition,550.0541610000073,554.54720000003
transition,550.9587969999993,555.4518370000296
transition,551.8634580000071,556.3565070000477
transition,552.7680860000546,557.2611700000125
transition,553.6727100000135,558.1658440000028
transition,554.5773520000512,559.0705160000362
transition,555.4820190000464,559.9752100000042
transition,556.3866580000031,560.8798980000429
transition,557.2913320000516,561.7845860000234
transition,558.1959950000164,562.6892770000268
transition,559.1006679999991,563.5939820000203
transition,560.0053610000177,564.4986740000313
transition,560.9100489999983,565.4034310000134
transition,561.8147380000446,566.3081250000396
transition,562.7194280000404,567.2128490000032
transition,563.6241330000339,568.1175640000147
transition,564.5288560000481,569.0222890000441
transition,565.4335830000346,569.9270300000207
transition,566.3383069999982,570.8317630000529
transition,567.2430000000168,571.736452000041
transition,568.1477160000359,572.641185000015
transition,569.0524410000071,573.5459070000215
transition,569.9571830000496,574.4506110000075
transition,570.8619140000083,575.3553230000543
transition,571.766604000004,576.260047000018
transition,572.6713370000361,577.1647220000159
transition,573.5760590000427,578.0694300000323
transition,574.4807620000211,578.974149000016
transition,575.3855050000129,579.8788350000395
transition,576.2901980000315,580.783545000013
transition,577.1948740000371,581.6882100000512
transition,578.0995810000459,582.5929040000192
transition,579.0043000000296,583.497611000028
transition,579.9089870000025,584.4023020000313
transition,580.8136960000265,585.3069950000499
transition,581.7183610000066,586.2116470000474
transition,582.6230560000404,587.1163540000562
transition,583.5277620000415,588.0210220000008
transition,584.4324530000449,588.9257240000297
transition,585.3371360000456,589.8303950000554
transition,586.2417990000104,590.7350970000261
transition,587.1465050000115,591.6397670000442
transition,588.0512040000176,592.5444510000525
transition,588.9558750000433,593.4491410000483
transition,589.860577000014,594.353843000019
transition,590.7652490000473,595.258506000042
run,591.6699490000028,596.1631940000225
run,592.5746020000079,597.067870000028
run,593.4792920000036,597.9725670000189
run,594.3839940000325,598.877220000024
run,595.2886570000555,599.7819200000376
run,596.1933460000437,600.6865980000002
run,597.0980210000416,601.5913070000242
run,598.0027180000325,602.4959610000369
run,598.9074020000407,603.4006380000501
run,599.8120710000512,604.3053310000105
run,600.7167490000138,605.2099830000079
run,601.6214590000454,606.1146660000086
run,602.5261120000505,607.0193330000038
run,603.4307890000055,607.9240310000023
run,604.3354720000061,608.8286930000177
run,605.2401350000291,609.733367000008
run,606.1448180000298,610.638042000006
run,607.0494840000174,611.542722000042
run,607.9541820000159,612.447375000047
run,608.8588450000389,613.3520460000145
run,609.7635190000292,614.2567090000375
run,610.6681940000271,615.1614050000207
run,611.572874000005,616.0660910000443
run,612.4775260000024,616.9707490000292
run,613.3822280000313,617.8754240000271
run,614.2868910000543,618.7800710000447
run,615.1915580000496,619.6847240000498
run,616.0962430000072,620.5894000000553
run,617.0009000000427,621.4940700000152
run,617.9055750000407,622.3987450000132
run,618.8102530000033,623.3034090000438
run,619.7149060000083,624.2080570000107
run,620.6195520000183,625.1127310000011
run,621.5242220000364,626.0173780000187
run,622.4288970000343,626.922050000052
run,623.3335599999991,627.8267240000423
run,624.2382080000243,628.7313820000272
run,625.1428820000147,629.6360250000143
run,626.0475300000398,630.5406770000118
run,626.952202000015,631.4453730000532
run,627.8568760000053,632.350036000018
run,628.7615330000408,633.2547360000317
run,629.6661770000355,634.159449000028
run,630.570829000033,635.0641380000161
run,631.4755240000086,635.9688430000097
run,632.3801930000191,636.8735480000032
run,633.2848870000453,637.7782440000447
run,634.1896010000492,638.6829450000077
run,635.0942890000297,639.5876900000148
run,635.9989950000308,640.4923900000285
run,636.9036990000168,641.3970790000167
run,637.808395,642.3017730000429
run,638.7130970000289,643.2065100000473
run,639.617842000036,644.1112210000283
run,640.5225410000421,645.0159280000371
run,641.4272310000379,645.9206680000061
run,642.3319550000015,646.8253520000144
run,643.2366620000103,647.7300580000156
run,644.1413730000495,648.6347520000418
run,645.0461100000539,649.5444460000144
run,645.9508190000197,650.4541860000463
transition,646.855503000028,651.3638540000538
transition,647.7602100000367,652.2685580000398
transition,648.6649030000553,653.1732550000306
run,649.5745980000356,654.0779400000465
run,650.4843380000093,654.9826420000172
run,651.3940460000304,655.8872870000196
run,652.2987090000533,656.791968000005
run,653.2034060000442,657.6966520000133
run,654.1080910000019,658.6013500000117
run,655.0127940000384,659.5060190000222
run,655.9174390000408,660.4106900000479
run,656.8221200000262,661.3153530000127
run,657.7268030000268,662.220025000046
run,658.6315010000253,663.1246780000511
run,659.5361710000434,664.0293539999984
run,660.4408410000033,664.9340040000388
run,661.3455030000187,665.8386690000189
run,662.2501760000014,666.7433060000185
run,663.154859000002,667.6479860000545
run,664.059505000012,668.5526590000372
run,664.9641550000524,669.4573070000042
run,665.8688200000324,670.3619700000272
run,666.7734880000353,671.2665910000214
run,667.6781380000175,672.1712680000346
run,668.5828100000508,673.0759079999989
run,669.4874580000178,673.9805530000012
run,670.3921220000484,674.8852150000166
run,671.296742000035,675.7898460000288
run,672.2014190000482,676.6945000000414
run,673.1060600000201,677.5991430000286
run,674.0107040000148,678.5037980000488
run,674.9153660000302,679.4084300000104
run,675.8199970000423,680.3130730000557
run,676.7246520000044,681.2177100000554
run,677.6293250000454,682.1223620000528
run,678.5339490000042,683.0270230000024
run,679.4385920000495,683.931658000045
run,680.3432240000111,684.8362950000446
run,681.2478610000107,685.7409360000165
run,682.1525440000114,686.6455900000292
run,683.0571750000236,687.5502160000033
run,683.9618090000004,688.4548440000508
run,684.8664470000076,689.3594760000124
run,685.7710880000377,690.2641310000326
run,686.6757420000504,691.1687700000475
run,687.5803670000168,692.0734170000069
run,688.4849950000062,692.978031000006
run,689.3896280000336,693.882677000016
run,690.2942820000462,694.7873200000031
run,691.1989220000105,695.6919610000332
run,692.1035680000205,696.596583000035
run,693.0081830000272,697.5012350000325
run,693.9128280000295,698.4058369999984
run,694.8174710000167,699.3104820000008
run,695.7221130000544,700.2151250000461
run,696.6267340000486,701.1197400000528
run,697.5313870000537,702.02438300004
run,698.4360190000152,702.92904800002
run,699.3406330000143,703.8336310000159
run,700.2452770000091,704.7382710000384
run,701.1498910000082,705.6429040000075
run,702.0545340000535,706.5475620000507
run,702.9592000000412,707.4521940000122
run,703.8637830000371,708.3568320000195
run,704.7684220000519,709.2614770000218
run,705.6730560000287,710.1660970000084
run,706.577713000006,711.0707360000233
run,707.4823510000133,711.9753660000279
run,708.3869830000331,712.8799870000221
run,709.2916280000354,713.7846350000473
run,710.1962490000296,714.689279000042
run,711.1008870000369,715.5939040000085
run,712.0055480000447,716.4985620000516
transition,712.9101390000433,717.4031640000176
transition,713.8147860000026,718.3077920000069
run,714.7194300000556,719.2124410000397
run,715.624055000022,720.1170270000002
run,716.528713000007,721.0216720000026
run,717.4333150000311,721.9263200000278
run,718.3379440000281,722.8309149999986
run,719.2425920000533,723.7355490000336
run,720.1471780000138,724.6402090000338
run,721.0518240000238,725.5447970000096
run,721.9564710000413,726.449430000037
run,722.8610660000122,727.3540590000339
run,723.7657000000472,728.2586790000205
run,724.670361000055,729.1632930000196
run,725.5749490000308,730.0679460000247
run,726.4796080000233,730.9725830000243
run,727.3842100000475,731.8771760000382
run,728.2888310000417,732.7818360000383
run,729.1934740000288,733.6864240000141
run,730.0980970000383,734.591063000029
run,731.0027340000379,735.4956860000384
run,731.9073270000517,736.4003190000076
run,732.8119880000013,737.304925000004
run,733.7165760000353,738.2095370000461
run,734.6212140000425,739.1141670000507
run,735.525837000052,740.0187960000476
run,736.4304700000212,740.9234090000391
run,737.3350760000176,741.8280340000056
run,738.2397180000553,742.7326660000253
run,739.1443190000136,743.6372840000549
run,740.0489480000106,744.5419120000442
run,740.9535600000527,745.4465140000102
run,741.8581850000191,746.3511230000295
run,742.7628180000465,747.2557690000394
run,743.6674360000179,748.1603610000457
run,744.5720629999996,749.0649740000372
run,745.4766650000238,749.9696340000373
run,746.3812750000507,750.8742390000261
run,747.285920000053,751.778878000041
run,748.190512000001,752.6835090000532
run,749.095156000054,753.5881320000044
transition,749.9997860000003,754.4927640000242
transition,750.9043910000473,755.3973530000076
transition,751.8090290000546,756.3019889999996
transition,752.7136600000085,757.206593000039
transition,753.618283000018,758.1112380000413
run,754.5229030000046,759.0158450000454
run,755.4275050000288,759.9204980000504
run,756.3321400000132,760.8250899999985
run,757.2367750000558,761.7297450000187
run,758.1413900000043,762.6343350000097
run,759.046027000004,763.538973000017
run,759.9506490000058,764.4435750000412
run,760.855241000012,765.348209000018
run,761.7598960000323,766.252850000048
transition,762.6644860000233,767.1574499999988
transition,763.5691250000382,768.0620450000279
transition,764.4737270000041,768.9666910000378
transition,765.3783610000391,769.871295000019
run,766.2830010000034,770.7759210000513
run,767.1876010000124,771.6805350000504
run,768.0921960000414,772.5851600000169
run,768.9968420000514,773.4897620000411
run,769.9014460000326,774.3943660000223
run,770.8060720000067,775.2989690000541
bike,771.7106860000058,776.2035820000456
bike,772.6153120000381,777.108234000043
transition,773.5199140000041,778.0128450000193
run,774.4245180000435,778.9174460000359
run,775.329121000017,779.8220680000377
transition,776.2337330000009,780.7266660000314
transition,777.1383849999984,781.6312710000202
transition,778.0429970000405,782.5359040000476
transition,778.9475979999988,783.4405039999983
transition,779.8522200000007,784.345117000048
transition,780.7568180000526,785.2497380000423
transition,781.661453000037,786.1543460000539
run,782.5660530000459,787.0589310000069
run,783.4706550000119,787.9635420000413
bike,784.3752680000034,788.8681760000181
transition,785.2798890000558,789.7728130000178
run,786.1844980000169,790.6774160000496
transition,787.089083000028,791.582024000003
transition,787.9936940000043,792.4866260000272
transition,788.8983580000349,793.3912410000339
run,789.8029640000314,794.2958500000532
transition,790.7075670000049,795.2004350000061
transition,791.6121750000166,796.1050680000335
transition,792.5167770000407,797.0096600000397
transition,793.4213920000475,797.9142760000541
transition,794.3260010000085,798.8188940000255
transition,795.2305870000273,799.7235080000246
transition,796.1352200000547,800.6281160000362
transition,797.0398120000027,801.5327190000098
transition,797.9444280000171,802.4373239999986
transition,798.8490460000467,803.3419320000103
transition,799.7536600000458,804.2465250000241
transition,800.6582679999992,805.1511380000156
transition,801.5628730000462,806.0557499999995
transition,802.4674750000122,806.9603480000515
transition,803.3720830000238,807.8649650000152
transition,804.2766760000377,808.7695880000247
transition,805.1812890000292,809.6741710000206
transition,806.0859010000131,810.5787890000502
bike,806.9904990000068,811.4833910000161
transition,807.8951160000288,812.3879900000175
bike,808.7997390000382,813.2926180000068
transition,809.7043220000342,814.1972309999983
transition,810.6089400000055,815.1018360000453
transition,811.5135420000297,816.0064390000189
transition,812.418141000031,816.9110350000556
bike,813.322770000028,817.81567000004
bike,814.2273830000195,818.7202660000185
run,815.1319880000083,819.624850000022
bike,816.0365910000401,820.5294520000461
run,816.9411870000185,821.4340690000099
run,817.845822000003,822.3386630000314
run,818.7504190000473,823.2432860000408
run,819.6550320000388,824.1478820000193
run,820.5596030000015,825.0525000000489
run,821.4642200000235,825.9570920000551
run,822.3688150000526,826.8617180000292
run,823.2734380000038,827.7663080000202
run,824.1780340000405,828.6708980000112
run,825.0826520000119,829.5755000000354
run,825.9872440000181,830.480101000052
run,826.8918700000504,831.3847070000484
run,827.7964600000414,832.2893240000121
run,828.7010490000248,833.1939250000287
run,829.6056500000414,834.0985020000371
run,830.5102520000073,835.003114000021
run,831.4148590000113,835.9077200000174
run,832.3194760000333,836.8123510000296
run,833.2240770000499,837.716938000056
run,834.1286840000539,838.6215590000502
run,835.0332650000346,839.5261310000205
run,835.937871000031,840.4307230000268
run,836.8425020000432,841.335361000034
run,837.7470890000113,842.2399460000452
run,838.6517100000056,843.1445630000089
run,839.5562820000341,844.0491390000097
run,840.4608740000403,844.953760000004
run,841.3655120000476,845.8583620000281
run,842.2700970000005,846.7629610000295
run,843.1747130000149,847.6675320000504
run,844.0792910000309,848.5721340000164
run,844.9839120000252,849.4767640000209
run,845.8885140000493,850.381332000019
run,846.7931130000507,851.2859420000459
run,847.6976830000058,852.1905700000352
run,848.60228500003,853.095175000024
run,849.5069150000345,853.9997530000401
run,850.4115140000358,854.9043630000087
run,851.3160930000013,855.808972000028
run,852.2207210000488,856.7135390000185
run,853.1253260000376,857.6181410000427
run,854.029905000003,858.5227350000059
run,854.9345150000299,859.4273360000225
run,855.8391240000492,860.3319300000439
run,856.7436900000321,861.2365450000507
run,857.6482840000535,862.1411210000515
run,858.5528860000195,863.0457350000506
run,859.457487000036,863.950334000052
run,860.3620809999993,864.8549100000528
run,861.266696000006,865.7595190000138
run,862.1712730000145,866.6640980000375
run,863.0758870000136,867.5687000000034
run,863.9804860000149,868.473318000033
run,864.8850610000081,869.3779050000012
run,865.789671000035,870.2825060000177
run,866.6942500000005,871.1870730000082
run,867.5988520000246,872.0916770000476
run,868.5034690000466,872.9963090000092
run,869.4080560000148,873.9008750000503
transition,870.3126570000313,874.8054930000217
transition,871.2172230000142,875.7100600000122
transition,872.121828000003,876.6146620000363
transition,873.0264600000228,877.5192329999991
transition,873.9310270000133,878.4238460000488
transition,874.8356450000429,879.3284700000077
run,875.7402110000257,880.2330510000465
run,876.6448130000499,881.1376680000103
run,877.5493850000203,882.0422380000236
run,878.4539970000042,882.9468290000223
run,879.3586210000212,883.8514330000035
run,880.2632020000019,884.7560159999994
run,881.1678200000315,885.6606000000029
run,882.0723890000372,886.565202000027
run,882.9769800000358,887.4697780000279
run,883.8815850000246,888.3744110000553
run,884.7861680000206,889.278982000018
run,885.6907510000165,890.1835880000144
run,886.5953530000406,891.0881530000479
run,887.4999300000491,891.9927700000117
run,888.4045630000182,892.8973600000027
run,889.3091330000316,893.8019500000519
run,890.213739000028,894.7065310000326
run,891.1183040000033,895.6111329999985
run,892.0229210000252,896.5157080000499
run,892.9275110000162,897.4203250000137
transition,893.8321020000149,898.3248930000118
transition,894.7366820000461,899.2295270000468
transition,895.6412840000121,900.1340810000547
transition,896.5458600000129,901.0387020000489
transition,897.4504770000349,901.9533530000481
transition,898.3550440000254,902.8579170000157
transition,899.2596780000022,903.7675690000178
transition,900.1642320000101,904.6771770000341
run,901.0688530000043,905.5817480000551
run,901.9835040000034,906.4863620000542
run,902.8880690000369,907.3909810000332
run,903.7977200000314,908.2955720000318
run,904.7073280000477,909.2001720000408
run,905.6119000000181,910.1047499999986
run,906.5165140000172,911.0093670000206
run,907.4211330000544,911.9139460000442
run,908.3257230000454,912.818544000038
run,909.2303230000543,913.7231560000218
run,910.1349010000122,914.6277280000504
run,911.0395190000418,915.5323460000218
run,911.9440980000072,916.4369430000079
transition,912.8486960000009,917.3415240000468
transition,913.753308000043,918.2461430000258
transition,914.6578790000058,919.1507410000195
transition,915.5624970000354,920.0553280000458
transition,916.4670940000215,920.9599129999988
transition,917.3716760000098,921.8645090000355
transition,918.276295000047,922.7691040000063
transition,919.180892000033,923.6736740000197
transition,920.0854790000012,924.578300000052
run,920.9900640000124,925.4828780000098
run,921.894660000049,926.3874840000062
run,922.7992550000199,927.2920660000527
run,923.703850000049,928.1966530000209
run,924.608452000015,929.1012630000478
run,925.5130290000234,930.0058340000105
run,926.4176350000198,930.910447000002
run,927.3222180000157,931.8150170000154
run,928.2268060000497,932.7196000000113
run,929.1314140000031,933.6242020000354
run,930.0359850000241,934.5287880000542
run,930.9405980000156,935.4333530000295
run,931.8451680000289,936.3379240000504
run,932.7497510000248,937.2425490000169
run,933.654353000049,938.1471120000351
run,934.5589400000172,939.0517059999984
run,935.463504000043,939.956268000009
run,936.3680760000134,940.8608510000049
run,937.2727010000381,941.765475000022
run,938.1772630000487,942.6700460000429
run,939.0818580000196,943.5746060000383
run,939.9864190000226,944.4791790000163
run,940.8910030000261,945.3837679999997
run,941.7956260000356,946.2883490000386
run,942.7001969999983,947.1929119999986
run,943.6047570000519,948.0975370000233
run,944.5093300000299,949.0021120000165
run,945.4139190000133,949.9067030000151
run,946.3185010000016,950.811286000011
run,947.2230940000154,951.7158580000396
run,948.1276880000369,952.620464000036
run,949.0322640000377,953.525042000052
run,949.9368540000287,954.429625000048
run,950.8414380000322,955.3341920000385
run,951.7460130000254,956.2388000000501
run,952.6506150000496,957.1433760000509
run,953.555194000015,958.047956000024
run,954.4597760000033,958.9525640000356
run,955.364343000052,959.8571500000544
run,956.2689510000055,960.7617320000427
run,957.1735280000139,961.6663030000054
run,958.0781070000376,962.5708680000389
run,958.9827150000492,963.475494000013
run,959.8873020000174,964.3800750000519
run,960.7918830000563,965.2846310000168
run,961.6964550000266,966.1892070000176
run,962.6010190000525,967.093806000019
transition,963.505644000019,967.9984000000404
transition,964.4102270000149,968.9029820000287
transition,965.3147820000304,969.8075510000344
run,966.2193580000312,970.7121230000048
run,967.1239570000325,971.6167280000518
transition,968.028551000054,972.5212920000195
run,968.9331330000423,973.4259020000463
run,969.8377030000556,974.3304760000319
run,970.7422740000184,975.2350600000354
run,971.6468800000148,976.1396380000515
run,972.5514740000363,977.0442299999995
transition,973.4560530000017,977.9487960000406
transition,974.3606280000531,978.853385000024
run,975.265211000049,979.7579570000526
run,976.1697900000145,980.6625130000175
run,977.0743810000131,981.5670980000286
run,977.9789480000036,982.4716910000425
run,978.8835360000376,983.3762530000531
run,979.7880930000101,984.2808340000338
run,980.6926640000311,985.1854230000172
run,981.5972490000422,986.0899680000148
transition,982.5018430000055,986.9945500000031
transition,983.4064040000085,987.8991170000518
transition,984.310986000055,988.8037000000477
transition,985.2155740000308,989.708272000018
transition,986.1201180000207,990.612862000009
bike,987.0247020000243,991.5174380000099
run,987.9292680000071,992.4220240000286
run,988.8338520000107,993.3265970000066
transition,989.7384230000316,994.2311630000477
transition,990.6430140000302,995.135762000049
transition,991.5475880000158,996.0402990000439
transition,992.4521760000498,996.944868999999
transition,993.3567480000202,997.8494470000151
transition,994.261314000003,998.7540190000436
transition,995.1659130000044,999.6586110000499
transition,996.0704499999993,1000.5631670000148
transition,996.9750200000126,1001.4677600000286
transition,997.8795990000363,1002.3723290000344
transition,998.7841910000425,1003.2768780000042
transition,999.6887630000128,1004.1814580000355
transition,1000.5933180000284,1005.0860490000341
transition,1001.4979120000498,1005.9906330000376
transition,1002.402480000048,1006.8951990000205
transition,1003.3070290000178,1007.799793000042
transition,1004.2116099999985,1008.7043340000091
transition,1005.1162000000477,1009.6088990000426
transition,1006.0207850000006,1010.5134860000107
transition,1006.9253500000341,1011.4180530000012
transition,1007.8299440000555,1012.3226310000173
transition,1008.7344850000227,1013.2271910000127
transition,1009.6390500000562,1014.131761000026
transition,1010.5436370000243,1015.0363530000322
transition,1011.4482050000224,1015.9409350000205
transition,1012.3527820000309,1016.8454980000388
bike,1013.2573420000263,1017.7500390000059
run,1014.1619130000472,1018.6546160000144
run,1015.0665040000458,1019.5592140000081
run,1015.9710870000417,1020.4637650000514
run,1016.8756490000524,1021.3683730000048
run,1017.7801900000195,1022.2729130000225
run,1018.6847690000432,1023.1774750000332
run,1019.5893650000216,1024.082070000004
run,1020.4939170000143,1024.9866320000147
run,1021.3985240000184,1025.8911780000199
run,1022.3030640000361,1026.7957490000408
run,1023.2076260000467,1027.700341000047
run,1024.1122210000176,1028.604931000038
run,1025.0167820000206,1029.5094760000356
run,1025.9213290000334,1030.4140500000212
run,1026.825920000032,1031.3186180000193
run,1027.7304920000024,1032.223192000005
run,1028.635083000001,1033.1277540000156
run,1029.5396279999986,1034.0323370000115
run,1030.4442010000348,1034.936899000022
run,1031.3487700000405,1035.8414790000534
run,1032.2533430000185,1036.7460200000205
run,1033.1579060000367,1037.650615999999
run,1034.0624890000327,1038.55518200004
run,1034.9670500000357,1039.4597690000082
run,1035.8716310000164,1040.3643250000314
run,1036.7761720000417,1041.2688930000295
run,1037.6807670000126,1042.1734860000433
run,1038.5853330000537,1043.0780420000083
run,1039.4899200000218,1043.9825980000314
run,1040.394476000045,1044.8871860000072
run,1041.299044000043,1045.7917580000358
bike,1042.2036369999987,1046.696316000016
run,1043.1081930000219,1047.6008730000467
run,1044.012749000045,1048.505472000048
run,1044.9173380000284,1049.4100210000179
run,1045.8219090000493,1050.314572000003
run,1046.7264670000295,1051.219179000007
run,1047.6310250000097,1052.123750000028
run,1048.5356230000034,1053.028284
run,1049.440173000039,1053.9328650000389
run,1050.3447240000241,1054.8374370000092
run,1051.249329000013,1055.7420310000307
run,1052.1539020000491,1056.6465590000153
run,1053.0584360000212,1057.551157000009
run,1053.9630160000524,1058.4557190000196
run,1054.8676110000233,1059.36026700004
run,1055.7721820000443,1060.2648560000234
run,1056.6767100000288,1061.169423000014
run,1057.5813080000225,1062.0740120000555
run,1058.4858700000332,1062.9785700000357
run,1059.390419000003,1063.8831370000262
run,1060.295007000037,1064.7877090000547
run,1061.199575000035,1065.6922590000322
run,1062.1041630000109,1066.5968300000532
run,1063.0087210000493,1067.501425000024
run,1063.9132890000474,1068.4060050000553
run,1064.8178600000101,1069.3105360000045
run,1065.7224100000458,1070.215113000013
run,1066.6269820000161,1071.1196930000442
run,1067.5315760000376,1072.0242470000521
run,1068.4361570000183,1072.928835000028
run,1069.3406880000257,1073.8334069999983
run,1070.2452640000265,1074.7379410000285
run,1071.1498439999996,1075.6425240000244
run,1072.0543980000075,1076.547086000035
run,1072.9589860000415,1077.451659000013
run,1073.8635580000118,1078.3562430000165
run,1074.768092000042,1079.2607730000163
run,1075.6726760000456,1080.165364000015
run,1076.5772380000562,1081.0699140000506
run,1077.4818100000266,1081.9744750000536
run,1078.3863950000377,1082.8790660000523
run,1079.2909250000375,1083.7836070000194
run,1080.1955150000285,1084.6881760000251
run,1081.100065000006,1085.592730000033
run,1082.0046270000166,1086.4973140000366
run,1082.9092170000076,1087.4018720000167
run,1083.813758000033,1088.3064400000148
run,1084.7183280000463,1089.2109930000152
run,1085.6228820000542,1090.1155730000464
run,1086.5274650000501,1091.0201330000418
run,1087.4320230000303,1091.9247040000046
run,1088.3365910000284,1092.82924500003
run,1089.2411440000287,1093.7338220000383
run,1090.1457240000018,1094.6383770000539
run,1091.0502840000554,1095.542952000047
run,1091.9548550000181,1096.4475360000506
run,1092.8593960000435,1097.3520750000025
run,1093.7639740000013,1098.2566530000186
run,1094.6685290000169,1099.1612020000466
run,1095.5731030000024,1100.06579100003
run,1096.4776880000136,1100.9703540000482
run,1097.3822270000237,1101.8748950000154
transition,1098.2868040000321,1102.7794880000292
transition,1099.191353000002,1103.6840380000067
transition,1100.0959430000512,1104.5886110000429
transition,1101.0005050000036,1105.493157000048
transition,1101.9050680000219,1106.3977380000288
transition,1102.8096400000504,1107.3022720000008
transition,1103.7141900000279,1108.2068730000174
transition,1104.6187619999982,1109.1114000000525
transition,1105.5233080000035,1110.0159830000484
transition,1106.4278890000423,1110.9205810000421
transition,1107.3324230000144,1111.8251220000093
transition,1108.237024000031,1112.72968400002
transition,1109.141582000011,1113.6342290000175
transition,1110.0461340000038,1114.5388160000439
transition,1110.9507330000051,1115.4433650000137
transition,1111.8552740000305,1116.3479260000167
transition,1112.7598350000335,1117.2525310000055
transition,1113.664380000031,1118.157103000034
transition,1114.5689680000069,1119.061674000055
transition,1115.473517000035,1119.9662700000335
transition,1116.3780770000303,1120.8708410000545
transition,1117.2826830000267,1121.7754340000101
transition,1118.1872540000477,1122.6800260000164
transition,1119.091826000018,1123.5845940000145
transition,1119.9964210000471,1124.4891820000485
transition,1120.901023000013,1125.393746000016
transition,1121.8055850000237,1126.2983400000376
transition,1122.71017700003,1127.2079430000158
transition,1123.6147460000357,1128.12260100001
transition,1124.5193330000038,1129.0271800000337
transition,1125.4238970000297,1129.9317560000345
transition,1126.3284920000006,1130.8363270000555
transition,1127.2380940000294,1131.7409170000465
transition,1128.1527530000312,1132.645484000037
transition,1129.0573310000473,1133.550057000015
transition,1129.961907000048,1134.4546380000538
transition,1130.8664780000108,1135.3592120000394
transition,1131.7710680000018,1136.2637920000125
transition,1132.6756350000505,1137.1683630000334
transition,1133.5802080000285,1138.0729649999994
transition,1134.4847900000168,1138.9775179999997
transition,1135.389363000053,1139.8820890000206
transition,1136.2939440000337,1140.78669800004
transition,1137.198514000047,1141.6912900000461
transition,1138.1031170000206,1142.5958260000334
transition,1139.0076690000133,1143.500417000032
transition,1139.9122410000418,1144.4049960000557
transition,1140.8168490000535,1145.3095890000113
transition,1141.7214410000015,1146.214151000022
transition,1142.625977000047,1147.1187340000179
transition,1143.5305680000456,1148.0233180000214
transition,1144.435147000011,1148.9279200000456
transition,1145.339740000025,1149.8324810000486
transition,1146.2443030000431,1150.7370720000472
transition,1147.1488850000314,1151.6416590000154
transition,1148.0534700000426,1152.546238000039
transition,1148.9580610000412,1153.4508070000447
transition,1149.862632000004,1154.3554030000232
transition,1150.7672240000102,1155.2599810000393
transition,1151.6718090000213,1156.164586000028
transition,1152.576390000002,1157.0691430000006
transition,1153.480958,1157.9737320000422
transition,1154.3855550000444,1158.8783340000082
transition,1155.2901330000022,1159.7829020000063
transition,1156.1947370000416,1160.687493000005
transition,1157.0992940000142,1161.5920690000057
transition,1158.0038830000558,1162.4966910000076
transition,1158.9084840000141,1163.4012670000084
transition,1159.8130530000199,1164.3058370000217
transition,1160.717645000026,1165.2104560000007
transition,1161.6222200000193,1166.1150330000091
transition,1162.5268420000211,1167.0196270000306
transition,1163.4314190000296,1167.924199000001
transition,1164.3359880000353,1168.8287890000502
transition,1165.2406070000143,1169.7333800000488
transition,1166.1451850000303,1170.6379750000197
transition,1167.0497790000518,1171.5425820000237
transition,1167.9543500000145,1172.4471600000397
transition,1168.8589400000055,1173.3517770000035
transition,1169.7635310000041,1174.2563430000446
bike,1170.6681270000408,1175.1609550000285
transition,1171.5727340000449,1176.0655430000043
bike,1172.4773110000533,1176.9701450000284
transition,1173.381928000017,1177.8747169999988
transition,1174.2864950000076,1178.7793200000306
transition,1175.1911070000497,1179.683926000027
transition,1176.0956940000178,1180.5884950000327
bike,1177.0002970000496,1181.4931270000525
bike,1177.90486900002,1182.3976810000022
bike,1178.8094710000441,1183.3022900000215
bike,1179.7140770000406,1184.2069060000358
bike,1180.6186460000463,1185.111491000047
bike,1181.5232790000155,1186.016107000003
bike,1182.427863000019,1186.9207090000273
bike,1183.332441000035,1187.8252980000107
bike,1184.2370570000494,1188.729878000042
bike,1185.1416730000055,1189.634497000021
bike,1186.0462590000243,1190.539104000025
transition,1186.9508610000485,1191.4436910000513
bike,1187.8554500000319,1192.3482920000097
bike,1188.7600290000555,1193.2529100000393
bike,1189.6646480000345,1194.157508000033
bike,1190.5692550000385,1195.0621110000066
bike,1191.47387300001,1195.9666820000275
bike,1192.3784430000233,1196.8713100000168
bike,1193.2830610000528,1197.7759220000007
bike,1194.1876590000466,1198.6805180000374
bike,1195.0922620000201,1199.5851410000469
bike,1195.9968900000094,1200.4897440000204
bike,1196.901462000038,1201.3943530000397
bike,1197.806074000022,1202.2989380000508
bike,1198.710669000051,1203.2035290000495
bike,1199.6152920000022,1204.108137000003
bike,1200.519895000034,1205.0127620000276
bike,1201.4245040000533,1205.9173640000517
bike,1202.3290900000138,1206.821917000052
bike,1203.2336810000124,1207.726526000013
bike,1204.138289000024,1208.6311490000226
bike,1205.0429140000488,1209.5357440000516
bike,1205.9475160000147,1210.4403359999997
bike,1206.8520680000074,1211.3449580000015
bike,1207.7566770000267,1212.2495650000055
bike,1208.6613000000361,1213.1541700000525
bike,1209.565895000007,1214.0587290000403
bike,1210.4705180000165,1214.9633310000063
bike,1211.375109000015,1215.86791000003
bike,1212.279716000019,1216.7725390000269
bike,1213.184321000008,1217.677143000008
bike,1214.0888810000033,1218.5817270000116
bike,1214.9934830000275,1219.4863270000205
bike,1215.8980920000467,1220.3909320000093
bike,1216.8026900000405,1221.2955100000254
bike,1217.7072940000216,1222.200123000017
bike,1218.6118770000176,1223.1047140000155
bike,1219.516478000034,1224.0093160000397
bike,1220.421083000023,1224.9139170000562
bike,1221.3256620000466,1225.8185670000385
bike,1222.230275000038,1226.72317500005
bike,1223.134865000029,1227.6277920000139
bike,1224.0394660000456,1228.5324420000543
bike,1224.9440680000116,1229.437086000049
bike,1225.8487190000014,1230.341712000023
bike,1226.753327000013,1231.2463600000483
bike,1227.6579430000274,1232.1510000000126
bike,1228.5625930000097,1233.0556750000105
bike,1229.467238000012,1233.960308000038
bike,1230.3718640000443,1234.8649360000272
bike,1231.2765120000113,1235.7695910000475
bike,1232.1811820000294,1236.6742360000499
bike,1233.085826000024,1237.5788990000146
bike,1233.9904590000515,1238.483549000055
bike,1234.8950870000408,1239.3882230000454
bike,1235.7997420000029,1240.2928740000352
bike,1236.7043870000052,1241.1975380000076
bike,1237.6090810000314,1242.1021630000323
bike,1238.513701000018,1243.006795000052
bike,1239.4183740000008,1243.9114380000392
bike,1240.3230250000488,1244.816101000004
bike,1241.2276900000288,1245.7207340000314
bike,1242.1323140000459,1246.6253790000337
bike,1243.036947000015,1247.529995000048
bike,1243.9415890000528,1248.4346110000042
bike,1244.8462520000176,1249.3392570000142
bike,1245.750885000045,1250.2438910000492
bike,1246.6555300000473,1251.1485040000407
bike,1247.560147000011,1252.0531370000099
bike,1248.4647620000178,1252.9577470000368
bike,1249.3694080000278,1253.8623840000364
bike,1250.2740430000122,1254.7669990000431
bike,1251.1786560000037,1255.6715880000265
bike,1252.0832960000262,1256.5762020000257
bike,1252.9878980000503,1257.48081800004
bike,1253.89253500005,1258.3854100000462
bike,1254.7971499999985,1259.2900630000513
bike,1255.70173900004,1260.1946450000396
bike,1256.6063530000392,1261.0992600000463
bike,1257.5109690000536,1262.0038620000123
bike,1258.4155920000048,1262.908477000019
bike,1259.3202150000143,1263.8130740000051
bike,1260.2248269999982,1264.7176660000114
bike,1261.1294110000017,1265.6222479999997
bike,1262.0340130000259,1266.5268660000293
bike,1262.9386280000326,1267.4314790000208
bike,1263.8432250000187,1268.3360620000167
bike,1264.7478180000326,1269.2406570000458
bike,1265.6524300000165,1270.1452740000095
transition,1266.5570170000428,1271.049846000038
transition,1267.4616300000343,1271.9544690000475
transition,1268.3662440000335,1272.85902600002
bike,1269.2708090000087,1273.7636540000094
transition,1270.1754260000307,1274.6682280000532
bike,1271.080018000037,1275.5728170000366
bike,1271.984620000003,1276.4774180000531
bike,1272.8891770000337,1277.3820290000294
bike,1273.793805000023,1278.286586000002
bike,1274.6983800000162,1279.191203000024
bike,1275.6029689999996,1280.095793000015
bike,1276.5075690000085,1281.000364000036
bike,1277.412180000043,1281.9049730000552
bike,1278.3167380000232,1282.8095540000359
bike,1279.2213550000452,1283.7141440000269
bike,1280.1259440000285,1284.6187380000483
bike,1281.030515999999,1285.5232960000285
bike,1281.9351250000182,1286.4279180000303
bike,1282.8397050000494,1287.3324980000034
bike,1283.7442950000404,1288.2370750000118
bike,1284.6488890000037,1289.1416720000561
bike,1285.5534480000497,1290.0462440000265
bike,1286.4580700000515,1290.9508230000501
bike,1287.362649000017,1291.8554360000417
bike,1288.267227000033,1292.7600190000376
bike,1289.1718240000191,1293.6646060000057
bike,1290.07639500004,1294.5691910000169
bike,1290.9809750000131,1295.4738010000437
bike,1291.8855880000046,1296.3783740000217
bike,1292.7901700000511,1297.2829570000176
transition,1293.694758000027,1298.1875310000032
bike,1294.5993420000304,1299.0921020000242
bike,1295.5039519999991,1299.9966910000076
bike,1296.4085250000353,1300.9012820000062
bike,1297.3131090000388,1301.805868000025
bike,1298.2176820000168,1302.710453000036
bike,1299.1222410000046,1303.6150350000244
bike,1300.0268430000287,1304.519643000036
bike,1300.9314330000198,1305.4242060000543
bike,1301.8360200000461,1306.3287810000475
bike,1302.7406040000496,1307.2333790000412
bike,1303.6452170000412,1308.1379750000197
bike,1304.549794999999,1309.0425470000482
bike,1305.4543570000096,1309.9471300000441
bike,1306.3589320000028,1310.8517290000455
bike,1307.2635609999998,1311.7563160000136
bike,1308.1681260000332,1312.660893000022
bike,1309.0726980000036,1313.5654910000158
bike,1309.977282000007,1314.4700780000421
bike,1310.8818810000084,1315.3746590000228
bike,1311.7864670000272,1316.279269999999
bike,1312.6910450000432,1317.183858000033
bike,1313.5956440000446,1318.088459999999
bike,1314.5002290000557,1318.993038000015
bike,1315.404811000044,1319.897619000054
bike,1316.3094220000203,1320.8022000000346
bike,1317.2140090000466,1321.7067920000409
bike,1318.1186110000126,1322.6113580000238
bike,1319.0231890000287,1323.5159880000283
bike,1319.9277700000093,1324.4205720000318
bike,1320.8323520000558,1325.3251440000022
bike,1321.7369430000545,1326.2297430000035
bike,1322.641510000045,1327.134315000032
bike,1323.5461400000495,1328.0389020000002
bike,1324.4507230000454,1328.9434840000467
bike,1325.3552960000234,1329.8480870000203
bike,1326.2598950000247,1330.7526740000467
bike,1327.164482000051,1331.6572540000197
bike,1328.0690540000214,1332.5618330000434
bike,1328.973635000002,1333.4664200000116
bike,1329.878238000034,1334.3710080000455
bike,1330.782825000002,1335.2755910000415
bike,1331.6874050000333,1336.1801740000374
bike,1332.5919839999988,1337.0847460000077
bike,1333.4965710000251,1337.989321000001
bike,1334.4011600000085,1338.8939080000273
bike,1335.305742000055,1339.7984970000107
bike,1336.2103260000004,1340.7030740000191
bike,1337.1148970000213,1341.6076640000101
bike,1338.0194730000221,1342.5122440000414
bike,1338.9240590000409,1343.4168210000498
bike,1339.8286470000166,1344.3213850000175
bike,1340.7332260000403,1345.2260020000394
bike,1341.6378150000237,1346.1305730000022
bike,1342.542395000055,1347.035171000054
bike,1343.4469720000052,1347.9397250000038
bike,1344.3515350000234,1348.8443070000503
bike,1345.256153000053,1349.748895000026
bike,1346.1607510000467,1350.6534860000247
bike,1347.0653220000095,1351.5580820000032
bike,1347.969877000025,1352.4626440000138
bike,1348.8744580000057,1353.3672320000478
bike,1349.7790470000473,1354.271824000054
bike,1350.683638000046,1355.1763910000445
bike,1351.5882330000168,1356.080963000015
bike,1352.492796000035,1356.985531000013
bike,1353.3973830000032,1357.8901250000345
bike,1354.301976000017,1358.7947130000102
bike,1355.206542,1359.6993200000143
bike,1356.1111140000285,1360.603877000045
bike,1357.0156820000266,1361.5085050000343
bike,1357.920276000048,1362.4130660000374
bike,1358.824895000027,1363.3176910000038
bike,1359.7294720000355,1364.2222690000199
bike,1360.6340280000004,1365.1268400000408
bike,1361.538656000048,1366.0314430000144
bike,1362.4432180000003,1366.9360250000027
bike,1363.347843000025,1367.84064400004
bike,1364.2524200000335,1368.7452170000179
bike,1365.1569920000038,1369.6498040000442
bike,1366.0615950000356,1370.5543980000075
bike,1366.9661760000163,1371.4589910000213
bike,1367.8707950000535,1372.3636000000406
bike,1368.7753680000314,1373.2681950000115
bike,1369.6799560000072,1374.1727970000356
bike,1370.5845500000287,1375.0773840000038
bike,1371.489142000035,1375.982003000041
bike,1372.3937510000542,1376.8866080000298
bike,1373.298346000025,1377.791164000053
bike,1374.2029640000546,1378.6957820000243
bike,1375.107536000025,1379.6003870000131
bike,1376.012155000004,1380.5049850000069
bike,1376.9167590000434,1381.4095830000006
bike,1377.8213150000083,1382.3141980000073
bike,1378.725933000038,1383.2187560000457
bike,1379.630540000042,1384.1233580000116
bike,1380.5351360000204,1385.0279420000152
bike,1381.4397340000141,1385.9325700000045
bike,1382.3443490000209,1386.8371320000151
bike,1383.2489080000087,1387.7417550000246
bike,1384.1535100000328,1388.6463400000357
bike,1385.0580930000287,1389.5509330000496
bike,1385.962721000018,1390.4555200000177
bike,1386.8672840000363,1391.3601350000245
bike,1387.7719060000381,1392.264729000046
bike,1388.6764910000493,1393.1693000000087
bike,1389.581084000005,1394.0739220000105
bike,1390.4856710000313,1394.9785180000472
bike,1391.390286000038,1395.8831260000006
bike,1392.2948800000013,1396.7877150000422
bike,1393.1994520000299,1397.6923140000436
bike,1394.1040740000317,1398.5969050000422
bike,1395.0086700000102,1399.5015180000337
bike,1395.9132780000218,1400.406090000004
bike,1396.8178660000558,1401.3106720000505
bike,1397.722464999999,1402.2152740000165
bike,1398.6270560000557,1403.1198310000473
bike,1399.5316690000473,1404.0244280000334
bike,1400.4362420000252,1404.929031000007
bike,1401.340823000006,1405.8336140000029
bike,1402.24541100004,1406.7381930000265
bike,1403.1499830000103,1407.6427729999996
bike,1404.054579000047,1408.5473630000488
bike,1404.9591820000205,1409.4519640000071
bike,1405.8637650000164,1410.3565270000254
bike,1406.76834400004,1411.2611050000414
bike,1407.6729250000208,1412.1656770000118
bike,1408.5775140000042,1413.070257000043
bike,1409.4821150000207,1413.9748340000515
bike,1410.386678000039,1414.8794280000147
bike,1411.291256000055,1415.7840070000384
bike,1412.1958280000254,1416.688581000024
bike,1413.100409000006,1417.5931970000383
bike,1414.0049850000069,1418.4977790000266
bike,1414.9095810000435,1419.4023520000046
bike,1415.814158000052,1420.3069280000054
bike,1416.7187330000452,1421.2114990000264
bike,1417.6233490000013,1422.1160890000174
bike,1418.5279300000402,1423.0206520000356
bike,1419.4325040000258,1423.9252320000087
bike,1420.337079000019,1424.8298170000198
bike,1421.24166900001,1425.7344340000418
bike,1422.146240000031,1426.6389880000497
bike,1423.0508030000492,1427.5435720000532
bike,1423.9553830000223,1428.4481590000214
bike,1424.8599680000334,1429.3527450000402
bike,1425.7645850000554,1430.257301000005
bike,1426.6691400000127,1431.1618730000337
bike,1427.5737230000086,1432.0664519999991
bike,1428.4783110000426,1432.9710640000412
bike,1429.3828960000537,1433.8756660000072
bike,1430.2874530000263,1434.780233000056
bike,1431.1920240000472,1435.6848160000518
bike,1432.0966040000203,1436.589393000002
bike,1433.0012160000042,1437.494003000029
bike,1433.9058170000208,1438.3985620000167
bike,1434.8103840000113,1439.3031810000539
bike,1435.7149670000072,1440.2077530000242
bike,1436.6195440000156,1441.1123720000032
bike,1437.5241540000425,1442.0169319999986
bike,1438.4287150000455,1442.9215560000157
bike,1439.3333330000169,1443.8261520000524
bike,1440.2379040000378,1444.7307470000233
bike,1441.1425230000168,1445.6353420000523
bike,1442.0471140000154,1446.539945000026
bike,1442.951708000037,1447.4445510000223
bike,1443.8563040000154,1448.3491570000187
bike,1444.7608980000368,1449.2537280000397
bike,1445.6654930000077,1450.1582940000226
bike,1446.570126000035,1451.0629130000016
bike,1447.474702000036,1451.9674840000225
bike,1448.3793080000323,1452.872068000026
bike,1449.2838740000152,1453.7766350000165
run,1450.1884450000362,1454.6812140000402
run,1451.0930640000151,1455.5857980000437
run,1451.9976360000437,1456.4904210000532
run,1452.9022190000396,1457.3949910000083
run,1453.8067870000377,1458.2995750000118
run,1454.7113650000538,1459.2041460000328
bike,1455.6159800000023,1460.1086910000304
bike,1456.5205730000162,1461.0132770000491
bike,1457.4251420000219,1461.917860000045
bike,1458.3297250000178,1462.8224120000377
bike,1459.2342970000464,1463.7269970000489
bike,1460.1388730000472,1464.631589000055
bike,1461.0434280000045,1465.5361520000151
bike,1461.948012000008,1466.4406960000051
bike,1462.8525630000513,1467.3452939999988
bike,1463.7571490000119,1468.2498650000198
bike,1464.6617400000105,1469.1544420000282
bike,1465.5663040000363,1470.058994000021
bike,1466.470878000022,1470.963562000019
bike,1467.3754450000124,1471.86813300004
bike,1468.280017000041,1472.772730000026
bike,1469.1845930000418,1473.6772850000416
bike,1470.0891760000377,1474.5818470000522
bike,1470.9937150000478,1475.4864100000123
bike,1471.8982840000535,1476.3909900000435
bike,1472.8028810000396,1477.2955610000063
bike,1473.7074360000552,1478.2000920000137
bike,1474.6119980000076,1479.1046820000047
bike,1475.5165610000258,1480.0092580000055
bike,1476.421140999999,1480.9138040000107
bike,1477.3257030000095,1481.8183900000295
bike,1478.2302440000349,1482.72295200004
bike,1479.1348330000183,1483.6275160000077
bike,1480.0394100000267,1484.5320780000184
bike,1480.943956000032,1485.436628000054
bike,1481.848541000043,1486.3412150000222
bike,1482.753104000003,1487.2457870000508
bike,1483.657668000029,1488.1503440000233
bike,1484.562229000032,1489.0549040000187
bike,1485.4668100000126,1489.9594690000522
bike,1486.3713670000434,1490.8640500000329
bike,1487.2759380000061,1491.7686200000462
bike,1488.180495000037,1492.6731740000541
bike,1489.08505600004,1493.5777510000044
bike,1489.9896500000032,1494.4823020000476
bike,1490.8942010000465,1495.386874000018
bike,1491.7987710000016,1496.291445000039
bike,1492.7033250000095,1497.1959910000442
bike,1493.6079030000255,1498.1005810000352
bike,1494.5124540000106,1499.005167000054
bike,1495.4170250000316,1499.9096970000537
bike,1496.321597000002,1500.8142760000192
bike,1497.2261430000071,1501.7188550000428
bike,1498.1307320000487,1502.623440000054
bike,1499.035319000017,1503.528030000045
bike,1499.9398490000167,1504.432557000022
bike,1500.8444270000327,1505.3371340000303
bike,1501.7490070000058,1506.2417060000007
bike,1502.6535910000093,1507.1462940000347
bike,1503.558182000008,1508.0508580000023
bike,1504.462709000043,1508.9554130000179
bike,1505.367285000044,1509.8600010000519
bike,1506.2718570000143,1510.7645550000016
bike,1507.1764450000483,1511.669130000053
bike,1508.081009000016,1512.573691000056
bike,1508.9855640000314,1513.4782520000008
bike,1509.8901530000148,1514.3828390000272
bike,1510.7947070000228,1515.2873800000525
bike,1511.6992810000083,1516.191942000005
bike,1512.6038420000114,1517.0965020000003
bike,1513.508404000022,1518.0010940000066
bike,1514.4129900000407,1518.9056480000145
bike,1515.3175310000079,1519.8102470000158
bike,1516.2220930000185,1520.7147880000412
bike,1517.1266840000171,1521.6193620000267
bike,1518.0312450000201,1522.5239630000433
bike,1518.9358000000357,1523.4285090000485
bike,1519.8403980000294,1524.3330810000189
bike,1520.7449390000547,1525.2376260000165
bike,1521.649514000048,1526.1421850000042
bike,1522.5541139999987,1527.0467750000535
run,1523.4586600000039,1527.951322000008
run,1524.3632360000047,1528.8559140000143
run,1525.26777700003,1529.7604580000043
run,1526.1723360000178,1530.6650160000427
run,1527.0769260000088,1531.5695770000457
bike,1527.981472000014,1532.4741670000367
bike,1528.8860660000355,1533.3787020000163
bike,1529.7906100000255,1534.283274000045
bike,1530.6951670000562,1535.187818000035
bike,1531.599728000001,1536.0924020000384
bike,1532.5043189999997,1536.9969620000338
bike,1533.4088540000375,1537.9015310000395
run,1534.3134250000003,1538.8060950000072
bike,1535.2179690000485,1539.7106540000532
bike,1536.1225540000014,1540.615193000005
bike,1537.027114000055,1541.5197770000086
bike,1537.9316820000531,1542.4243400000269
run,1538.8362450000132,1543.3289120000554
run,1539.7408060000162,1544.2334410000476
run,1540.6453440000187,1545.138018000056
run,1541.5499280000222,1546.042569000041
bike,1542.4544910000404,1546.9471540000523
bike,1543.3590630000108,1547.8517020000145
bike,1544.263592000003,1548.7562850000104
bike,1545.168170000019,1549.6608320000232
bike,1546.072721000004,1550.565408000024
bike,1546.9773050000076,1551.469959000009
bike,1547.881853000028,1552.37453000003
bike,1548.7864370000316,1553.279103000008
bike,1549.6909840000444,1554.183698000037
bike,1550.5955590000376,1555.0882840000559
bike,1551.5001100000227,1555.9928370000562
bike,1552.4046830000007,1556.897444000002
bike,1553.3092540000216,1557.8019770000246
bike,1554.21385,1558.7065690000309
bike,1555.1184350000112,1559.6111310000415
bike,1556.0229890000192,1560.5157200000249
bike,1556.9275950000156,1561.420305000036
bike,1557.8321280000382,1562.3248770000064
bike,1558.7367200000444,1563.2294410000322
bike,1559.641282000055,1564.1340140000102
bike,1560.5458710000385,1565.0385650000535
bike,1561.450456999999,1565.9431630000472
bike,1562.35502800002,1566.8477200000198
bike,1563.2595930000534,1567.7523159999982
bike,1564.1641650000238,1568.6569000000018
bike,1565.068747000012,1569.5614280000445
bike,1565.9733150000102,1570.4660030000377
bike,1566.8778710000333,1571.370575000008
bike,1567.7824680000194,1572.275129000016
bike,1568.6870510000153,1573.1797260000021
bike,1569.591579,1574.0842690000427
bike,1570.4961550000007,1574.9888530000462
bike,1571.4007260000217,1575.8934130000416
bike,1572.305279000022,1576.797967999999
bike,1573.2098770000157,1577.70255300001
bike,1574.1144200000563,1578.6071010000305
bike,1575.0190040000016,1579.5116760000237
bike,1575.9235640000552,1580.416217000049
bike,1576.8281190000125,1581.3207910000347
bike,1577.7327050000313,1582.2253870000131
bike,1578.6372530000517,1583.1299090000102
bike,1579.5418270000373,1584.0345000000088
bike,1580.4463710000273,1584.9390380000114
bike,1581.3509430000558,1585.84362400003
bike,1582.2555380000267,1586.7481790000456
bike,1583.1600600000238,1587.652756000054
bike,1584.06465200003,1588.5573100000038
bike,1584.9691900000325,1589.4618699999992
bike,1585.8737750000437,1590.3664110000245
bike,1586.778330000001,1591.2710090000182
bike,1587.682908000017,1592.175549000036
bike,1588.587462000025,1593.0801429999992
bike,1589.4920210000128,1593.9846760000219
bike,1590.396562000038,1594.8892460000352
bike,1591.3011600000318,1595.7937920000404
bike,1592.2057000000495,1596.6983710000059
bike,1593.1102940000128,1597.6029650000273
bike,1594.0148270000354,1598.5075260000303
bike,1594.9193970000488,1599.4120970000513
bike,1595.823973999999,1600.3166180000408
bike,1596.728523000027,1601.221212000004
bike,1597.633116000041,1602.125764000055
bike,1598.537677000044,1603.0303520000307
bike,1599.4422490000143,1603.9348790000076
bike,1600.3467700000037,1604.8394510000362
bike,1601.2513630000176,1605.7440350000397
bike,1602.1559150000103,1606.6485990000074
bike,1603.0605040000519,1607.5531870000414
bike,1603.9650310000288,1608.4577410000493
bike,1604.8696020000498,1609.3622820000164
bike,1605.7741870000027,1610.26686600002
bike,1606.6787510000286,1611.1714410000131
bike,1607.583338000055,1612.076024000009
bike,1608.4878920000046,1612.980612000043
bike,1609.39243300003,1613.8851430000504
bike,1610.2970170000335,1614.7897470000316
bike,1611.2015920000267,1615.6943010000396
bike,1612.1061760000302,1616.5988530000322
bike,1613.0107629999984,1617.5034480000031
bike,1613.9152940000058,1618.4080200000317
bike,1614.8198990000528,1619.3125760000548
bike,1615.7244520000531,1620.2171310000122
bike,1616.629035000049,1621.1217330000363
bike,1617.5336000000243,1622.0262790000415
bike,1618.4381710000453,1622.9308440000168
bike,1619.3427280000178,1623.8354230000405
bike,1620.2472830000333,1624.739961000043
bike,1621.15188400005,1625.6445450000465
bike,1622.0564300000551,1626.5490990000544
bike,1622.960996000038,1627.4536700000172
bike,1623.865574000054,1628.3582640000386
bike,1624.7701119999983,1629.2628100000438
bike,1625.6746960000019,1630.1673690000316
bike,1626.5792500000098,1631.0719350000145
bike,1627.4838430000236,1631.9765080000507
bike,1628.3884150000522,1632.8810660000308
bike,1629.2929609999992,1633.7856260000262
bike,1630.1975210000528,1634.6901670000516
bike,1631.1020870000357,1635.5947650000453
bike,1632.006659000006,1636.499336000008
bike,1632.9112170000444,1637.4038770000334
bike,1633.8157780000474,1638.3084490000037
bike,1634.7203190000146,1639.2130130000296
bike,1635.6249160000007,1640.117600000056
bike,1636.5294880000292,1641.0221300000558
bike,1637.4340290000546,1641.9267059999984
bike,1638.3386000000173,1642.8312520000036
bike,1639.2431640000432,1643.7358480000403
bike,1640.147752000019,1644.6404050000128
bike,1641.0522820000187,1645.544971000054
bike,1641.956857000012,1646.4495430000243
bike,1642.8614030000172,1647.3540770000545
bike,1643.7659990000539,1648.2586690000026
bike,1644.6705560000264,1649.1632280000485
bike,1645.5751220000093,1650.0678040000494
bike,1646.4796940000379,1650.972332000034
bike,1647.38422800001,1651.876917000045
bike,1648.2888210000237,1652.7814630000503
bike,1649.1933800000115,1653.686039000051
bike,1650.0979550000047,1654.590583000041
bike,1651.0024830000475,1655.4951540000038
bike,1651.907069000008,1656.3997150000068
bike,1652.8116150000133,1657.304310000036
bike,1653.7161900000065,1658.2088579999981
bike,1654.6207340000547,1659.1134230000316
bike,1655.5253260000027,1660.017976000032
bike,1656.429867000028,1660.9225390000502
bike,1657.3344610000495,1661.827095000015
bike,1658.2390090000117,1662.731637000048
bike,1659.1435750000528,1663.636220000044
bike,1660.048128000053,1664.5407650000416
bike,1660.9526900000055,1665.4453360000043
bike,1661.8572460000287,1666.3498920000275
bike,1662.7617880000034,1667.2544710000511
bike,1663.6663709999993,1668.1590399999986
bike,1664.5709160000551,1669.0636010000017
bike,1665.4754880000255,1669.968198000046
transition,1666.3800440000487,1670.872742000036
transition,1667.2846220000065,1671.7772980000009
transition,1668.1891910000122,1672.6818680000142
transition,1669.0937530000228,1673.5864290000172
transition,1669.9983490000013,1674.4910000000382
transition,1670.9028930000495,1675.3956270000199
transition,1671.807450000022,1676.3001870000153
transition,1672.7120200000354,1677.204785000009
transition,1673.6165800000308,1678.1093960000435
transition,1674.5211520000012,1679.0139610000188
transition,1675.4257800000487,1679.9185300000245
transition,1676.3303380000289,1680.8231300000334
transition,1677.2349360000226,1681.727687000006
transition,1678.1395469999989,1682.6322790000122
transition,1679.0441120000323,1683.536848000018
transition,1679.948681000038,1684.4414190000389
