transition,0.0,4.493683000000601
bike,0.904765999999654,5.39844599999924
bike,1.8095209999955841,6.303226999996696
transition,2.7142649999950663,7.207990999995673
transition,3.619059999997262,8.112742999997863
transition,4.523833999999624,9.017519999993965
transition,5.428597999998601,9.922284000000218
transition,6.333377999995719,10.827068999999028
transition,7.238142999995034,11.731827999996312
transition,8.142925000000105,12.636587999993935
run,9.047671000000264,13.541371999999683
run,9.952434999999241,14.446148999995785
run,10.857219999998051,15.35094399999798
run,11.761979999995674,16.255676000000676
run,12.666769999996177,17.16046899999492
run,13.571523999999044,18.065231000000495
run,14.476330999998027,18.970031999997445
run,15.381094999997003,19.87985199999821
run,16.2858269999997,20.789623999997275
run,17.19061999999394,21.699430000000575
transition,18.095382999999856,22.609208999994735
transition,19.00018299999647,23.5190289999955
run,19.910015999994357,24.423806999999215
run,20.819774999996298,25.328615999998874
run,21.729581999999937,26.233377999997174
run,22.639390999996976,27.138175000000047
run,23.54918099999486,28.043009999993956
run,24.453958999998576,28.947825999995985
run,25.358766999997897,29.852641999998013
run,26.263528999996197,30.7574139999997
run,27.16832599999907,31.66226199999801
run,28.073161000000255,32.5671069999953
run,28.977977999995346,33.471927999999025
run,29.882792999997037,34.37674399999378
run,30.787595999994664,35.281599999994796
run,31.69241399999737,36.18640799999412
run,32.597257999994326,37.09123700000055
run,33.50207899999805,37.9960809999975
run,34.40692599999602,38.90089699999953
run,35.31175099999382,39.80575300000055
run,36.216560000000754,40.71057699999801
run,37.12141899999551,41.61544799999683
run,38.026231999996526,42.520293999994465
run,38.93108899999788,43.42512100000022
run,39.835934999995516,44.329963999996835
run,40.74075900000025,45.2347809999992
run,41.64559999999619,46.139596999993955
run,42.550445999993826,47.044442999998864
run,43.45530299999518,47.94926199999463
run,44.3601159999962,48.85404600000038
run,45.264931999998225,49.75885700000072
run,46.1697789999962,50.66368700000021
run,47.07459399999789,51.568514999999024
run,47.97941200000059,52.47329499999614
run,48.884228999995685,53.38311099999555
run,49.78903899999568,54.29297199999564
run,50.69383799999923,55.20281299999624
run,51.59866599999805,56.11265099999582
run,52.503476999998384,57.01745499999379
run,53.41326299999491,57.922239999999874
run,54.323122999994666,58.827046999998856
run,55.23296399999526,59.73185199999716
run,56.14280299999518,60.63663599999563
run,57.047607000000426,61.54142899999715
run,57.95241299999907,62.446211999995285
run,58.85719899999822,63.35101899999427
run,59.76200399999652,64.25579799999832
run,60.666817999997875,65.16057999999612
run,61.57161099999939,66.06536299999425
run,62.476393999997526,66.97015999999712
run,63.381171000000904,67.87494499999593
run,64.28598000000056,68.7797419999988
run,65.19076199999836,69.6845039999971
run,66.09554499999649,70.5892789999998
run,67.00031099999615,71.49407399999473
run,67.90509599999496,72.39884599999641
run,68.80989299999783,73.3036030000003
run,69.71465499999613,74.20840899999894
run,70.61946099999477,75.11319699999876
run,71.52422499999375,76.01794999999402
run,72.42899699999543,76.9227350000001
run,73.33378399999492,77.82753599999705
run,74.23855999999796,78.73227299999417
run,75.14334799999779,79.63708000000042
run,76.04813099999592,80.54183699999703
run,76.95288599999913,81.4466059999977
run,77.85768699999608,82.35142300000007
run,78.76245399999607,83.25616599999921
run,79.66723099999945,84.16596700000082
run,80.57201899999927,85.07072999999946
run,81.47675799999706,85.98053199999413
run,82.38157399999909,86.89032299999963
run,83.28631799999857,87.80016199999955
run,84.19611900000018,88.70490900000004
run,85.10088099999848,89.60972299999412
run,86.01068400000077,90.51446799999394
run,86.92047399999865,91.42426399999385
run,87.83031299999857,92.33407699999952
run,88.73505999999907,93.23884399999952
run,89.63987400000042,94.14864300000045
run,90.54461900000024,95.05341499999486
run,91.45441500000015,95.958200999994
bike,92.36422799999855,96.8629329999967
run,93.26899499999854,97.76772999999957
run,94.17879399999947,98.67249599999923
run,95.08356699999422,99.57728299999872
run,95.98833000000013,100.4820269999982
run,96.89308499999606,101.38680699999531
run,97.79788199999894,102.29158900000039
run,98.70264699999825,103.19635600000038
run,99.60743499999808,104.10110200000054
run,100.51217799999722,105.00588599999901
run,101.41698899999756,105.91064099999494
run,102.32173999999941,106.8154149999973
run,103.22650799999974,107.72016299999814
run,104.1312839999955,108.62494899999729
run,105.03603699999803,109.53975799999898
bike,105.94079199999396,110.44957099999738
run,106.84556699999666,111.35435499999585
run,107.75034500000038,112.2591059999977
run,108.65509999999631,113.17392099999415
run,109.56993999999395,114.07870099999855
run,110.4797219999964,114.98345599999448
run,111.38450699999521,115.88822099999379
run,112.28928799999994,116.79298500000004
run,113.20407300000079,117.69775300000038
run,114.10885199999757,118.60250199999427
run,115.01361699999688,119.50725699999748
run,115.91837200000009,120.41203599999426
run,116.8231369999994,121.31683499999781
bike,117.7279039999994,122.22156499999983
run,118.63265300000057,123.12633300000016
run,119.53743899999972,124.0310959999988
run,120.4422179999965,124.93585099999473
run,121.34698599999683,125.84062099999574
run,122.25171599999885,126.74538899999607
run,123.15648499999952,127.6501700000008
run,124.06124699999782,128.5549069999979
run,124.96600199999375,129.4596709999969
bike,125.87080299999798,130.36444199999823
run,126.77554099999543,131.26919599999383
bike,127.68032099999982,132.17395399999805
run,128.58505799999693,133.07872199999838
run,129.48982299999625,133.9834769999943
run,130.39459299999726,134.88821599999937
transition,131.29934700000013,135.79800399999658
transition,132.2041059999974,136.70780199999717
run,133.1088729999974,137.61757499999658
run,134.0136280000006,138.52234199999657
run,134.91836799999874,139.42709399999876
run,135.8281549999956,140.33185799999774
run,136.73795399999653,141.2366089999996
run,137.6477259999956,142.14137499999924
run,138.55249399999593,143.0461359999972
run,139.45724499999778,143.95089000000007
run,140.36200899999676,144.8556499999977
run,141.26676099999895,145.76037099999667
run,142.17152599999827,146.66514499999903
run,143.07628699999623,147.56991099999868
run,143.98104199999943,148.47465999999986
run,144.88580099999672,149.37940700000036
bike,145.7905529999989,150.28417799999443
bike,146.695326999994,151.18893899999966
bike,147.60009300000092,152.09368600000016
bike,148.50481099999888,152.99843999999575
bike,149.40955799999938,153.9031959999993
bike,150.3143299999938,154.80796899999405
bike,151.2190899999987,155.7126849999986
bike,152.12383699999918,156.61746399999538
run,153.02859199999511,157.52220799999486
run,153.93334699999832,158.42696799999976
run,154.83812100000068,159.33174699999654
run,155.7428660000005,160.23650400000042
run,156.64764599999762,161.1412280000004
run,157.55235899999388,162.045981999996
bike,158.45711999999912,162.95072499999515
bike,159.36189799999556,163.85550599999988
bike,160.26665499999945,164.7602259999985
bike,161.17140999999538,165.66498399999546
bike,162.07612199999858,166.5697349999973
bike,162.98087599999417,167.4745019999973
bike,163.8856569999989,168.37923600000067
transition,164.79040800000075,169.2839959999983
transition,165.69513499999448,170.18875399999524
transition,166.59988699999667,171.1035619999966
transition,167.50465299999632,172.0082859999966
transition,168.40941799999564,172.91302699999505
run,169.31414699999732,173.81780399999843
run,170.2189059999946,174.72256099999504
transition,171.13371299999562,175.6323310000007
transition,172.03846799999883,176.5420759999979
run,172.94317799999408,177.44684499999858
transition,173.84795499999746,178.35159899999417
run,174.7527129999944,179.25633599999856
run,175.66248300000007,180.16107799999736
bike,176.57225800000015,181.06583300000057
run,177.4769959999976,181.9705580000009
run,178.3817510000008,182.87532400000055
run,179.28651700000046,183.78008299999783
run,180.19122999999672,184.68482499999664
run,181.09598499999993,185.5895889999956
run,182.00073999999586,186.49432700000034
run,182.9054759999999,187.39905200000067
run,183.8102349999972,188.30383399999846
run,184.71500699999888,189.20857499999693
run,185.61973999999464,190.11331100000098
run,186.52447799999936,191.0180659999969
bike,187.42923399999563,191.92283099999622
bike,188.33398599999782,192.82756900000095
bike,189.23872599999595,193.73232899999857
transition,190.14349299999594,194.64211399999476
run,191.04821699999593,195.5518729999967
run,191.95298299999558,196.46167199999763
run,192.85774999999558,197.37140499999805
run,193.76248099999793,198.28119199999492
run,194.67226599999412,199.18596599999728
run,195.58202399999573,200.0907109999971
run,196.49182299999666,200.9954660000003
bike,197.4015870000003,201.90019799999573
bike,198.31137399999716,202.80494999999792
bike,199.2161169999963,203.7097319999957
bike,200.12086299999646,204.6144439999989
bike,201.02561699999933,205.5191930000001
bike,201.93034899999475,206.42396000000008
bike,202.83510099999694,207.32869399999618
run,203.73988399999507,208.23345999999583
bike,204.64462599999388,209.1381889999975
bike,205.5493439999991,210.04294400000072
bike,206.4541109999991,210.9476829999985
bike,207.3588449999952,211.85243199999968
run,208.2636119999952,212.75718799999595
bike,209.16837099999975,213.6619470000005
bike,210.07309499999974,214.56667399999424
bike,210.97783399999753,215.4714279999971
bike,211.88261399999465,216.37617899999896
bike,212.78733899999497,217.28091799999675
bike,213.69209899999987,218.18568999999843
transition,214.59682600000087,219.1004849999954
transition,215.50157899999613,220.010202999998
run,216.40632999999798,220.9149780000007
transition,217.31106899999577,221.81973099999595
run,218.2158419999978,222.72445699999662
run,219.1306259999983,223.6292109999995
run,220.04038500000024,224.53394099999423
transition,220.94512899999972,225.4387029999998
run,221.84988199999498,226.3484959999987
run,222.75460799999564,227.25327199999447
run,223.65936299999885,228.157984999998
run,224.56412299999647,229.06273900000087
run,225.46885399999883,229.96747499999765
run,226.37864699999773,230.87223499999527
transition,227.28342300000077,231.77698999999848
bike,228.18813599999703,232.68174699999508
bike,229.09289100000024,233.586467000001
bike,229.99765599999955,234.49124099999608
bike,230.90238699999463,235.39599499999895
run,231.8071409999975,236.30076800000097
run,232.7118979999941,237.2054849999986
run,233.61664899999596,238.11023899999418
run,234.52139299999544,239.0150119999962
run,235.42614599999797,239.91973499999585
run,236.330919,240.8245009999955
bike,237.23566700000083,241.72921099999803
bike,238.14040899999964,242.63396300000022
bike,239.04516299999523,243.53870800000004
bike,239.94988599999488,244.45351699999446
run,240.85465199999453,245.3632660000003
run,241.75936199999705,246.2679849999986
run,242.66411499999958,247.17779999999766
run,243.56888899999467,248.09262599999784
run,244.48366800000076,248.997371999998
run,245.39341699999932,249.90218099999765
run,246.29816700000083,250.80692999999883
transition,247.2079819999999,251.7117259999941
transition,248.12277699999686,252.6214770000006
transition,249.02752399999736,253.53131899999426
run,249.93233299999702,254.44108499999857
run,250.8371119999938,255.35089799999696
run,251.74187800000072,256.25568199999543
run,252.65669399999751,257.16042699999525
run,253.5615009999965,258.06518199999846
transition,254.47123699999793,258.9699859999964
transition,255.3810799999992,259.8847949999981
run,256.28583299999445,260.7945829999953
transition,257.1905789999946,261.69935599999735
transition,258.0953640000007,262.60411499999464
transition,259.00013699999545,263.50887999999395
transition,259.91497700000036,264.41364699999394
bike,260.82473399999435,265.318422999997
bike,261.7295069999964,266.22316099999443
bike,262.6342969999969,267.12791599999764
transition,263.5390320000006,268.03774899999553
transition,264.44379800000024,268.9475189999939
transition,265.348573999996,269.8523060000007
transition,266.2533429999967,270.7570510000005
transition,267.1580979999999,271.6618159999998
run,268.0679009999949,272.5716370000009
transition,268.97770099999616,273.481412000001
transition,269.88245800000004,274.39121299999533
run,270.7872019999995,275.2960049999965
run,271.6919679999992,276.2007589999994
run,272.60178799999994,277.1055139999953
run,273.51156400000036,278.0102540000007
run,274.42139399999724,278.9150659999941
run,275.32615599999554,279.81980399999884
run,276.23091099999874,280.7245829999956
run,277.13566499999433,281.6293379999988
run,278.04040499999974,282.5341069999995
run,278.9452160000001,283.43884199999593
run,279.8499559999982,284.34364699999423
run,280.75473399999464,285.2483989999964
run,281.65948899999785,286.1531529999993
run,282.56428899999446,287.0579299999954
run,283.46902399999817,287.96268899999995
run,284.37379800000053,288.8674780000001
run,285.27854999999545,289.7722189999986
run,286.1833269999988,290.67699999999604
run,287.08811199999764,291.58175199999823
run,287.9928709999949,292.48651199999586
run,288.89762899999914,293.3912500000006
run,289.80237099999795,294.296024999996
run,290.70715099999506,295.20077599999786
run,291.61190299999726,296.1055309999938
run,292.5166639999952,297.0103089999975
run,293.4214009999996,297.91506699999445
run,294.32617599999503,298.81978199999867
run,295.2309279999972,299.7245569999941
run,296.1356820000001,300.6293019999939
run,297.04045999999653,301.53404500000033
run,297.94521800000075,302.4387839999981
run,298.8499640000009,303.3435609999942
run,299.7547080000004,304.24829399999726
run,300.6594530000002,305.15304900000046
run,301.5642269999953,306.05775999999605
run,302.4689359999975,306.9675270000007
run,303.3737120000005,307.872245999999
run,304.2784449999963,308.7820569999967
bike,305.1831999999995,309.69181799999933
run,306.0879109999951,310.6015950000001
run,306.99767900000006,311.5113409999976
run,307.902396999998,312.42112699999416
run,308.81220799999574,313.330879000001
run,309.72196899999835,314.2356099999961
run,310.6317759999947,315.14539999999397
run,311.541492999997,316.0551539999942
run,312.4512790000008,316.96492999999464
run,313.36103100000037,317.8696720000007
run,314.2657919999983,318.77441700000054
run,315.1755819999962,319.67918400000053
run,316.0853050000005,320.58391799999663
run,316.9951119999969,321.48867600000085
run,317.8998240000001,322.393419
run,318.8045989999955,323.2981679999939
run,319.70933499999956,324.20292199999676
run,320.614069999996,325.1077010000008
run,321.5188269999999,326.0124629999991
run,322.42360099999496,326.9171759999954
run,323.3283190000002,327.8219459999964
run,324.23309799999697,328.7266939999972
run,325.13785199999984,329.63145699999586
run,326.04261399999814,330.53617400000076
run,326.9473579999976,331.4409439999945
run,327.85209799999575,332.3457189999972
run,328.75684499999625,333.25045999999566
run,329.6616079999949,334.15518399999564
run,330.5663559999957,335.0599650000004
run,331.4710950000008,335.96466999999393
run,332.37587099999655,336.86943099999917
run,333.2806109999947,337.77416699999594
run,334.18533499999467,338.6789239999998
run,335.0901159999994,339.58365599999524
run,335.9948519999962,340.48840799999743
run,336.89958299999853,341.39315299999726
run,337.8043489999982,342.29785999999876
run,338.70907499999885,343.2026149999947
run,339.6138379999975,344.10736399999587
run,340.51855899999646,345.01207299999805
run,341.4233039999963,345.9168509999945
run,342.328042000001,346.82157699999516
run,343.232766000001,347.72628899999836
run,344.1375149999949,348.6310369999992
run,345.04225399999996,349.5357870000007
run,345.9470020000008,350.4405110000007
run,346.8517279999942,351.34524899999815
run,347.7564399999974,352.24997299999814
run,348.66121899999416,353.1547089999949
run,349.56593799999973,354.05946699999913
run,350.4706619999997,354.96420699999726
run,351.37539999999717,355.8689239999949
run,352.28013599999395,356.7736559999976
run,353.18489099999715,357.67839199999435
run,354.08961799999815,358.58314999999857
run,354.9943579999963,359.4878810000009
run,355.8990749999939,360.39260999999533
run,356.8038069999966,361.29733799999667
run,357.7085739999966,362.20206199999666
run,358.6133009999976,363.10679600000003
run,359.51803199999995,364.0115319999968
run,360.42276099999435,364.9162619999988
run,361.32748999999603,365.82098699999915
run,362.2322439999989,366.7257229999959
run,363.13694699999905,367.63044799999625
run,364.0416829999958,368.5351709999959
run,364.9464139999982,369.4399489999996
run,365.8511389999985,370.3446819999954
run,366.7558749999953,371.25441099999443
run,367.6605989999953,372.16416399999434
run,368.56535299999814,373.07393199999933
run,369.470100999999,373.978654999999
run,370.37483399999473,374.88340099999914
run,371.2845559999987,375.7881309999939
run,372.1943459999966,376.6928540000008
run,373.10408299999835,377.5975819999949
run,374.008805999998,378.5023299999957
run,374.91355199999816,379.4070569999967
run,375.8182820000002,380.3118009999962
run,376.7230359999958,381.2165249999962
run,377.6277639999971,382.1212400000004
run,378.53248099999473,383.0259789999982
run,379.43720799999574,383.93071199999395
run,380.3419519999952,384.8354629999958
run,381.2466759999952,385.74020899999596
run,382.15139199999976,386.6449349999966
run,383.05613099999755,387.549665999999
run,383.9608939999962,388.45439500000066
run,384.8656139999948,389.3590980000008
run,385.7703609999953,390.2638220000008
run,386.675086999996,391.1685639999996
run,387.57981799999834,392.07329399999435
run,388.4845459999997,392.9780279999977
run,389.38924899999984,393.8827939999974
run,390.2939729999998,394.7875019999992
run,391.19871499999863,395.69224199999735
run,392.1034759999966,396.5969799999948
run,393.00820999999996,397.50168599999597
run,393.9129449999964,398.4064279999948
run,394.81765299999824,399.3111529999951
run,395.7223929999964,400.2158899999995
run,396.62713199999416,401.1205950000003
run,397.53183799999533,402.0253339999981
run,398.43657999999414,402.9300729999959
run,399.3413169999985,403.83479299999453
run,400.2460409999985,404.7395219999962
run,401.15074599999934,405.64426000000094
run,402.05548499999713,406.5540550000005
run,402.96025499999814,407.4637739999962
run,403.8649749999968,408.3685269999987
run,404.76970399999846,409.2732509999987
run,405.6744419999959,410.1880519999977
run,406.5842069999999,411.09275499999785
run,407.49392599999555,411.9974829999992
run,408.39867799999774,412.902221999997
run,409.30340199999773,413.8119979999974
run,410.2182029999967,414.71672599999874
run,411.1229059999969,415.6214469999977
run,412.0276339999982,416.52619699999923
run,412.932372999996,417.43094500000007
run,413.8421489999964,418.33565299999464
run,414.746908000001,419.2403769999946
run,415.65162899999996,420.14512999999715
run,416.5563489999986,421.0498449999941
run,417.4610969999994,421.9545749999961
run,418.36580400000094,422.8593009999968
run,419.2705280000009,423.7640360000005
run,420.1752809999962,424.6688059999942
run,421.0799960000004,425.57353099999455
run,421.98472599999513,426.4782619999969
run,422.889482999999,427.38296999999875
run,423.79421799999545,428.28769399999874
run,424.6989570000005,429.1924289999952
run,425.60368200000084,430.097170999994
run,426.50841399999626,431.00188199999684
run,427.4131219999981,431.9066229999953
run,428.3178459999981,432.8113400000002
run,429.2225799999942,433.716085
run,430.1273220000003,434.62081000000035
run,431.03203299999586,435.5255449999968
run,431.93677399999433,436.4302649999954
run,432.8414909999992,437.3349889999954
run,433.746266999995,438.2397309999942
run,434.6509919999953,439.14444899999944
run,435.555726999999,440.04918799999723
run,436.4604459999973,440.96399199999723
run,437.36518899999646,441.8737159999946
run,438.26991299999645,442.7784509999983
transition,439.1746309999944,443.68820199999755
transition,440.07936999999947,444.59795199999644
transition,440.99414299999626,445.50770999999804
run,441.9038670000009,446.412424999995
run,442.80860199999734,447.31714899999497
run,443.71835299999657,448.2218900000007
run,444.62810299999546,449.1266319999995
run,445.5378619999974,450.031336
run,446.44257699999434,450.93607899999915
run,447.34730099999433,451.8408139999956
run,448.25204099999974,452.7455459999983
run,449.15678299999854,453.65023199999996
run,450.06148699999903,454.5549580000006
run,450.9662299999982,455.45967999999993
run,451.8709649999946,456.3644039999999
run,452.7756969999973,457.26914099999703
run,453.6804139999949,458.1738899999982
run,454.5851399999956,459.07857499999955
run,455.48983099999896,459.9833109999963
run,456.39456799999607,460.8880229999995
run,457.2992929999964,461.792766999999
run,458.20404199999757,462.69749500000034
run,459.1087569999945,463.6022309999971
run,460.01346199999534,464.50691599999845
run,460.9181749999989,465.4116369999974
run,461.82291899999836,466.3163609999974
run,462.7276469999997,467.2210999999952
run,463.63238199999614,468.1258119999984
run,464.5370679999978,469.03054499999416
run,465.4417889999968,469.935252999996
run,466.3465129999968,470.8399879999997
run,467.2512509999942,471.7446739999941
run,468.15599400000065,472.6494160000002
run,469.0606970000008,473.55414200000087
run,469.96540499999537,474.4588719999956
run,470.8701399999991,475.36857099999906
run,471.77485599999636,476.27833799999644
run,472.67956799999956,477.1830819999959
run,473.5842940000002,478.0927989999982
transition,474.48902399999497,478.99754199999734
transition,475.3987300000008,479.9072879999949
transition,476.3085199999987,480.8119899999947
transition,477.21323299999494,481.71673899999587
run,478.1229499999972,482.6214519999994
run,479.0327279999983,483.5261959999989
run,479.93743999999424,484.4308999999994
run,480.84217199999694,485.33562399999937
run,481.7468899999949,486.240343999998
run,482.65160299999843,487.1450629999963
run,483.55634799999825,488.0497899999973
run,484.46105199999874,488.9545349999971
run,485.36577599999873,489.85924499999965
run,486.270494999997,490.768968999997
run,487.17521499999566,491.67875999999524
run,488.07994199999666,492.5834429999959
run,488.9846869999965,493.4881879999957
run,489.88939599999867,494.3929119999957
run,490.79911999999604,495.2976269999999
run,491.70891099999426,496.20235200000025
run,492.61362499999814,497.10708899999736
run,493.51833899999474,498.01179499999853
run,494.42305399999896,498.91650999999547
run,495.32777799999894,499.8212519999943
run,496.23250299999927,500.7259649999978
run,497.1372409999967,501.63071999999374
run,498.04197600000043,502.5404019999987
run,498.9466609999945,503.45021899999847
run,499.8514030000006,504.3599169999943
run,500.7561169999972,505.26462999999785
run,501.6608720000004,506.1743819999974
run,502.57058400000096,507.08412999999564
run,503.4803699999975,507.98886800000037
run,504.39009899999655,508.8986369999984
run,505.2947819999972,509.80334899999434
run,506.20456399999966,510.7131009999939
run,507.11428099999466,511.6228669999982
run,508.0190199999997,512.5275739999997
run,508.92878799999744,513.4322990000001
run,509.83350000000064,514.3370040000009
run,510.7432520000002,515.241740999998
run,511.6530189999976,516.1464539999943
run,512.5577259999991,517.0511960000003
run,513.4624619999959,517.9659599999941
run,514.3671859999959,518.8706939999975
transition,515.2718929999974,519.7754239999995
run,516.1766060000009,520.6801339999947
run,517.0863539999991,521.5848609999957
run,517.9961110000004,522.4895919999981
run,518.9008449999965,523.3943159999981
run,519.8055759999988,524.2990409999984
run,520.710315999997,525.2037339999952
run,521.6150119999947,526.1084679999985
run,522.5197429999971,527.0131770000007
run,523.4244669999971,527.9179279999953
run,524.3291929999978,528.822616999998
run,525.2339159999974,529.7273359999963
run,526.1386189999976,530.632071
run,527.0433279999997,531.5368089999974
run,527.9480799999947,532.4415029999946
run,528.8527990000002,533.3462259999942
run,529.7574869999953,534.2509519999949
run,530.662221999999,535.1556869999986
run,531.5669609999968,536.0603699999992
run,532.4716839999965,536.9701159999968
run,533.3763770000005,537.8748549999946
transition,534.2811029999939,538.7846089999948
transition,535.1858379999976,539.6893309999941
run,536.0905519999942,540.5940619999965
run,537.0002669999958,541.4987919999985
run,537.9050060000009,542.4035159999985
run,538.8147609999942,543.3082579999973
run,539.7194820000004,544.2129879999993
run,540.6242129999955,545.1177099999986
run,541.5289429999975,546.0224249999956
run,542.4336669999975,546.9271279999957
run,543.3384089999963,547.841926999994
transition,544.2431389999983,548.7466819999972
run,545.147861999998,549.6563979999992
run,546.0526069999978,550.5611389999976
run,546.957309999998,551.4658629999976
run,547.872077,552.3706129999991
run,548.7768329999963,553.2753369999991
run,549.6865489999982,554.1801179999966
run,550.5912899999967,555.0848579999947
run,551.4960099999953,555.9895919999981
run,552.4007639999982,556.8943639999998
run,553.3055189999941,557.8041420000009
run,554.2102689999956,558.7089229999983
run,555.1150099999941,559.6136310000002
run,556.0197740000003,560.5184009999939
run,556.9245149999988,561.4231259999942
run,557.8342929999999,562.3278589999973
run,558.7390739999973,563.2325930000006
run,559.6437829999995,564.1373299999977
run,560.5485530000005,565.0420679999952
run,561.4532770000005,565.9468280000001
run,562.3580409999995,566.851542999997
run,563.262745,567.7612899999949
run,564.1674819999971,568.6660149999952
run,565.0722489999971,569.5707509999993
run,565.9769799999995,570.4805409999972
run,566.8816949999964,571.3902830000006
run,567.7914419999943,572.2949909999952
run,568.6961669999946,573.2047879999955
run,569.6009319999939,574.1095249999998
run,570.5107050000006,575.014264999998
run,571.4204339999997,575.9240050000008
run,572.3251729999974,576.8287349999955
run,573.2349389999945,577.7385699999941
transition,574.1396759999989,578.6483469999948
run,575.044415999997,579.5530870000002
run,575.9541559999998,580.4578729999994
run,576.8589169999977,581.3626399999994
run,577.7687220000007,582.2724529999978
run,578.6784979999939,583.1772669999991
run,579.5832689999952,584.0870499999946
run,580.4880239999984,585.0018889999992
run,581.3928219999943,585.9116959999956
run,582.302635,586.816472999999
run,583.2074179999981,587.7212139999974
run,584.122236999996,588.6260259999981
run,585.0320409999986,589.5307629999952
run,585.9418469999946,590.4405229999975
run,586.846623999998,591.3503710000005
run,587.7513959999997,592.2551109999986
transition,588.6561779999975,593.1598709999962
run,589.5609139999942,594.0746799999979
run,590.4707039999994,594.9794219999967
run,591.3805229999998,595.884186999996
run,592.2852619999976,596.788956999997
run,593.1950279999946,597.6936929999938
run,594.1048620000001,598.5984559999997
run,595.0095729999957,599.5032109999956
run,595.914337999995,600.4079129999955
transition,596.8191089999964,601.3126849999971
transition,597.723874999996,602.2174239999949
transition,598.6286069999987,603.1221829999995
transition,599.5333399999945,604.0268890000007
transition,600.4380639999945,604.9316529999996
transition,601.3428369999965,605.8363759999993
transition,602.2475759999943,606.7411509999947
transition,603.1523349999989,607.6458710000006
transition,604.057041,608.5506269999969
transition,604.9618039999987,609.4653919999982
transition,605.8665269999983,610.370173999996
transition,606.7713019999937,611.2748969999957
transition,607.6760219999996,612.179624999997
transition,608.5807789999963,613.0843879999957
transition,609.4955740000005,613.9891209999987
transition,610.4003259999954,614.8988499999978
transition,611.3050479999947,615.8086279999989
transition,612.2098069999993,616.7234429999953
transition,613.114539999995,617.6281549999985
transition,614.0192729999981,618.5378839999976
transition,614.929032,619.4426429999949
transition,615.8387789999979,620.3524219999963
transition,616.7535949999947,621.2621699999945
transition,617.6583059999975,622.1669089999996
transition,618.5680699999939,623.0716319999992
transition,619.4727949999942,623.976367999996
transition,620.3826039999985,624.8811429999987
transition,621.2923219999939,625.7858520000009
transition,622.1970609999989,626.6905869999973
transition,623.1017839999986,627.595315999999
transition,624.0065489999979,628.500039999999
transition,624.9112949999981,629.4047949999949
transition,625.8160040000002,630.3145689999947
transition,626.7207389999967,631.2243119999985
transition,627.625466999998,632.1290579999986
transition,628.530221999994,633.0337969999964
transition,629.4349469999943,633.9385309999998
transition,630.344720000001,634.8432449999964
transition,631.2544940000007,635.7479719999974
transition,632.1592089999976,636.6527129999959
transition,633.0639479999954,637.5574679999991
transition,633.9686819999988,638.4621979999938
transition,634.8733959999954,639.3669309999968
transition,635.7781229999964,640.2716319999963
transition,636.6828949999981,641.1763799999972
transition,637.5876250000001,642.0811429999958
transition,638.4923490000001,642.9858619999941
transition,639.3970819999959,643.9006669999944
transition,640.3017829999953,644.8104380000004
transition,641.2065619999994,645.7151599999997
transition,642.1112939999948,646.6249360000002
transition,643.0210789999983,647.5296600000001
transition,643.9308180000007,648.4343699999954
transition,644.8405899999998,649.3391300000003
transition,645.7453409999944,650.243853
transition,646.6550869999992,651.1485780000003
transition,647.5598119999995,652.0533450000003
transition,648.4645219999948,652.9580939999942
transition,649.3692809999993,653.8628140000001
transition,650.274003999999,654.7675729999974
transition,651.1787299999996,655.6722949999967
transition,652.0834959999993,656.5770189999967
transition,652.9882440000001,657.481786999997
transition,653.892995999995,658.3865220000007
transition,654.7977239999964,659.2912250000008
transition,655.7024459999957,660.1960039999976
transition,656.607213999996,661.1007129999998
transition,657.511937999996,662.0054519999976
transition,658.4166729999997,662.910179999999
transition,659.3213759999999,663.8149589999957
bike,660.226155999997,664.7196699999986
bike,661.1308639999988,665.6243990000003
bike,662.0356029999966,666.5291529999959
bike,662.9403619999939,667.4338739999948
transition,663.8451099999947,668.3386079999982
transition,664.7498209999976,669.2433369999999
bike,665.6545499999993,670.1480929999962
bike,666.5593049999952,671.0528459999987
bike,667.4640249999939,671.9575530000002
bike,668.3687589999972,672.8623039999948
bike,669.2735199999952,673.7670429999998
bike,670.1782449999955,674.671792000001
bike,671.0829969999977,675.576516000001
bike,671.9877039999992,676.4812329999986
bike,672.892485999997,677.386004
bike,673.7971949999992,678.2907219999979
bike,674.701943,679.1954499999993
bike,675.606667,680.1002129999979
bike,676.5114150000009,681.0049369999979
bike,677.4161569999997,681.9096700000009
bike,678.3208729999969,682.8144329999996
bike,679.2256319999942,683.7191559999992
bike,680.1303649999973,684.623888999995
bike,681.0350889999972,685.5286439999982
bike,681.9398209999999,686.4333619999961
bike,682.8445849999989,687.3381109999973
bike,683.7493079999986,688.2428529999961
bike,684.6540709999972,689.1475919999939
bike,685.5587949999972,690.052330999999
bike,686.4635139999955,690.9570679999961
bike,687.3682929999995,691.8618199999983
bike,688.2730039999951,692.7665619999971
bike,689.1777430000002,693.6712960000004
bike,690.082481999998,694.576049999996
transition,690.9872189999951,695.4807819999987
transition,691.8919719999976,696.3855239999975
transition,692.7967129999961,697.290270999998
transition,693.7014779999954,698.1950149999975
transition,694.6062019999954,699.0997639999987
transition,695.510964000001,700.0045019999961
transition,696.4156749999966,700.9092489999966
transition,697.3204229999974,701.8139949999968
transition,698.2251659999965,702.7187259999992
transition,699.1299149999977,703.6234809999951
transition,700.0346529999952,704.5282519999964
transition,700.9393999999957,705.432968000001
bike,701.8441469999962,706.337738999995
bike,702.7489079999941,707.2424669999964
bike,703.6536479999995,708.1472149999972
bike,704.5584029999955,709.0519899999999
bike,705.463119,709.9567079999979
bike,706.3678899999941,710.8614649999945
bike,707.2726489999986,711.7662099999943
bike,708.1773669999966,712.670938999996
bike,709.082140999999,713.5756939999992
bike,709.9868900000001,714.480469999995
bike,710.8916160000008,715.385196999996
bike,711.796362000001,716.2899589999943
bike,712.7011209999982,717.1947220000002
bike,713.6058449999982,718.0994690000007
bike,714.510620999994,719.0042179999946
bike,715.4153789999982,719.9089629999944
bike,716.3201110000009,720.8137349999961
bike,717.2248729999992,721.7184479999996
bike,718.1296199999997,722.6232029999956
bike,719.0343690000009,723.5279569999984
bike,719.9391140000007,724.432710000001
bike,720.8438869999954,725.3374669999976
bike,721.7486299999946,726.2422099999967
bike,722.6533539999946,727.1469569999972
bike,723.5581079999974,728.0517439999967
bike,724.4628620000003,728.9564449999962
bike,725.3676489999998,729.8612240000002
bike,726.2723609999957,730.7659700000004
bike,727.1771079999962,731.6707459999961
bike,728.081895999996,732.5754699999961
bike,728.9866269999984,733.4802249999993
bike,729.8913759999996,734.3849789999949
bike,730.7961209999994,735.2897289999964
bike,731.7008979999955,736.1945059999998
bike,732.6056519999984,737.099248999999
bike,733.5103759999984,738.0040539999973
bike,734.415129999994,738.9088279999996
bike,735.3198809999958,739.813639
bike,736.2246569999988,740.7184019999986
bike,737.1294300000009,741.6231869999974
bike,738.0342049999963,742.528029000001
bike,738.9389789999987,743.4328499999974
bike,739.843789999999,744.3376169999974
bike,740.7485840000008,745.2424580000006
bike,741.6533689999997,746.1472719999947
bike,742.55818,747.0520679999972
bike,743.4630009999964,747.956889000001
bike,744.3677989999996,748.8617039999954
bike,745.2726089999996,749.7665049999996
bike,746.1774239999941,750.6713209999944
bike,747.0822499999995,751.5761509999938
bike,747.98704,752.4809669999959
bike,748.8918549999944,753.3857569999964
bike,749.796656999999,754.2905819999942
bike,750.7014859999981,755.1953609999982
bike,751.6063020000001,756.1001809999943
bike,752.5111189999952,757.0049809999982
bike,753.4159079999954,757.9098149999991
bike,754.3207340000008,758.8145939999959
bike,755.2255430000005,759.7193679999982
bike,756.1303320000006,760.624152999997
bike,757.0351630000005,761.5289510000002
bike,757.9399659999981,762.4337390000001
bike,758.8447449999949,763.3385379999963
bike,759.7495199999976,764.2433079999973
bike,760.6543049999964,765.1480969999975
bike,761.5591019999993,766.0529109999989
bike,762.4638899999991,766.9576859999943
bike,763.3686889999954,767.8624459999992
bike,764.2734589999964,768.7672239999956
bike,765.1782489999969,769.6720089999944
bike,766.0830629999982,770.5767829999968
bike,766.9878380000009,771.4815649999946
bike,767.8926279999941,772.3863179999971
bike,768.797375999995,773.2910779999947
bike,769.7021609999938,774.1958909999958
bike,770.6069339999958,775.1006419999976
bike,771.511716999994,776.0054089999976
bike,772.4164689999961,776.9101679999949
bike,773.321259999997,777.8149389999962
bike,774.2260419999948,778.7196929999991
bike,775.130793999997,779.6244589999988
bike,776.0355599999966,780.5292320000008
bike,776.9403489999968,781.4339709999986
bike,777.8450899999953,782.3387539999967
bike,778.7498559999949,783.2435120000009
bike,779.6546099999978,784.1482619999952
bike,780.5593829999998,785.0530089999957
bike,781.4641229999979,785.9577819999977
bike,782.3689049999957,786.8625429999956
bike,783.2736629999999,787.7672889999958
bike,784.1784139999945,788.6720429999987
bike,785.0831599999947,789.576814
bike,785.987933999997,790.481574999998
bike,786.8926939999947,791.3863239999991
bike,787.7974399999948,792.2910479999991
transition,788.702194999998,793.1958159999995
transition,789.606964999999,794.1005879999939
transition,790.511725999997,795.005333000001
transition,791.4164759999985,795.9100889999972
transition,792.3212299999941,796.814864
bike,793.2259669999985,797.7195879999999
bike,794.1307390000002,798.6243269999977
bike,795.0354850000003,799.5290820000009
bike,795.9402399999963,800.4338669999997
bike,796.845014999999,801.3386019999962
bike,797.7497549999971,802.2433319999982
bike,798.6544789999971,803.1481070000009
bike,799.559233,804.0528689999992
bike,800.4640179999988,804.9576119999983
bike,801.3687539999955,805.8623459999944
bike,802.2735140000004,806.7671159999954
transition,803.1782579999999,807.6718709999986
transition,804.0830199999982,808.5765809999939
transition,804.9877639999977,809.4813539999959
transition,805.8925279999967,810.3861209999959
transition,806.7972669999945,811.2908360000001
transition,807.7020219999977,812.1955999999991
bike,808.6067629999961,813.1003500000006
bike,809.5115059999953,814.0051199999943
bike,810.4162719999949,814.909848999996
bike,811.3210179999951,815.8146179999967
bike,812.2257509999981,816.7193729999999
bike,813.1305009999996,817.6240879999968
bike,814.035272000001,818.5288509999955
bike,814.9400009999954,819.4336179999955
bike,815.8447689999957,820.3383479999975
bike,816.7495239999989,821.2431099999958
bike,817.6542389999959,822.1478379999971
bike,818.5590029999948,823.0525739999939
bike,819.4637689999945,823.9573229999951
bike,820.3684989999965,824.8620640000008
bike,821.2732609999948,825.7668189999968
bike,822.1780199999994,826.6715679999979
bike,823.0827260000005,827.5763119999974
bike,823.987503999997,828.4810479999942
bike,824.8922160000002,829.3858069999987
bike,825.796994999997,830.2905239999964
bike,826.701718999997,831.1953020000001
bike,827.6064629999964,832.1000319999948
bike,828.5111990000005,833.0047819999963
bike,829.4159589999981,833.909498999994
bike,830.3207059999986,834.8142729999963
bike,831.2254539999994,835.7189969999963
bike,832.1302139999971,836.6237649999966
bike,833.0349329999954,837.5284800000009
bike,833.9396809999962,838.4332549999963
bike,834.8444239999953,839.3379669999995
bike,835.7491789999985,840.2427309999985
bike,836.653916999996,841.1474479999961
transition,837.5586609999955,842.0522309999942
transition,838.4634069999956,842.9569559999945
transition,839.3681489999944,843.8617049999957
transition,840.2728819999975,844.766429999996
transition,841.1776299999983,845.6711929999947
bike,842.0823820000005,846.5759029999972
bike,842.9871070000008,847.4806769999996
bike,843.8918569999951,848.3854169999977
bike,844.7965899999981,849.290172999994
bike,845.701344999994,850.1949079999977
bike,846.6060549999966,851.099666999995
bike,847.5108279999986,852.0043759999971
bike,848.4155679999967,852.9091169999956
bike,849.3203240000003,853.8138749999998
bike,850.2250589999967,854.7185989999998
bike,851.1298189999943,855.6233189999984
bike,852.0345269999962,856.5280799999964
bike,852.9392989999978,857.4328019999957
bike,853.8440269999992,858.3375379999998
bike,854.7487509999992,859.2423089999938
bike,855.6535010000007,860.1470199999967
bike,856.5582319999958,861.0517560000008
bike,857.4629539999951,861.9565210000001
bike,858.3677199999947,862.8612549999962
bike,859.2724610000005,863.7659789999962
bike,860.1771719999961,864.6707059999972
bike,861.0819379999957,865.5754709999965
bike,861.9866719999991,866.4801869999937
bike,862.8914069999955,867.3849179999961
bike,863.7961309999955,868.2896340000007
bike,864.7008879999994,869.1943979999996
bike,865.6056219999955,870.0991349999967
bike,866.5103390000004,871.0038649999988
bike,867.4150699999955,871.9085930000001
bike,868.3198159999956,872.8133489999964
bike,869.2245489999987,873.718065999994
bike,870.1292869999961,874.6228090000004
bike,871.0340169999981,875.5275409999958
bike,871.9387759999954,876.4322819999943
bike,872.8434930000003,877.3370020000002
bike,873.7482180000006,878.2417589999968
bike,874.6529609999998,879.146471
bike,875.5576929999952,880.0512039999958
bike,876.4624629999962,880.9559499999959
bike,877.3671839999952,881.8606569999974
bike,878.2719109999962,882.7653809999974
bike,879.1766229999994,883.6701179999945
transition,880.0813549999948,884.5748399999939
transition,880.986100999995,885.479588999995
transition,881.8908079999965,886.3843029999989
transition,882.7955319999965,887.2890779999943
transition,883.7002690000008,888.1937889999972
transition,884.6049910000002,889.0985549999968
transition,885.5097409999944,890.0032769999962
bike,886.4144849999939,890.9080399999948
bike,887.3192290000006,891.8127639999948
bike,888.2239399999962,892.7175019999995
bike,889.1287059999959,893.6222730000009
bike,890.0334279999952,894.5270049999963
bike,890.9381909999938,895.4317439999941
bike,891.8429149999938,896.3364749999964
bike,892.7476839999945,897.2412449999974
bike,893.6524250000002,898.145958999994
bike,894.5571859999982,899.050722
bike,895.4618960000007,899.9554439999993
bike,896.3666569999987,900.8602049999972
bike,897.2713959999965,901.7649299999975
bike,898.1761409999963,902.6696630000006
bike,899.080872999999,903.5743959999963
bike,899.9855949999983,904.479121999997
bike,900.8903569999966,905.3838849999956
bike,901.7950809999966,906.2886299999955
bike,902.6998139999996,907.193346
bike,903.6045469999954,908.0980759999948
bike,904.5093039999992,909.002790999999
transition,905.4140359999947,909.9075239999947
transition,906.3187809999945,910.8122479999947
transition,907.223496999999,911.7169869999998
transition,908.1282269999938,912.6217229999966
transition,909.032941999998,913.5264370000004
transition,909.9376759999941,914.4311799999996
transition,910.8423999999941,915.3359159999964
bike,911.7471389999992,916.2406439999977
bike,912.6518739999956,917.145368999998
bike,913.5565879999995,918.0500749999992
bike,914.4613309999986,918.9548309999955
bike,915.3660669999954,919.8595549999955
bike,916.2707949999967,920.7642689999993
transition,917.1755209999974,921.6690170000002
transition,918.0802269999986,922.5737329999974
transition,918.9849829999948,923.478446999994
transition,919.8896959999984,924.3832029999976
transition,920.7944199999984,925.2879239999966
transition,921.6991679999992,926.1926390000008
bike,922.6038839999965,927.0973620000004
bike,923.5085980000003,928.0020979999972
bike,924.4133539999966,928.9068139999945
bike,925.3180759999959,929.8115379999945
bike,926.2227910000001,930.7162489999973
bike,927.1275139999998,931.620981
bike,928.0322489999962,932.5257290000009
bike,928.9369959999967,933.4304359999951
bike,929.8417199999967,934.3351629999961
bike,930.7464309999996,935.2399039999946
bike,931.651131999999,936.1446419999993
bike,932.5558799999999,937.0493669999996
bike,933.4605869999941,937.9540639999977
bike,934.3653139999951,938.8587879999977
bike,935.2700550000009,939.7635269999955
bike,936.1747939999987,940.6682479999945
bike,937.079518999999,941.5729659999997
bike,937.984246,942.4777029999968
transition,938.88897,943.3824349999995
bike,939.7936779999945,944.2871379999997
bike,940.6983990000008,945.1918559999976
bike,941.6031179999991,946.0965909999941
bike,942.5078549999962,947.0013159999944
bike,943.4125859999986,947.9060399999944
bike,944.3173199999947,948.8107509999973
bike,945.222007999997,949.715483
bike,946.1267430000007,950.6202080000003
bike,947.0314670000007,951.524937999995
bike,947.9362089999995,952.429670999998
bike,948.8409329999995,953.3343739999982
bike,949.7456349999993,954.2390869999945
bike,950.6503589999993,955.1438300000009
bike,951.555088999994,956.048557999995
bike,952.4598219999971,956.9532629999958
bike,953.3645249999972,957.8579869999958
bike,954.2692679999964,958.7627089999951
bike,955.1739809999999,959.6674249999996
bike,956.078708999994,960.5721649999978
bike,956.9834139999948,961.4768789999944
bike,957.8881379999948,962.3816259999949
bike,958.792889999997,963.2863240000006
bike,959.6975759999987,964.1910349999962
bike,960.6023159999968,965.0957759999947
bike,961.5070300000007,966.0004859999972
bike,962.4117769999939,966.9052099999972
bike,963.3165059999956,967.8099529999963
bike,964.2212169999984,968.7146549999961
bike,965.125927000001,969.6193859999985
bike,966.0306369999962,970.5241139999998
bike,966.9353809999957,971.4288529999976
bike,967.8401049999957,972.3335659999939
bike,968.7448369999984,973.2382569999972
bike,969.6495369999975,974.1429910000006
bike,970.5542659999992,975.0477209999954
bike,971.459004999997,975.9524669999955
bike,972.3637180000005,976.8571909999955
bike,973.2684389999995,977.7618739999962
bike,974.1731419999996,978.6665989999965
bike,975.0778729999947,979.5713449999967
bike,975.9826189999949,980.4760539999988
bike,976.8873429999949,981.3808009999993
bike,977.7920559999984,982.2854929999958
bike,978.6967509999959,983.1902139999947
bike,979.601496999996,984.0949540000001
bike,980.5062059999982,984.999695999999
bike,981.4109519999984,985.9043889999957
bike,982.315674999998,986.809110999995
bike,983.2203659999941,987.7138439999981
bike,984.1251069999998,988.6185489999989
bike,985.029846999998,989.5232849999957
bike,985.934570999998,990.4279800000004
bike,986.8392629999944,991.3327239999999
bike,987.7439959999974,992.2374429999982
bike,988.6487009999983,993.142190999999
bike,989.5534359999947,994.046875
bike,990.4581319999998,994.951599
bike,991.3628759999992,995.856323
bike,992.2675949999975,996.7610579999964
bike,993.172341999998,997.6657529999939
bike,994.077056999995,998.5704819999955
bike,994.9817509999993,999.4752169999992
bike,995.8864749999993,1000.3799259999942
bike,996.7912089999954,1001.2846419999987
bike,997.6959050000005,1002.1893859999982
bike,998.6006339999949,1003.0940889999983
bike,999.5053689999986,1003.998802999995
bike,1000.4101079999964,1004.9035269999949
bike,1001.3147929999977,1005.8082489999942
bike,1002.2195379999976,1006.712950000001
bike,1003.1242710000006,1007.6176809999961
bike,1004.028953999994,1008.5224069999967
bike,1004.933677999994,1009.4271089999966
bike,1005.8384010000009,1010.3318369999979
bike,1006.743101,1011.2365839999984
bike,1007.6478319999951,1012.1412710000004
bike,1008.5525579999958,1013.0460039999962
bike,1009.4572599999956,1013.9507279999962
bike,1010.3619879999969,1014.8554069999955
bike,1011.2667349999974,1015.7601519999953
bike,1012.1714229999998,1016.6648829999976
bike,1013.0761549999952,1017.5695869999981
bike,1013.9808649999977,1018.4742960000003
bike,1014.8855589999948,1019.3790019999942
bike,1015.7903039999946,1020.2837450000006
bike,1016.6950339999967,1021.1884779999964
bike,1017.5997389999975,1022.0931700000001
bike,1018.5044479999997,1022.9979019999955
bike,1019.4091839999965,1023.9026259999955
bike,1020.3138959999997,1024.8073619999996
bike,1021.2186299999958,1025.712053999996
bike,1022.1233519999951,1026.616774999995
bike,1023.0280529999945,1027.5215209999951
bike,1023.9327769999945,1028.4262039999958
bike,1024.8375129999986,1029.3309449999942
transition,1025.742204999995,1030.235670999995
transition,1026.646925999994,1031.1403589999973
bike,1027.5516719999941,1032.0450829999972
bike,1028.4563549999948,1032.9498069999972
bike,1029.3610960000005,1033.854548999996
bike,1030.265821999994,1034.7592409999997
bike,1031.1705409999995,1035.6639749999958
bike,1032.0752339999963,1036.5687099999996
bike,1032.9799579999963,1037.4734029999963
bike,1033.884699999995,1038.3781429999945
bike,1034.789392999999,1039.282862
bike,1035.6941259999949,1040.1876039999988
bike,1036.5988609999986,1041.0922869999995
bike,1037.5035849999986,1041.9970109999995
bike,1038.4082949999938,1042.9017339999991
bike,1039.3130139999994,1043.8064379999996
bike,1040.2177549999979,1044.7111829999994
bike,1041.1224389999988,1045.6158849999993
bike,1042.0271619999985,1046.5206289999987
bike,1042.9318859999985,1047.4253150000004
bike,1043.8366199999946,1048.3300639999943
bike,1044.7413349999988,1049.2347769999978
bike,1045.6460369999986,1050.1395209999973
bike,1046.550780999998,1051.044206999999
bike,1047.4554979999957,1051.948930999999
bike,1048.3602150000006,1052.8536789999998
bike,1049.2649289999972,1053.758382
bike,1050.1696729999967,1054.6630809999988
bike,1051.074357999998,1055.567820999997
bike,1051.979081999998,1056.4725389999949
bike,1052.8838309999992,1057.3772649999955
bike,1053.7885339999993,1058.2819919999965
bike,1054.6932319999978,1059.1867179999972
bike,1055.597971999996,1060.0914239999984
bike,1056.5026909999942,1060.9961179999955
bike,1057.4074469999978,1061.9008560000002
bike,1058.3121429999956,1062.8056030000007
bike,1059.2168689999962,1063.7103229999993
bike,1060.1215759999977,1064.6150169999964
bike,1061.0262999999977,1065.5197559999942
bike,1061.9310069999992,1066.424466999997
bike,1062.8357539999997,1067.3291739999986
bike,1063.7404739999984,1068.233898999999
bike,1064.6451679999955,1069.138626
bike,1065.5499070000005,1070.0433189999967
bike,1066.4546179999961,1070.948043999997
bike,1067.3593550000005,1071.8527859999958
bike,1068.264049999998,1072.7575309999957
bike,1069.168776999999,1073.6622149999966
bike,1070.073500999999,1074.5669439999983
bike,1070.978194999996,1075.4716859999971
bike,1071.8829369999949,1076.3763669999971
bike,1072.7876819999947,1077.2811079999956
bike,1073.692366999996,1078.1858169999978
bike,1074.5970949999974,1079.0905319999947
bike,1075.5018369999962,1079.9952559999947
bike,1076.4065189999965,1080.8999789999943
bike,1077.311259999995,1081.8046849999955
bike,1078.2159689999971,1082.709425000001
bike,1079.1206820000007,1083.6141389999975
bike,1080.025407999994,1084.5188469999994
bike,1080.930131000001,1085.423569999999
bike,1081.8348359999945,1086.3282990000007
bike,1082.739576,1087.2329859999954
bike,1083.6442909999969,1088.137741999999
bike,1084.5489979999984,1089.042465999999
bike,1085.453720999998,1089.9471369999956
bike,1086.3584499999997,1090.8518819999954
bike,1087.2631369999945,1091.7566099999967
bike,1088.167892999998,1092.6613119999965
bike,1089.0725949999978,1093.5660279999938
bike,1089.977288999995,1094.4707759999947
bike,1090.8820329999944,1095.3754569999946
bike,1091.7867609999957,1096.280190999998
bike,1092.691463999996,1097.1849299999958
bike,1093.5961800000005,1098.0896109999958
bike,1094.500927000001,1098.9943349999958
bike,1095.405608999994,1099.899043999998
bike,1096.3103429999974,1100.803783999996
bike,1097.2150819999952,1101.708494999999
bike,1098.1197619999948,1102.6132020000005
bike,1099.0244859999948,1103.5179349999962
bike,1099.9292249999999,1104.422666999999
bike,1100.833934999995,1105.3273499999996
bike,1101.738645999998,1106.232090999998
bike,1102.643382999995,1107.136802000001
bike,1103.5480859999952,1108.0415260000009
bike,1104.452817999998,1108.9462379999968
bike,1105.357501999999,1109.8509459999987
bike,1106.262241999997,1110.755655999994
bike,1107.1669839999959,1111.660364999996
bike,1108.0716780000002,1112.5651139999973
bike,1108.9763899999962,1113.4698250000001
bike,1109.8810969999977,1114.374530000001
bike,1110.7858070000002,1115.279244999998
bike,1111.6905469999983,1116.1839569999938
bike,1112.5952649999963,1117.0886809999938
bike,1113.4999759999992,1117.993386999995
bike,1114.404681,1118.8980959999972
bike,1115.309395999997,1119.8028459999987
bike,1116.2141090000005,1120.7075269999987
bike,1117.1188449999972,1121.6122509999987
bike,1118.0235689999972,1122.5169739999983
bike,1118.9282469999962,1123.421687999995
bike,1119.832997999998,1124.3263860000006
bike,1120.7376779999977,1125.2311249999984
bike,1121.6424019999977,1126.135844999997
bike,1122.5471539999999,1127.0405379999938
bike,1123.451838999994,1127.9452779999992
bike,1124.356568999996,1128.849964999994
bike,1125.2612769999978,1129.7547090000007
bike,1126.165995999996,1130.659391999994
bike,1127.0706900000005,1131.5641279999982
bike,1127.9754299999986,1132.4688419999948
bike,1128.8801160000003,1133.3735659999948
bike,1129.7848599999998,1134.278253999997
bike,1130.689572999996,1135.1829849999995
bike,1131.5942789999972,1136.0876789999966
bike,1132.499023999997,1136.9924140000003
bike,1133.4037179999941,1137.8971180000008
bike,1134.3084359999993,1138.8018269999957
bike,1135.2131369999988,1139.706545999994
bike,1136.1178609999988,1140.6112519999951
bike,1137.0225649999993,1141.515959999997
bike,1137.9272999999957,1142.4206829999966
bike,1138.8319779999947,1143.3253980000009
bike,1139.7366980000006,1144.2301329999973
bike,1140.6414039999945,1145.1348209999996
bike,1141.546110999996,1146.039546
bike,1142.4508339999957,1146.9442359999957
bike,1143.3555489999999,1147.848960999996
bike,1144.2602839999963,1148.7536709999986
bike,1145.1650029999946,1149.658414999998
bike,1146.069696999999,1150.5630979999987
bike,1146.974417999998,1151.4678289999938
bike,1147.8791129999954,1152.372543999998
bike,1148.7838530000008,1153.2772369999948
bike,1149.688565999997,1154.1819709999982
bike,1150.5932489999977,1155.0866649999953
bike,1151.49798,1155.9913789999991
bike,1152.4026959999974,1156.8960759999973
bike,1153.307418999997,1157.8007829999988
bike,1154.2121219999972,1158.705501999997
bike,1155.1168159999943,1159.6102150000006
bike,1156.0215299999982,1160.5149319999982
bike,1156.9262279999966,1161.4196489999958
bike,1157.8309649999937,1162.3243409999995
bike,1158.735652999996,1163.2290569999968
bike,1159.6403659999996,1164.133750999994
bike,1160.5450829999972,1165.0384979999944
bike,1161.4498009999952,1165.943180999995
transition,1162.3545229999945,1166.8478869999963
transition,1163.2592079999959,1167.7526059999946
transition,1164.1639250000007,1168.6573109999954
transition,1165.0686490000007,1169.5620070000004
transition,1165.9733329999945,1170.4667530000006
transition,1166.8780379999953,1171.3714569999938
bike,1167.782757999994,1172.2761609999943
bike,1168.6874619999944,1173.1808629999941
bike,1169.5921889999954,1174.0855869999941
bike,1170.496905,1174.9902929999953
bike,1171.4016080000001,1175.894994999995
bike,1172.306313000001,1176.799712
bike,1173.2110140000004,1177.7044109999988
bike,1174.1157380000004,1178.6091180000003
bike,1175.0204439999943,1179.5138630000001
bike,1175.9251469999945,1180.4185519999955
bike,1176.8298639999994,1181.3232449999996
bike,1177.7345619999978,1182.2279720000006
bike,1178.6392699999997,1183.1326659999977
bike,1179.5440139999992,1184.0373609999951
bike,1180.448703999995,1184.9420619999946
bike,1181.3533959999986,1185.8468079999948
bike,1182.2581229999996,1186.7514989999981
bike,1183.1628169999967,1187.6561929999953
bike,1184.0675129999945,1188.560927999999
bike,1184.9722439999969,1189.465639999995
bike,1185.8769589999938,1190.370323999996
bike,1186.7816509999975,1191.2750610000003
bike,1187.6863749999975,1192.179753999997
bike,1188.5910799999983,1193.0844489999945
bike,1189.495790999994,1193.989168
bike,1190.4005059999981,1194.8938659999985
bike,1191.3052119999993,1195.798597999994
bike,1192.2099059999964,1196.7033129999982
bike,1193.1146309999967,1197.6080399999992
bike,1194.019318999999,1198.5127509999948
bike,1194.924017999998,1199.4174779999958
bike,1195.828748,1200.3222069999974
bike,1196.7334649999975,1201.2269419999939
bike,1197.6381919999985,1202.1316659999939
transition,1198.542902999994,1203.0364169999957
transition,1199.4476289999948,1203.941141999996
bike,1200.3523579999965,1204.8458549999996
transition,1201.2570930000002,1205.7505949999977
transition,1202.1618170000002,1206.655319999998
transition,1203.0665679999947,1207.5600279999999
transition,1203.9712939999954,1208.4647530000002
transition,1204.876006999999,1209.3694879999966
transition,1205.780746999997,1210.2741929999975
transition,1206.685470999997,1211.1788869999946
transition,1207.5902099999948,1212.0836199999976
transition,1208.4949049999996,1212.9883520000003
transition,1209.399639999996,1213.8930919999984
