"['43874.548872', '43879.042304']",0.178490411,0.278080253,0.168232348,2.185562364,0.470059749,0.588669501,0.002586667,0.012486,0.012966667,-0.324747333,0.103656667,0.075608,0.179069564,0.278730452,0.168293813,2.168541561,0.460024215,0.585749573,0.0041,0.0011,-0.0016,-0.04285,0.01085,0.0154,4,2,0.059787097,0.178973957,4,1,0.17476,0.28085737,5,2.236067977,0.104575862,0.228975388,4,2,0.505381818,2.565011044,6,2.449489743,0.353130435,0.576315955,5,2.236067977,0.313377778,0.464956375
"['43875.453605', '43879.947029']",0.193696643,0.314052041,0.191154448,2.27063658,0.496634907,0.680734215,0.005475333,0.016162,0.018683333,-0.273657333,0.086272,0.056592667,0.194267883,0.314686604,0.190876527,2.261637053,0.490722696,0.680650356,0.00745,0.00975,0.0019,-0.14335,-0.0019,0.0535,4,1.732050808,0.089428125,0.188164422,3,0,0.228372973,0.292088017,4,2.236067977,0.145270968,0.238323723,4,2.236067977,0.74485,2.657372385,5,2.236067977,0.3624,0.557548393,5,2.236067977,0.371513793,0.514111601
"['43876.358311', '43880.851749']",0.186445732,0.323538082,0.192800419,2.190940064,0.507704257,0.698527163,-0.006995333,0.013546667,0.003174667,0.000269333,0.110754,-0.031409333,0.186938627,0.324337288,0.193420092,2.1982799,0.497136597,0.700158409,0.01085,0.02535,0.0019,-0.1146,0.0176,0.04825,4,1.732050808,0.086057576,0.180100887,3,1,0.253221053,0.28038298,4,2,0.1368625,0.234720936,4,1.732050808,1.03615,2.691037097,5,2.236067977,0.388635714,0.529641591,5,2.645751311,0.337617241,0.481056066
"['43877.263019', '43881.756473']",0.167156948,0.316503547,0.20200008,1.872753107,0.425918813,0.699809929,0.021888,0.004681333,0.016926,0.064800667,-0.005723333,-0.013857333,0.166272884,0.317529125,0.201964038,1.877901801,0.427307096,0.702016686,0.0247,0.02665,0.03555,-0.16195,-0.0429,0.05895,4,1,0.113134286,0.154186863,4,1,0.255694444,0.260840637,4,1.732050808,0.16381875,0.22558741,4,1.732050808,0.874390909,2.525361466,5,2.449489743,0.322740741,0.493832803,5,2.645751311,0.377234483,0.485160922
"['43878.167763', '43882.661178']",0.155274255,0.310652297,0.195723118,1.806096854,0.409457154,0.682831281,0.010018667,0.008445333,0.022341333,0.216070667,0.028649333,-0.014183333,0.155469803,0.311577808,0.195095236,1.799132708,0.409821999,0.684971016,0.00835,0.03435,0.03115,-0.0143,-0.0151,0.04945,4,1,0.112642424,0.146008069,4,1.414213562,0.255394286,0.24951928,4,1.414213562,0.167448387,0.227009399,4,1.414213562,1.06035625,2.433750255,5,2.645751311,0.3563,0.49356529,4,2.449489743,0.333267742,0.474014359
"['43879.072455', '43883.565890']",0.118404838,0.206845509,0.146693345,1.111702641,0.31463242,0.542152242,0.000994667,0.005758,0.005638,0.062341333,-0.034154667,-0.071757333,0.118797313,0.207458034,0.147076033,1.113671743,0.31382093,0.539182769,-0.00345,0.02665,0.0116,-0.0774,-0.02565,-0.0294,4,1,0.078432353,0.120486571,4,1.414213562,0.18486,0.174604796,4,1.732050808,0.1094375,0.135788333,4,1.732050808,0.632223333,1.101216623,6,3.16227766,0.211258333,0.282626753,5,2.828427125,0.225218519,0.506445572
"['43879.977181', '43884.470606']",0.11662888,0.197008652,0.141438447,1.283237568,0.35563307,0.466557226,0.008226667,0.004664667,-0.000767333,-0.093690667,-0.017633333,-0.063421333,0.11672812,0.197613233,0.14191019,1.284100258,0.356385584,0.463775048,-0.00255,0.02505,-0.0011,-0.10865,-0.01545,-0.0684,4,1,0.081688235,0.138101001,4,1.414213562,0.194226471,0.173031462,4,1.414213562,0.099725806,0.118238488,5,1.732050808,0.59759,1.211776279,7,3.16227766,0.252668182,0.345756562,5,2.828427125,0.243080769,0.499818299
"['43880.881931', '43885.375304']",0.115055893,0.201633776,0.141043869,1.301985145,0.390120968,0.423175938,0.009941333,-0.000948,0.009832,-0.259537333,-0.080214667,0.023601333,0.115009607,0.202307032,0.141172124,1.280129119,0.383064266,0.423932752,-0.00515,0.0116,0.00895,-0.17465,-0.0605,-0.03885,4,1,0.096985294,0.134354423,4,1,0.193396875,0.170300303,4,1.732050808,0.120354839,0.114734885,4,1.732050808,0.484967742,1.201591105,6,2.828427125,0.200819048,0.381232909,5,2,0.292953571,0.523495653
"['43881.786624', '43886.280040']",0.110628204,0.204293036,0.113914599,1.465645669,0.39435832,0.350827368,0.01542,0.004135333,0.011559333,0.035550667,-0.014358,-0.043554,0.109915265,0.204935438,0.113706252,1.470123053,0.395417118,0.349279543,0.0027,0.0069,0.0008,-0.0638,-0.01015,-0.0745,4,1,0.107334286,0.129662167,4,1,0.212788235,0.181789353,4,1.732050808,0.116371875,0.109011477,4,1.414213562,0.87126129,1.420249283,5,2.449489743,0.236432,0.378327152,5,1.732050808,0.20313,0.413728491
"['43882.691329', '43887.184765']",0.130761575,0.206105403,0.116182077,1.466276474,0.419592973,0.366955601,0.022233333,0.002530667,0.013971333,0.019103333,-0.051823333,-0.061354,0.129289236,0.206780286,0.115725361,1.471063771,0.417775274,0.363002163,0.0135,0.0069,0.0083,-0.0191,-0.054,-0.06555,4,1.414213562,0.122570588,0.135252907,4,1,0.212018182,0.18245965,4,1.732050808,0.120721212,0.106310312,4,1.414213562,0.807478788,1.38894551,5,2.449489743,0.214034615,0.385330811,5,2,0.224714286,0.415879073
"['43883.596041', '43888.089478']",0.159653195,0.20413128,0.129331092,1.613654853,0.510778816,0.714388536,0.023104,0.009763333,0.021711333,-0.15902,-0.116992,0.176031333,0.15850184,0.204580739,0.127922806,1.611179887,0.498865697,0.694680615,0.017,0.0244,0.02075,-0.1015,-0.0978,0.02535,4,1.414213562,0.13780303,0.150058052,4,1,0.215663636,0.163400397,4,1.732050808,0.1303125,0.116266892,4,1.732050808,0.752157576,1.465210889,5,2.645751311,0.191257692,0.394570021,5,1.732050808,0.352544444,0.618487373
"['43884.500757', '43888.994199']",0.231389522,0.198783924,0.136264537,1.798716213,0.692153169,0.733783602,0.043604667,0.011311333,0.038696,0.145715333,-0.065648,0.220130667,0.228005087,0.199126706,0.131092379,1.798810305,0.691341233,0.702331351,0.0302,0.03025,0.0351,0.00695,-0.06035,0.07415,4,1.414213562,0.1625,0.22784476,4,1.414213562,0.199122857,0.150581649,4,2,0.142609677,0.121450949,4,2,0.92740625,1.658522909,5,2.449489743,0.218064286,0.711448261,5,3.464101615,0.399303846,0.631570536
"['43885.405486', '43889.898918']",0.238037349,0.187388871,0.149440922,1.870850847,0.900592996,0.824093768,0.025774,0.015534,0.058591333,0.177323333,-0.086878667,0.057308,0.237430627,0.187369509,0.137936536,1.86866765,0.899395682,0.824852843,0.01415,0.0331,0.0448,0.03245,-0.0107,0.00555,4,1.414213562,0.139290625,0.242839385,4,1,0.178977778,0.155554195,4,1.732050808,0.145318182,0.129614015,4,2,0.868842424,1.788241846,5,2.645751311,0.172137037,0.986256791,5,3.872983346,0.217346154,0.776670449
"['43886.310192', '43890.803612']",0.243250573,0.248281598,0.204018615,2.239494134,1.256306516,0.995612809,0.036886667,-0.007406667,0.041502,-0.356994,-0.286281333,0.021585333,0.241243037,0.249002493,0.200421986,2.21826371,1.227351486,0.998713403,0.03455,0.0235,0.0375,-0.1353,-0.06105,0.0141,4,1.414213562,0.146684375,0.24486502,4,1,0.168682857,0.178845462,4,1.414213562,0.144003125,0.132663497,4,2,0.596732258,1.576613669,5,3,0.141625,1.038874324,6,4,0.269082609,0.836504241
"['43887.214916', '43891.708343']",0.292090472,0.404556947,0.289700032,2.749532777,1.61416669,1.580528793,0.065617333,-0.022432667,0.047484,-0.083216667,-0.104096667,-0.088766667,0.285578201,0.405287741,0.286739443,2.757480152,1.616202979,1.583320701,0.0553,0.01375,0.04495,-0.16755,-0.0366,-0.0367,5,1.732050808,0.17968,0.317024097,4,1,0.230138889,0.42302473,4,1.414213562,0.21295,0.237614745,4,2.449489743,1.768536667,2.665714207,5,3.605551275,0.52012,1.725099219,5,3.872983346,0.414980769,1.667767003
"['43888.119660', '43892.613095']",0.281821649,0.415890823,0.288870424,2.714966952,1.669866444,1.543892345,0.076883333,-0.007992667,0.032158,0.086227333,0.067071333,-0.195875333,0.272040009,0.417207029,0.288036605,2.722688121,1.674108611,1.536546865,0.06085,0.01765,0.027,0.11005,0.06405,-0.1314,5,1.732050808,0.189472414,0.312209617,4,1,0.244467568,0.425534261,4,1,0.201524242,0.231543608,4,2,1.80399375,2.547912567,5,2.828427125,0.622992857,1.729961645,4,2.236067977,0.449872414,1.619225959
"['43889.024351', '43893.517784']",0.226067101,0.420220789,0.301932427,3.030821444,1.638270976,1.57435923,0.044994667,-0.001778,0.023544667,-0.074489333,-0.037938,-0.252206667,0.222286352,0.421624793,0.302021443,3.0400564,1.643318534,1.559232769,0.01475,0.02005,0.02685,0.017,-0.04615,-0.23845,4,1.414213562,0.150546667,0.250039969,4,1,0.258563889,0.426926368,4,1,0.192942857,0.246019832,4,2,1.886906061,3.231658408,5,3,0.573810714,1.662647166,4,2.236067977,0.442453333,1.611617995
"['43889.929070', '43894.422526']",0.280010427,0.451853168,0.31690762,3.014487345,1.563314411,1.598704135,0.063856,-0.015205333,0.00022,0.079106667,0.00239,-0.167060667,0.273545422,0.453110151,0.317969213,3.023544537,1.568549827,1.595277946,0.0426,0.0045,-0.01885,0.2082,-0.1163,-0.18315,5,1.414213562,0.221131034,0.239802338,4,1,0.313884848,0.458496014,4,1,0.215006061,0.275922748,4,2,2.073575,3.184021333,5,3,0.711167857,1.549573027,4,2,0.691527586,1.58257258
"['43890.833770', '43895.327201']",0.293924251,0.468463312,0.310121137,3.321457438,1.312466503,1.807197642,0.05493,0.028350667,0.038082,0.307232667,0.114208,-0.156857333,0.289713166,0.469171176,0.308805146,3.318296988,1.3118682,1.806408919,0.0415,0.01155,0.0205,0.3781,-0.2117,-0.3029,4,1.414213562,0.226882759,0.253414638,4,1,0.336162857,0.491973128,4,1,0.242903125,0.256310031,4,1.414213562,1.934403125,3.593631441,4,1.732050808,0.60418,1.530218465,5,3.741657387,0.869988,1.873560123
"['43891.738495', '43896.231984']",0.273090262,0.47648819,0.278358012,3.335242033,0.884683465,1.483980035,0.036041333,0.035955333,0.055264667,0.024338,-0.068152,-0.068771333,0.271608397,0.476721405,0.273730749,3.346326306,0.885009463,1.487351791,0.0278,0.0118,0.0256,0.3508,-0.2164,-0.3115,4,1.414213562,0.221864516,0.216189498,4,1,0.345017143,0.585476829,4,1,0.259345455,0.293334359,4,1.414213562,1.304021212,3.672530746,4,1.732050808,0.336058065,0.906217557,5,3.741657387,0.809007407,1.567508184
"['43892.643247', '43897.141702']",0.276246592,0.509181328,0.341015653,3.625488921,0.799924809,1.472519805,0.038031333,0.020206667,0.073914,0.167052,-0.222038667,-0.154282667,0.274532789,0.510484684,0.334024267,3.633771066,0.771065591,1.469320976,0.0411,-0.00625,0.02815,0.64015,-0.2481,-0.3115,4,1,0.235063636,0.208370882,4,1.414213562,0.357411429,0.616097402,4,1,0.32415,0.436991532,4,1.732050808,1.75648,3.860964095,5,2,0.30387,0.691269388,5,3.872983346,0.837076,1.570935729
"['43893.547935', '43898.056485']",0.312006415,0.563914394,0.375238499,3.521937884,0.82704748,1.520868945,0.038842,0.000199333,0.095262667,0.009708,-0.155353333,-0.213203333,0.310616353,0.565803524,0.364160738,3.533723279,0.815046964,1.510895558,0.0469,-0.03305,0.02345,0.60035,-0.18885,-0.41175,4,1,0.235955882,0.219643457,4,1.414213562,0.3758,0.691733392,4,1.414213562,0.379851613,0.520698754,4,1.732050808,1.59733,3.212986866,4,1.732050808,0.419710345,0.765003125,5,3.741657387,0.698219231,1.697655551
"['43894.452677', '43898.961174']",0.266360991,0.543159807,0.358815403,3.570688502,0.846685177,1.493947163,0.042056667,0.007870667,0.093726667,0.092815333,-0.089130667,-0.136784667,0.263900939,0.544922223,0.347518247,3.581440089,0.844801422,1.492655874,0.0409,-0.01005,0.0359,0.6852,-0.1276,-0.3158,4,1,0.216114706,0.234470297,4,1.414213562,0.343620588,0.672425804,4,1.414213562,0.335812121,0.504670343,5,2,1.701628571,3.236933205,5,2,0.492603448,0.727277926,5,2.449489743,0.719903846,1.746888534
"['43895.357383', '43899.870942']",0.247026519,0.502817955,0.339947321,2.932332733,0.846826278,1.12864219,0.040111333,-0.012222,0.070482667,0.105418667,0.023498667,-0.153638,0.244564773,0.504353382,0.33367444,2.940254434,0.849336036,1.121882059,0.0452,-0.01005,0.0219,0.429,0.0098,-0.2501,4,1.414213562,0.198436364,0.224346554,4,1.414213562,0.30855,0.660300734,4,1.732050808,0.293703226,0.516488101,5,2.236067977,1.391989655,2.378844529,5,2,0.596692857,0.714910286,5,2.645751311,0.49417037,1.357119041
"['43896.262136', '43900.780671']",0.224165377,0.389793384,0.306534874,2.45284618,0.790020782,0.928485612,0.03006,-0.006634,0.047718667,0.085864,0.080506,-0.06008,0.222884942,0.391042582,0.303812284,2.459555074,0.788541015,0.929643754,0.0355,0.01855,0.02635,0.15125,0.1766,-0.0341,4,1.414213562,0.16635,0.197109104,4,1.414213562,0.241430303,0.413188738,4,1.732050808,0.241046875,0.479993395,4,2,1.293003448,1.703806921,5,1.732050808,0.602355556,0.70321184,5,2.828427125,0.473452,1.112644188
"['43897.171854', '43901.685387']",0.213611034,0.328557483,0.228528404,1.989054182,0.735229775,0.795269497,0.030888,-0.007851333,0.032264,-0.214872667,0.150606,-0.088315333,0.212074142,0.329564045,0.226997322,1.984038559,0.722050111,0.792998287,0.03365,0.0112,0.02635,-0.28435,0.24395,-0.08765,4,1.414213562,0.135821875,0.189480934,4,1.732050808,0.208683333,0.365729792,5,2.645751311,0.180816667,0.354042696,4,2,0.817496429,1.535521542,5,2.645751311,0.586328,0.746695293,6,3,0.43305,1.064273638
"['43898.086636', '43902.590095']",0.151387984,0.189272764,0.122307478,1.357853883,0.595752702,0.609954209,0.04195,0.003382,0.005995333,-0.177159333,0.153920667,-0.001884667,0.145946986,0.189876526,0.122569698,1.350757334,0.577453659,0.611994691,0.0359,0.01895,0.0237,-0.21305,0.1925,0.0574,4,1.732050808,0.125335484,0.174445005,4,1.732050808,0.140287097,0.188587148,5,2.449489743,0.1004,0.094549458,5,3.464101615,0.559084,1.117607216,5,2.449489743,0.418508,0.580039351,7,2.645751311,0.339555,0.613543631
"['43898.991326', '43903.494824']",0.131855329,0.163013576,0.106616202,0.963602148,0.438907234,0.454679257,0.034330667,0.005777333,0.007173333,-0.36577,0.102266,-0.041218667,0.127734125,0.163456935,0.106730976,0.894469252,0.428256836,0.454324022,0.023,0.00605,0.01505,-0.1362,0.04405,0.0271,5,1.732050808,0.100017241,0.138285143,4,1.732050808,0.112241935,0.178174306,5,2.449489743,0.075762069,0.086604402,5,3.31662479,0.160033333,0.545263796,6,3.16227766,0.306316667,0.480564007,6,2.236067977,0.203281818,0.471505374
"['43899.901124', '43904.399555']",0.122801686,0.138661009,0.091183543,0.921279497,0.338321769,0.35897286,0.031074,0.000787333,0.003102,-0.325612,0.044212,0.014495333,0.119203145,0.139123293,0.091436061,0.86470661,0.3365442,0.359881691,0.0153,-0.0014,0.00805,-0.0556,0.00705,0.04175,5,1.732050808,0.082046667,0.135914572,4,1.732050808,0.094456667,0.147394464,5,2.236067977,0.05263,0.064675403,5,3.31662479,0.183276,0.433120163,6,3.741657387,0.223022727,0.403828759,6,2,0.183108696,0.411929856
"['43900.810822', '43905.304276']",0.073080078,0.083622991,0.071266867,0.880059586,0.307716249,0.282640745,0.0246,0.000537333,0.000286667,-0.294721333,0.011345333,-0.034830667,0.069045782,0.083901404,0.07150504,0.832021197,0.308537206,0.281426046,0.01135,-0.0022,0.0043,-0.03425,-0.0129,0.0138,5,1.732050808,0.058537931,0.097659154,5,1.414213562,0.050785185,0.07821251,5,2.236067977,0.034662963,0.04273616,5,3.31662479,0.108228,0.337505741,7,3.741657387,0.163935,0.395924399,5,1.732050808,0.0920125,0.352872409
"['43901.715538', '43906.208976']",0.060956328,0.077259319,0.06121697,0.627910048,0.169383941,0.222891641,0.014694,0.001002667,0.005229333,-0.080406667,0.007394,0.016098,0.059356959,0.077511617,0.061197542,0.624826792,0.169789393,0.223054313,0.0043,-0.00115,0.0043,-0.00385,-0.0095,0.0198,5,1.414213562,0.045060714,0.092094164,4,1.414213562,0.03846,0.071653946,4,1.414213562,0.024075862,0.033815705,4,1.732050808,0.132834483,0.259786227,6,3.16227766,0.112072727,0.262388335,5,1.732050808,0.107977778,0.271735814
"['43902.620276', '43907.113708']",0.056016743,0.061014672,0.064435997,0.467437918,0.222358674,0.269656929,0.006466667,-0.005142,-0.000232667,-0.047872667,-0.012105333,-0.012843333,0.055828636,0.061001293,0.064651442,0.466537742,0.222772736,0.270253252,0.00365,-0.00175,0.0022,-0.0205,-0.0176,0.01125,5,1.732050808,0.030040741,0.060925385,4,1.414213562,0.03143,0.042376849,5,1.414213562,0.028365517,0.060708162,5,2,0.168858621,0.528376686,7,3.31662479,0.123690476,0.295625149,5,1.732050808,0.013114815,0.272217065
"['43903.524975', '43908.018429']",0.083399131,0.10918857,0.104454745,0.965189966,0.517934633,0.327174972,0.006888667,-0.004136,-0.001352667,-0.355990667,-0.135793333,0.021356,0.083392587,0.109475737,0.10479589,0.900146698,0.501490852,0.327570962,0.00305,-0.00115,0.00075,-0.04845,-0.023,0.01635,4,1.732050808,0.06474,0.104916501,5,1.732050808,0.066762069,0.117536695,5,1.414213562,0.054289655,0.126260047,5,2.236067977,0.066855172,0.70493864,6,2.645751311,0.119343478,0.373422232,5,1.732050808,0.087537037,0.363426047
"['43904.429706', '43908.923138']",0.093596741,0.118789075,0.125242973,1.017409335,0.598715074,0.36539451,0.012279333,-0.009991333,-0.00567,-0.307928667,-0.136672667,0.027471333,0.093098605,0.118764689,0.125533707,0.972940102,0.584859579,0.365581004,0.00495,-0.0032,-0.00065,-0.05155,-0.036,0.02195,4,1.732050808,0.087146667,0.111060042,4,1.732050808,0.07353,0.121026093,4,1.414213562,0.085570968,0.149339803,5,2.236067977,0.148106897,0.752132437,5,2.645751311,0.081815385,0.372903224,5,1.732050808,0.148467857,0.375216969
"['43905.334427', '43909.827862']",0.119030523,0.175143799,0.153129703,1.729709467,0.744726901,0.425965684,0.009744,-0.004924,-0.002263333,0.008152,-0.090312,0.044316,0.119028449,0.175661085,0.153625918,1.735484881,0.741707105,0.425073451,0.00495,-0.00235,-0.00105,-0.0413,-0.0367,0.0265,4,1.414213562,0.11140625,0.127442576,4,1.414213562,0.145641935,0.174783191,4,1.414213562,0.125734375,0.160613414,4,2,0.765448387,1.941328275,5,2.449489743,0.254218519,0.697330562,5,1.732050808,0.23776,0.46357913
"['43906.239128', '43910.732552']",0.129107939,0.205559223,0.16153649,1.812437229,0.753245113,0.487441084,0.013122667,-0.002926,0.000783333,-0.139179333,-0.069605333,0.128014,0.128869591,0.20622697,0.162075746,1.813139354,0.752534842,0.471906628,0.01765,-0.0075,-0.0213,-0.28375,-0.0994,0.21735,4,1,0.136518182,0.122729119,4,1.414213562,0.204328125,0.177935059,4,1.414213562,0.157315625,0.155973402,4,1.732050808,0.787083871,1.947924271,5,2.236067977,0.340744444,0.690362623,4,1.732050808,0.368563333,0.482204874
"['43907.143859', '43911.637302']",0.132758387,0.209381179,0.16999986,2.062980553,0.766599532,0.527769293,0.011018,-0.001082667,0.003342,-0.337709333,-0.138598667,0.09035,0.132743608,0.210079817,0.170536412,2.041969333,0.756492205,0.521720151,0.01455,-0.00505,-0.0205,-0.3427,-0.1795,0.14695,4,1,0.145845714,0.110774034,4,1.414213562,0.215721212,0.176467721,4,1.414213562,0.194486667,0.165371992,4,1.414213562,0.617496875,1.974924414,4,1.414213562,0.233786207,0.699965864,4,1.732050808,0.382684375,0.399003308
"['43908.048580', '43912.542033']",0.122019611,0.196516054,0.184307749,1.921145002,0.623578041,0.505731802,0.009677333,-0.006994667,0.007205333,-0.031042,-0.006932,0.062890667,0.122042742,0.197049462,0.184783829,1.927329371,0.625628425,0.503487255,0.01455,-0.00455,-0.0205,-0.22235,-0.07825,0.1127,4,1,0.128537143,0.098906935,4,1,0.192254545,0.172050369,4,1.414213562,0.212775758,0.17918451,4,0,0.713777143,1.902651578,4,1,0.251846875,0.666774896,4,1.732050808,0.358275,0.370272638
"['43908.953290', '43913.446721']",0.154353529,0.216566919,0.250672069,1.97793188,0.632659234,0.513491242,0.005198,0.003891333,0.017713333,-0.002407333,0.046474667,0.014481333,0.154782786,0.217257358,0.250883119,1.984556666,0.633063669,0.515006562,-0.0013,0.00585,0.01155,-0.2445,-0.02665,0.0344,4,1,0.156338235,0.177628422,4,1,0.210309375,0.179971466,4,1.414213562,0.261275,0.284398384,4,1,0.782491176,2.012354633,4,1,0.39839,0.814610884,4,1.732050808,0.320354839,0.400602326
"['43909.858010', '43914.351440']",0.140490932,0.179533808,0.236520377,1.41803093,0.458198988,0.471767023,0.00717,-0.003519333,0.014830667,-0.355302,0.023148,-0.014802,0.140777896,0.18010065,0.236845758,1.377396219,0.459146951,0.47311444,0.0001,0.0029,0.0091,-0.31295,0.00845,0.02005,4,1,0.138722857,0.167065019,4,1.414213562,0.17244,0.16327514,4,1.414213562,0.223478788,0.289488183,4,1,0.272475758,1.198098427,4,1,0.3329,0.678942423,5,2,0.244444828,0.330190378
"['43910.762734', '43915.256164']",0.134543884,0.147245592,0.232571223,1.313714801,0.445669841,0.411134045,0.00215,-0.007300667,0.010984667,-0.222442,-0.008192,-0.104400667,0.134977382,0.147557171,0.233089933,1.299083105,0.447087328,0.398989962,-0.00065,-0.00025,0.0033,-0.10275,-0.02125,-0.02115,4,1,0.114834286,0.170277918,5,1.414213562,0.1365,0.144183828,4,1,0.198791176,0.290792641,4,1,0.249808824,1.157550069,4,1,0.25229697,0.67585617,5,1.732050808,0.126165385,0.245907844
"['43911.667454', '43916.160886']",0.127983928,0.152808877,0.223002631,0.794766447,0.4109863,0.263439355,0.000204,0.004450667,0.006746,0.078782,-0.005616667,-0.015424667,0.128412523,0.153255755,0.223647309,0.793501565,0.412324632,0.263868434,-0.0001,-0.0032,0.0033,-0.0015,-0.02865,0.0098,4,1,0.106757143,0.168611535,5,1.732050808,0.15052069,0.158133243,4,1,0.158438889,0.283318884,4,1,0.427611429,0.99914077,4,1,0.259633333,0.627675963,5,1.732050808,0.166803704,0.221504326
"['43912.572185', '43917.065609']",0.139484461,0.160563468,0.221014115,1.091955077,0.723461026,0.594986,0.013912667,0.013639333,0.009568,0.062187333,0.21302,-0.18891,0.139253833,0.16051907,0.221546636,1.093835055,0.693704918,0.566089867,0.01015,-0.00155,0.00625,0.0322,0.01105,-0.03465,4,1.414213562,0.115905714,0.171404823,5,2,0.177031034,0.163328009,4,1,0.153794118,0.270892978,4,1.414213562,0.371193548,1.153350068,4,1.414213562,0.46161875,0.868052763,5,2.236067977,0.093252,0.501651248
"['43913.476903', '43917.970343']",0.142188908,0.161722108,0.146634983,1.368125807,0.800941684,0.886070069,0.028528667,0.004407333,0.012511333,0.271675333,0.172118667,0.069761333,0.139764186,0.162203625,0.146589706,1.345372658,0.784849884,0.886278808,0.01005,-0.00975,0.0057,0.07545,0.01105,0.01425,4,1.414213562,0.095862857,0.129976722,4,1.732050808,0.13715,0.16642127,4,1,0.108138235,0.144720812,4,1.732050808,0.712736667,1.453970764,4,2.449489743,0.401951613,0.729645465,6,2.828427125,0.29503913,0.85660077
"['43914.381591', '43918.875036']",0.173659652,0.210769464,0.180761949,1.832337582,1.022570016,1.012044347,0.035198667,0.015386667,0.026498667,0.39657,-0.089520667,-0.034862,0.170624775,0.210911295,0.179408151,1.794901406,1.022056498,1.014832152,0.0078,-0.0032,0.01995,0.1657,-0.0679,0.0114,4,1.414213562,0.109435294,0.179460165,4,1.732050808,0.166660606,0.226840277,4,1,0.138775,0.170851683,5,2,1.118737931,1.574311093,5,2.828427125,0.381659259,0.838034472,6,2.828427125,0.257766667,1.012248415
"['43915.286316', '43919.779760']",0.18064442,0.251540206,0.225692503,2.270560904,1.118907058,1.036860516,0.046092667,0.010061333,0.037899333,0.204642,-0.139995333,-0.016696667,0.175250174,0.252180913,0.223232987,2.268895705,1.113833535,1.040199202,0.01615,0.0012,0.02095,0.33415,-0.04815,0.0504,4,1.414213562,0.136385714,0.173930414,4,1.414213562,0.201828571,0.250520655,4,2.236067977,0.191053333,0.239644063,5,1.732050808,1.364096552,1.603511299,5,3.16227766,0.453655556,0.818159241,5,2.828427125,0.320236,1.016185843
"['43916.191037', '43920.684460']",0.185691462,0.266851389,0.232923957,2.449033211,1.124805918,1.10607241,0.05181,0.0075,0.036981333,0.33619,-0.038892,-0.048836667,0.178914633,0.267639596,0.230739875,2.433975113,1.127899292,1.108695568,0.0287,0.00275,0.0338,0.565,0.07685,-0.1386,4,1.414213562,0.145673529,0.176248912,4,1,0.22535,0.273083275,5,2.449489743,0.213971429,0.240026017,5,2,1.839267857,1.78807983,5,3.16227766,0.591403846,0.796643622,5,2.645751311,0.334075,1.132678807
"['43917.095760', '43921.589172']",0.17663666,0.266899089,0.216156036,2.516885848,0.957331568,1.00039166,0.036442667,0.003857333,0.035810667,0.394692667,-0.267973333,0.083588667,0.173415477,0.267765257,0.213883149,2.494073257,0.922140432,1.000233064,0.01245,0.00475,0.0156,0.35895,-0.0135,-0.00235,4,1,0.131197143,0.174401726,3,1,0.214397297,0.26510887,5,2.236067977,0.186241379,0.232079038,4,1.732050808,1.891717241,1.69405492,5,2.449489743,0.313465217,0.496780773,5,1.414213562,0.38946,1.014465083
"['43918.000494', '43922.493907']",0.143174519,0.260494723,0.205039686,2.469649536,0.847256527,0.755640035,0.021482,0.006621333,0.02824,0.096909333,-0.260501333,-0.108104,0.142027977,0.261282958,0.203765991,2.476014621,0.808915927,0.750372651,0.00825,0.01075,0.0235,0.0829,-0.00435,-0.05045,4,1,0.111419444,0.143111195,3,1.414213562,0.231807895,0.259905286,5,2.236067977,0.165944828,0.222309706,5,1.732050808,1.56171,1.900843867,5,2.449489743,0.27198,0.411861224,5,1.414213562,0.271621429,0.784654546
"['43918.905187', '43923.398610']",0.098210514,0.228783213,0.177027783,2.488029867,0.57037372,0.578571453,0.01307,-0.007066,0.017114,-0.288344667,-0.047739333,0.006344,0.09766303,0.22944015,0.176788883,2.47954382,0.570276457,0.580474823,0.00405,-0.00835,0.0119,-0.14795,0.03645,0.00835,3,1,0.088968421,0.0802502,4,1.414213562,0.210397222,0.229757811,4,1.732050808,0.138858065,0.20033954,4,1.732050808,1.048558065,2.157521412,5,2,0.266693103,0.300138197,5,1.732050808,0.315040741,0.589402077
"['43919.809911', '43924.303350']",0.100490044,0.217909479,0.159328511,2.629311175,0.509698926,0.652637688,0.002703333,0.010066667,0.013828,0.105567333,-0.006132,-0.092494667,0.100790204,0.21840607,0.159259068,2.635992381,0.511369454,0.648214395,-0.00495,0.00455,0.01605,-0.02815,-0.001,-0.04315,4,1,0.079017143,0.084187712,4,1.414213562,0.188316216,0.197846939,4,1.414213562,0.139169697,0.146046614,4,1.414213562,1.512893333,2.934729393,4,1.732050808,0.267683871,0.531902045,5,1.732050808,0.269773077,0.566710441
"['43920.714642', '43925.208064']",0.112985887,0.253274336,0.223173841,2.831044268,0.868014433,0.79651739,0.013022,-0.003680667,0.035480667,-0.038520667,-0.007765333,-0.097364,0.112608955,0.254095993,0.221073538,2.840265574,0.87088751,0.793192642,-0.00045,-0.0044,0.0119,0.0076,-0.017,-0.04975,4,1,0.092688235,0.097889455,4,1.732050808,0.20442,0.262561535,4,1.732050808,0.1705,0.248831625,5,1.732050808,1.525865517,2.895614551,4,1.732050808,0.343784375,0.678999761,5,2,0.346769231,0.813104155
"['43921.619324', '43926.112769']",0.14014066,0.288668725,0.284347091,3.215109993,1.216511887,1.037764602,0.030598667,0.003877333,0.04534,-0.008381333,-0.052985333,-0.224150667,0.13721753,0.289609664,0.281649419,3.22586995,1.219429008,1.016662447,0.006,-0.0063,0.01735,0.0943,-0.00755,-0.0727,4,1.414213562,0.118225806,0.123123529,4,1.732050808,0.251839394,0.312829514,4,1.732050808,0.208563636,0.332434794,5,1.732050808,1.779776667,3.257073671,4,1.732050808,0.427159375,0.857945867,5,2,0.283459259,1.124296248
"['43922.524058', '43927.017493']",0.146241897,0.283955427,0.285938016,3.201332363,1.214146946,1.03884677,0.035334,0.006366,0.046176667,-0.070191333,-0.088662667,-0.268506,0.142384538,0.284835096,0.283130151,3.211284958,1.214961984,1.006909255,0.01195,-0.0063,0.01315,0.17705,-0.0598,-0.1747,4,1.414213562,0.135374194,0.130232054,4,1.732050808,0.260284375,0.300306463,4,1.732050808,0.19716,0.32902947,4,1.414213562,1.809533333,3.169230163,4,2,0.403466667,0.850699136,5,2,0.221132143,1.098784309
"['43923.428762', '43927.922218']",0.205380792,0.340043227,0.320335428,3.28925421,1.240793606,1.163198342,0.038094667,0.02655,0.044772,0.306818,-0.077665333,-0.329939333,0.202493017,0.340140852,0.318253816,3.285884388,1.24250918,1.119160648,0.02055,0.0115,0.01205,0.3778,-0.02835,-0.26345,4,1.732050808,0.184676667,0.151538405,4,1.732050808,0.325302941,0.313114179,4,1.414213562,0.218305556,0.363148654,4,1.732050808,2.253983333,3.169078538,5,2.236067977,0.576336667,0.857019818,5,2,0.234582143,1.172383632
"['43924.333502', '43928.826912']",0.261874082,0.408048587,0.380134163,3.359161376,1.320923644,1.258346512,0.045932667,0.008528,0.052439333,-0.004200667,-0.1462,-0.255601333,0.258678024,0.409326164,0.377761108,3.370412244,1.317206024,1.236241287,0.0258,-0.0083,0.016,0.1724,-0.0144,-0.26345,4,1.414213562,0.199183871,0.211748782,4,1.732050808,0.37523125,0.389789994,3,1.414213562,0.261810811,0.526230013,4,1.732050808,1.754945161,2.720603659,5,2.236067977,0.532734483,0.803101891,5,1.414213562,0.265210345,1.36980016
"['43925.238216', '43929.731639']",0.253533238,0.371140558,0.345298233,3.247066979,1.113873546,1.151105103,0.025185333,0.021404,0.0277,0.188594,-0.188546667,-0.287284667,0.253124373,0.371764137,0.345338439,3.252445069,1.101477545,1.118413821,0.0081,0.0311,0.01735,0.06455,-0.05875,-0.27575,4,1.414213562,0.17659697,0.21945761,4,1.414213562,0.320782353,0.346842161,4,1,0.237288889,0.501718626,5,2,1.779521429,2.985039179,5,2.236067977,0.408171429,0.702117986,5,2,0.238606897,1.22840339
"['43926.142920', '43930.636379']",0.249748105,0.357030743,0.320085013,3.282216061,0.737997324,0.972711621,0.011379333,0.01487,0.018780667,0.104404,-0.165417333,-0.065923333,0.250324541,0.357915996,0.320604037,3.291545313,0.721629278,0.973726329,0.00635,0.02695,-0.00965,-0.03375,-0.05875,-0.16525,4,1,0.158808571,0.209375029,4,1.414213562,0.292222857,0.330527005,4,1.414213562,0.225874286,0.484006434,5,2.236067977,1.573507407,2.754383713,4,1.732050808,0.271780645,0.422136629,5,2,0.396868966,1.059793992
"['43927.047645', '43931.541082']",0.291791568,0.472078695,0.353534189,3.606044403,0.928223345,1.12067117,0.016236,0.003554,0.020339333,-0.223482,-0.223215333,-0.022896,0.292315527,0.473646779,0.354131039,3.611170036,0.904003118,1.124190826,0.01035,0.0165,-0.02345,-0.15915,-0.1107,-0.15465,4,1.414213562,0.216064706,0.239714196,4,1,0.347877778,0.519964898,4,1.414213562,0.261857576,0.512403925,5,2.449489743,1.686530769,2.802410417,5,1.732050808,0.361456667,0.57912651,5,2.449489743,0.620059259,1.157969279
"['43927.952370', '43932.445805']",0.26600147,0.440997557,0.32797032,3.47156453,0.975343557,1.128687194,0.01895,-0.006879333,0.020834667,0.059165333,-0.305974667,0.192040667,0.266214475,0.4424211,0.32840439,3.482688696,0.929209752,1.11595589,0.01035,0.0165,-0.01395,0.275,-0.17565,0.0321,4,1,0.199948485,0.238382476,4,1,0.299611111,0.512734101,4,1.732050808,0.235080645,0.495961622,5,2.645751311,2.181981481,2.502157508,4,2,0.281696667,0.577780907,5,2.828427125,0.79992963,1.130539857
"['43928.857063', '43933.350541']",0.219112849,0.395616582,0.253675828,3.193823624,0.843375555,1.036465862,0.014338667,0.007236667,0.021223333,0.169782667,-0.279528,0.086674667,0.219375662,0.39687552,0.253633321,3.199992112,0.798370672,1.036295505,0.00935,0.0153,-0.0118,0.24565,-0.2249,-0.15255,4,1.414213562,0.165512903,0.215146004,4,1,0.277685714,0.470452149,4,2,0.19661,0.277060917,5,2.645751311,2.041475,2.659029972,4,2,0.19233,0.66628056,6,3.464101615,0.803825,0.888205603
"['43929.761790', '43934.255256']",0.248399344,0.427983419,0.250187316,3.030223103,0.857608202,0.988127962,0.03159,0.000187333,0.029741333,0.002287333,-0.224614667,0.105779333,0.247207843,0.429417162,0.249245464,3.040373767,0.830444257,0.985741095,0.0269,-0.0098,-0.006,0.2299,-0.10625,-0.02585,4,1.414213562,0.203596875,0.244725279,4,1,0.336337143,0.466605577,4,2,0.208783871,0.265971881,4,2,1.77835,2.34875121,4,2,0.260767742,0.668326534,6,3.16227766,0.748448,0.857650702
"['43930.666530', '43935.159971']",0.254327011,0.468515932,0.248180704,3.269463904,0.863765693,1.01294284,0.0392,-0.000946667,0.040496667,-0.079779333,-0.201843333,0.039514,0.252129698,0.470084545,0.245674695,3.279440145,0.84266502,1.015562714,0.02145,-0.00895,0.00605,0.32925,-0.0683,-0.07675,4,1.414213562,0.222040625,0.255240794,4,1,0.398027778,0.504637539,4,2,0.231528125,0.235132464,4,1.732050808,1.922541176,2.256776334,5,2,0.338027586,0.708508716,5,3,0.70424,0.933895423
"['43931.571264', '43936.064708']",0.264972557,0.365412687,0.21555634,2.911544299,0.748029254,0.878061979,0.009584,0.000965333,0.051438667,0.295062,-0.184696,0.040522667,0.265686276,0.366635575,0.210030197,2.90625834,0.727297437,0.880064873,-0.0076,0.01075,0.03855,0.4875,-0.07635,-0.06055,4,1.732050808,0.174559375,0.277358464,4,1,0.333675,0.315979239,4,1.732050808,0.227696875,0.201601575,4,1.732050808,1.815547059,2.236726803,5,1.732050808,0.251267857,0.61709582,5,3,0.569442308,0.853926327
"['43932.475956', '43936.969438']",0.292458719,0.378911012,0.212804681,3.171595329,0.720996285,0.734102844,0.034362,-0.002045333,0.057844667,-0.122002,-0.086526,-0.097958667,0.291406026,0.380174861,0.205478228,3.179865206,0.718183457,0.729975006,0.01915,-0.01,0.04935,0.09515,0.00945,-0.12435,4,2,0.21327931,0.287234137,4,1,0.374348571,0.325871086,4,1.732050808,0.235829032,0.204690191,4,1.732050808,1.442836364,2.55567597,5,2,0.375182759,0.643110448,4,2,0.451303448,0.76527106
"['43933.380692', '43937.874162']",0.296045497,0.361026438,0.192676092,3.314423649,0.712102664,0.657272816,0.040892,-0.015107333,0.041877333,-0.374655333,-0.046081333,-0.016614667,0.294190017,0.361918625,0.18870016,3.304212916,0.712990711,0.65926401,0.0234,-0.021,0.0413,0.04495,0.01795,-0.05605,4,2.236067977,0.215796552,0.285264454,4,1,0.357944444,0.330493461,4,1.414213562,0.194782857,0.174035269,4,1.732050808,1.351822581,2.78600148,5,1.732050808,0.513440741,0.490260434,4,1,0.420542424,0.703196461
"['43934.285407', '43938.778860']",0.306678436,0.340748015,0.197683764,3.461672921,0.753599214,0.70537932,0.022957333,-0.017526667,0.045862,-0.120604667,0.004015333,0.044302667,0.306842478,0.341436993,0.192934459,3.471161236,0.756113109,0.70634511,0.03775,-0.0116,0.0505,0.13665,0.0012,0.04865,5,2.236067977,0.20007931,0.295807041,4,1,0.342405714,0.332293625,4,1,0.193844118,0.17967357,4,1.732050808,1.78126,3.087736926,5,2,0.573748276,0.593378783,4,1.732050808,0.488264516,0.774510763
"['43935.190122', '43939.688616']",0.323710211,0.296195473,0.172836545,2.67855938,0.798321056,0.666349668,0.009363333,-0.018363333,0.028146,-0.014223333,-0.098816,-0.014342667,0.32465877,0.296616059,0.171100682,2.687494913,0.794835621,0.668427109,0.02165,-0.01025,0.03205,0.02285,-0.0775,-0.0072,5,2.236067977,0.194907407,0.307001862,4,1,0.272588889,0.243446572,4,1.414213562,0.159905882,0.148761442,4,1.414213562,1.44124375,2.722451328,5,1.732050808,0.448648276,0.664497142,4,1.732050808,0.4183,0.604466626
"['43936.094859', '43940.593340']",0.291577743,0.322089685,0.181624912,3.063574383,0.873354364,0.701187702,0.036338667,-0.01461,0.030129333,-0.066207333,0.008628,-0.017908,0.290273675,0.322836079,0.179708466,3.073119754,0.87623742,0.703307262,0.03775,-0.01025,0.02985,0.0835,-0.0283,-0.0197,5,2,0.203,0.260925129,4,1,0.30832,0.296502075,4,1,0.163948571,0.155025871,5,2.449489743,1.799706897,2.968319142,4,1.414213562,0.51111,0.794107124,5,2,0.357723333,0.623525144
"['43936.999589', '43941.498063']",0.260912083,0.354605904,0.23209511,2.960151961,0.911281938,0.802024071,0.010412667,-0.007073333,0.02901,-0.183352667,-0.062264667,0.012386,0.261577605,0.355723078,0.231046409,2.964365788,0.912198032,0.804614959,0.02055,-0.0079,0.02335,0.18365,-0.0153,-0.01125,5,1.414213562,0.164248276,0.24324121,4,1,0.271291429,0.28999552,4,1,0.203534286,0.290395522,5,2.828427125,1.806810714,2.468276725,4,1,0.353596774,0.865999981,5,2.236067977,0.43915,0.830088737
"['43937.904317', '43942.407789']",0.244370318,0.344932846,0.228393094,3.001733769,0.913077552,0.801156035,0.001546,-0.012164,0.029626,0.114738667,-0.019724667,0.01131,0.245184075,0.345873137,0.227222149,3.009588813,0.915922658,0.803759879,0.01525,-0.0187,0.0131,0.3377,0.0221,0.02645,4,1.414213562,0.133365517,0.207858026,4,1,0.278508333,0.401398504,4,1,0.193175,0.288620867,5,2.645751311,2.230903448,2.600095417,4,1,0.37316875,0.916878128,5,2.236067977,0.47372,0.834077925
"['43938.809011', '43943.317527']",0.193977019,0.324817018,0.218261083,2.791997522,0.844661304,0.753093141,0.008587333,-0.009695333,0.021134667,-0.160736667,-0.103852667,-0.027978667,0.19443605,0.325759972,0.217963176,2.796704776,0.841060777,0.755094425,0.00805,-0.0228,-0.0011,0.19555,0.00665,-0.0536,5,1.414213562,0.12423,0.167748743,4,1.732050808,0.256014706,0.409899828,4,1,0.173244444,0.29138983,5,2.645751311,1.567158621,2.376896527,4,1,0.239884375,0.830761763,5,2,0.341721429,0.777605233
"['43939.718798', '43944.222263']",0.137209193,0.293629812,0.20253703,2.845063253,0.767482945,0.663272967,0.009598667,-0.010668,0.022038667,-0.069462,0.029881333,0.046811333,0.137331574,0.294418994,0.202008902,2.853743558,0.769470212,0.663835506,0.00375,-0.0195,-0.0011,0.26485,0.0916,-0.00445,4,1.414213562,0.105503226,0.122404334,4,1.732050808,0.217906061,0.404559039,4,1,0.161,0.288643459,5,2.449489743,1.599328571,2.554653638,4,1,0.30459375,0.788399826,5,2.236067977,0.346657692,0.77513093
"['43940.623492', '43945.126993']",0.125865016,0.250558433,0.170003105,2.380162872,0.646069044,0.702942159,0.020766,-0.007598667,0.003579333,-0.074040667,-0.106664,-0.066974667,0.124556025,0.251282192,0.17053482,2.386980895,0.639337955,0.702088499,0.0091,-0.0195,-0.0074,0.3189,0.0298,-0.0059,4,1,0.092306452,0.117296357,4,1.732050808,0.176974286,0.346301393,4,1,0.117702857,0.274695579,4,1.732050808,1.203353125,2.234488312,4,1.414213562,0.201822581,0.540969428,5,2.236067977,0.277626923,0.677558416
"['43941.528215', '43946.031690']",0.14548191,0.170404393,0.087021175,1.908545664,0.616007291,0.661451124,-0.005611333,-0.037482,0.007809333,0.160754667,0.041114,-0.075197333,0.145860668,0.166787923,0.086960412,1.908134606,0.61669281,0.65936436,-0.00425,-0.03055,-0.0074,0.29905,0.0062,-0.00485,4,1.414213562,0.070324138,0.122036194,4,1.732050808,0.101432353,0.114871741,4,1,0.078475676,0.088776046,4,1.414213562,0.867034375,1.310174992,4,1.414213562,0.28450625,0.622099804,5,2.449489743,0.226214286,0.387322579
"['43942.437971', '43946.936436']",0.158347983,0.154153892,0.083644764,1.273509149,0.558593732,0.632673538,0.009909333,-0.033606,0.001472,0.013094667,0.022766,-0.005864,0.15856706,0.150950209,0.083911985,1.277707974,0.559999401,0.634765786,0.0018,-0.02485,-0.0106,0.13955,0.00145,0.0096,4,2.449489743,0.085533333,0.151290758,4,1.732050808,0.10285,0.111028953,4,1,0.070185714,0.078062385,4,1.414213562,0.749040625,1.184515758,4,1.414213562,0.219283333,0.514188258,5,2.449489743,0.237955556,0.389671168
"['43943.347709', '43947.846165']",0.15899833,0.164039503,0.096421942,1.628168429,0.587653483,0.645233815,0.009978667,-0.035616,0.004904,-0.119457333,-0.012021333,0.008118,0.159216501,0.160662823,0.096619758,1.62922009,0.589498795,0.647344167,0.00495,-0.0265,-0.00345,-0.06795,-0.04285,0.03635,4,2.449489743,0.08558,0.151185792,4,1,0.09594,0.113760412,4,1,0.091197059,0.088231007,4,1.414213562,0.5688125,1.716824128,5,1.732050808,0.212655172,0.555495418,5,2.236067977,0.254334615,0.424816322
"['43944.252414', '43948.755906']",0.185298066,0.18162444,0.110694681,1.843463964,0.635986095,0.713071675,0.01526,-0.030443333,0.005336667,-0.205347333,-0.077620667,-0.007629333,0.185287294,0.179654704,0.110936371,1.838128569,0.633346294,0.71541958,0.00735,-0.0279,-0.00115,-0.0447,-0.1035,0.03635,5,2.449489743,0.0979,0.191469265,4,1,0.104702941,0.135366614,4,1.732050808,0.107505882,0.096489425,4,1.414213562,0.53761875,2.062975379,5,1.732050808,0.193553571,0.606349817,5,2,0.333477778,0.448127565
"['43945.157144', '43949.660603']",0.182018394,0.182329206,0.112684754,1.969623244,0.595487225,0.602765373,0.002989333,-0.024727333,0.014132667,0.25971,0.071741333,0.046814,0.182603542,0.181249851,0.112169521,1.958966591,0.593130317,0.60295793,0.00295,-0.0235,0.01035,0.1514,-0.0396,0.02675,5,2.645751311,0.082851852,0.174347671,4,1,0.078702941,0.121846778,4,1.414213562,0.108270588,0.095456897,4,1.414213562,0.770906897,2.268973531,4,1.732050808,0.315544828,0.576308502,5,1.732050808,0.310810345,0.460652757
"['43946.061872', '43950.565305']",0.197112166,0.172266242,0.176300384,2.500311956,0.537261028,0.534848226,0.038716,-0.0149,-0.013293333,-0.289145333,-0.066443333,-0.010821333,0.193920027,0.172195597,0.176387442,2.491856843,0.534922715,0.536530168,0.02135,-0.0195,0.00275,-0.05235,-0.0797,-0.01605,5,2,0.132810345,0.216450498,4,1,0.10215,0.163457504,4,1.732050808,0.12096129,0.098099017,5,2,0.824451852,2.421218697,5,2,0.226255172,0.506410675,4,1.732050808,0.227793333,0.364891161
"['43946.966588', '43951.470052']",0.222643717,0.192346779,0.215409047,2.731499449,0.61769376,0.532627252,0.013726,-0.005685333,0.015941333,0.175181333,0.021576,-0.001939333,0.222964669,0.192906836,0.21553803,2.735008081,0.619384889,0.53440806,0.0146,-0.0176,0.0229,0.4353,0.00665,0.04385,5,2.236067977,0.136607407,0.226801911,4,1,0.132991429,0.177839828,4,2,0.162922581,0.180957239,5,2.449489743,1.404525,2.601263817,4,1.732050808,0.37155,0.636130747,4,1.732050808,0.293303333,0.381718384
"['43947.876317', '43952.374740']",0.225186999,0.203601673,0.223055265,2.567137909,0.5950529,0.535097218,0.020114667,-0.005646,0.019617333,0.297609333,0.049768667,-0.024092,0.225038217,0.204205196,0.222935295,2.558370732,0.594954485,0.536345396,0.0202,-0.0151,0.0255,0.48015,0.03405,-0.0079,5,2.449489743,0.164015385,0.224943617,4,1,0.156954054,0.177709378,4,2,0.1537125,0.187249573,5,2.645751311,1.748,2.198816436,4,1.732050808,0.362576471,0.576452635,4,1.732050808,0.273374194,0.405049403
"['43948.786057', '43953.279484']",0.211000383,0.215569523,0.229224008,2.411125607,0.608897921,0.465002149,0.022814667,-0.012746,0.027104,0.247814667,0.047741333,-0.034674,0.210466052,0.21591329,0.228378481,2.406391361,0.609057014,0.465261036,0.0339,-0.0151,0.03375,0.5253,0.04635,-0.0185,5,2,0.1598,0.192934445,3,0,0.176589474,0.18758796,4,1.732050808,0.1548375,0.198199783,5,2.828427125,1.745477778,1.575105261,4,1.414213562,0.37610303,0.542311522,4,1.732050808,0.248323333,0.361540218
"['43949.690754', '43954.184186']",0.210392662,0.236578821,0.248638085,2.586271094,0.856618322,0.573114388,0.01976,-0.030372,0.037915333,-0.096424667,-0.054203333,0.035484,0.2101644,0.235407144,0.246553406,2.593131181,0.857765719,0.573931152,0.02255,-0.0262,0.04935,-0.007,-0.0308,-0.01865,5,2,0.154689286,0.187413475,4,1,0.179151351,0.211170722,4,1.414213562,0.18988,0.222493939,5,2.645751311,1.620260714,1.929617944,4,2.645751311,0.43692,0.714311809,5,2,0.292246667,0.552880345
"['43950.595456', '43955.088897']",0.178431176,0.248747729,0.204028383,2.114414658,0.817303095,0.525588483,0.017038667,-0.029282667,0.053973333,0.494990667,0.038333333,0.059669333,0.178210818,0.247845667,0.197419069,2.062545567,0.819138669,0.523939796,0.02615,-0.01825,0.03555,0.28895,0.0372,-0.0056,4,2,0.132113333,0.131986462,3,1,0.196251351,0.201981848,4,1.414213562,0.167812121,0.214837988,4,2.236067977,1.571126667,1.924306682,4,2.449489743,0.46923871,0.646831442,5,2.236067977,0.327478571,0.55949894
"['43951.500204', '43955.993637']",0.177646677,0.30437248,0.268808277,3.153692128,1.000839264,0.723004343,0.032651333,-0.031597333,0.043128,0.059176,-0.112072667,0.027788,0.175205246,0.303742123,0.266214828,3.163700191,0.997876411,0.724890485,0.03025,-0.0309,0.02375,0.1617,-0.00105,-0.07115,4,1.414213562,0.15318125,0.179223273,4,1,0.230851351,0.276427398,4,1.414213562,0.191361765,0.362493546,5,2.645751311,1.795803704,2.400440241,4,2.645751311,0.415173333,0.63883602,5,2,0.377531034,0.973077979
"['43952.404891', '43956.898319']",0.17520963,0.294713228,0.25968486,3.411680692,1.032371204,0.725661666,0.025536667,-0.028499333,0.041500667,-0.189866,-0.158025333,0.008388,0.173919367,0.29431471,0.257206054,3.417805142,1.023622809,0.728044057,0.0216,-0.0222,0.023,0.12565,-0.00105,-0.08145,4,1.414213562,0.1359,0.18339155,4,1.414213562,0.204808108,0.284280121,4,1.414213562,0.190691176,0.357870309,5,3.605551275,1.902192308,2.373697813,5,2.828427125,0.442111538,0.67892599,5,2,0.372940741,1.009268897
"['43953.309635', '43957.803044']",0.16522309,0.278076231,0.250419438,3.392678386,0.994491027,0.716663437,0.020166667,-0.028496,0.033323333,0.005969333,-0.081170667,0.007010667,0.164537102,0.277538983,0.249023833,3.404038905,0.994493425,0.71902992,0.00885,-0.0242,0.01595,0.2625,0.0752,-0.0844,4,1.414213562,0.119432353,0.179744166,4,1.414213562,0.18466,0.277438518,4,1.414213562,0.177360606,0.358064885,6,3.605551275,1.999525,2.510351467,5,2.645751311,0.455285185,0.655135147,5,2.236067977,0.378846154,1.014560497
"['43954.214367', '43958.707754']",0.14786521,0.262915547,0.253515051,3.33562425,0.818258485,0.643077806,0.018757333,-0.016508,0.019477333,-0.23278,-0.092411333,-0.002314,0.147162022,0.263275835,0.253612519,3.338639348,0.815747132,0.645227999,0.0095,-0.0103,0.00645,0.22945,0.0591,-0.07615,4,1.414213562,0.110133333,0.169777522,4,1.414213562,0.167752778,0.255193388,4,1.732050808,0.166502941,0.375875604,6,3.464101615,1.34836,2.699867218,4,2,0.274006667,0.541907156,5,2.449489743,0.388148,0.973139295
"['43955.119048', '43959.612518']",0.156371634,0.246760447,0.2661609,3.97177646,0.873254388,0.663581814,0.023122667,-0.00834,0.021886,-0.188104667,-0.135988667,0.001461333,0.155170712,0.247445668,0.266148192,3.9806105,0.865490691,0.665803261,0.0114,-0.001,0.00765,0.12565,0.0557,-0.08195,4,1,0.098927778,0.15710508,4,1.414213562,0.171442424,0.256896047,4,1.732050808,0.181148387,0.393201539,6,3.872983346,1.827486957,4.023770875,5,2.236067977,0.225310345,0.673900204,5,2.236067977,0.326426923,0.986415854
"['43956.023788', '43960.517224']",0.149037458,0.203570322,0.177605481,3.262625866,0.603706026,0.761192625,0.021656,0.030600667,0.023277333,-0.392742667,-0.014264667,0.198588,0.147949684,0.201931467,0.176663349,3.249751782,0.605559383,0.737293039,0.0058,0.0208,0.0195,-0.12255,0.08355,-0.03035,4,1.732050808,0.098908824,0.168787586,4,1.732050808,0.156453125,0.174107514,4,1.414213562,0.141412121,0.214229065,5,3.16227766,1.102378261,3.586580735,5,2.828427125,0.186974074,0.588666501,6,3,0.409116667,0.758717592
"['43956.928471', '43961.421952']",0.146873473,0.198084485,0.174855705,2.957650182,0.548638763,0.767730008,0.02235,0.027322,0.021949333,-0.181244667,0.014372667,0.305986667,0.145649302,0.196848419,0.174053754,2.961981408,0.550287831,0.70647641,0.0061,0.01545,0.0114,-0.055,0.0533,0.15205,4,1.732050808,0.090622857,0.168028011,4,1.732050808,0.142559375,0.169124754,4,1.414213562,0.133081818,0.215454886,5,3.16227766,0.722910714,3.259952246,5,2.828427125,0.16125,0.576805893,5,3,0.494840741,0.673476879
"['43957.833195', '43962.326659']",0.16004365,0.215267381,0.198213177,2.943636792,0.66156658,0.952432455,0.030532667,0.046468667,0.021444667,-0.316332667,-0.047152667,0.297996667,0.157630502,0.210896238,0.197709849,2.936394723,0.662094728,0.907644031,0.00835,0.01545,0.00835,-0.09795,0.0148,0.21315,4,1.732050808,0.106861111,0.174837608,4,1.732050808,0.162140625,0.20539417,4,1.414213562,0.152817647,0.237908814,5,3.16227766,0.641139286,3.231467401,6,3.31662479,0.146165217,0.692021436,5,2.645751311,0.592973077,0.738505969
"['43958.737936', '43963.231381']",0.242455026,0.277128836,0.239868438,2.94009576,1.172653303,1.088542657,0.083430667,0.049148,0.011762,0.271834,-0.170028667,0.189415333,0.228410976,0.273649581,0.240382504,2.937309643,1.16414817,1.07552716,0.01395,0.01545,0.01055,0.0269,0.0276,0.2803,4,1.414213562,0.179555556,0.253425872,4,1.732050808,0.219558065,0.311566365,4,1.414213562,0.140972727,0.22791597,5,3.16227766,1.440296552,3.091731319,6,3.464101615,0.244491304,0.93626894,5,2.828427125,0.527244828,0.794549752
"['43959.642669', '43964.141113']",0.253217064,0.277504892,0.239939377,1.971476852,1.300244612,1.147219355,0.088618,0.060147333,0.041881333,0.168289333,-0.384424667,0.023446667,0.237998643,0.271815787,0.237047397,1.970861481,1.246277838,1.150822219,0.01395,0.0263,0.03955,0.0309,-0.02665,0.21045,4,1.732050808,0.196184848,0.264360162,4,1.414213562,0.223248485,0.301536589,4,1.414213562,0.145336364,0.211682629,4,2.449489743,0.840296774,1.576454147,6,3.464101615,-0.028186957,1.064257368,4,2.236067977,0.300713793,0.965329579
"['45952.233626', '45956.726956']",0.176908971,0.275686938,0.226262272,2.835431594,1.257280302,1.085815128,0.027024,0.020048,0.072499333,-0.218932,0.274011333,0.298766,0.175418447,0.275878156,0.215050632,2.83643737,1.231168846,1.047400123,0.01435,0.00545,0.07765,-0.1457,0.2552,0.0631,4,2,0.147836667,0.176256225,4,2,0.209177419,0.254024735,4,1.414213562,0.196611429,0.198262854,5,2.236067977,1.345753571,2.905182089,6,4.242640687,0.286622727,1.442768287,7,4.472135955,0.569752632,1.163501714
"['45953.138333', '45957.631663']",0.192554395,0.299898733,0.250766913,3.044166786,1.22965356,1.060551154,0.040388,0.027058,0.046862667,0.119984667,0.155628,0.175189333,0.188901819,0.299676192,0.247174506,3.05199161,1.223851799,1.049485707,0.0364,0.0168,0.0755,0.31415,0.1912,-0.07825,4,2,0.191767742,0.170139751,4,1,0.252888235,0.263167313,4,1,0.215085714,0.19354257,4,1.414213562,1.857393548,2.893574924,5,3.605551275,0.299152,1.351655059,6,3.16227766,0.433778261,1.064568901
"['45954.043027', '45958.536365']",0.203679233,0.322885158,0.295571444,3.373453112,0.973837909,1.044294716,0.046113333,0.03527,0.026050667,-0.184250667,-0.193065333,0.210414,0.199055127,0.32202826,0.295407536,3.379702182,0.957705968,1.026303756,0.0427,0.04725,0.05785,-0.3725,-0.02535,0.0484,5,2,0.199917241,0.182982706,4,1,0.289025714,0.260822932,4,1.732050808,0.240190909,0.217507572,4,1.732050808,1.802616667,3.261679553,5,2,0.00735,1.063705454,5,2.828427125,0.453472,0.98442666
"['45954.947712', '45959.441081']",0.181619854,0.281973123,0.320727708,3.161567809,0.762125464,0.733134288,0.033338,0.046632,0.019482667,-0.106351333,-0.014876,-0.027782667,0.179131994,0.27902208,0.321207906,3.17036409,0.764532972,0.73506198,0.0427,0.0385,0.04055,-0.03195,0.09215,-0.00045,4,2,0.185746667,0.172709191,4,1.414213562,0.282685294,0.24899269,4,1.732050808,0.236384375,0.308253848,5,1.732050808,2.009003704,3.103231636,6,2,0.334858333,0.810955249,5,3.31662479,0.3773,0.563782727
"['45955.852435', '45960.345765']",0.167569094,0.276502566,0.322172129,3.189992516,0.84835503,0.851613357,0.031036,0.015140667,0.029458667,0.156064,-0.152418,-0.007644667,0.165221535,0.27701264,0.321897272,3.196846645,0.837346607,0.854431914,0.0409,0.00485,-0.01515,0.2703,-0.0164,0.06205,5,1.414213562,0.155606667,0.171979888,4,1.732050808,0.234382353,0.283551444,4,2,0.247103226,0.324865448,5,2,2.261182143,3.13777502,6,2.236067977,0.255016,0.802596455,6,3.741657387,0.515425,0.739312704
"['45956.757107', '45961.250468']",0.174753093,0.27259339,0.327431639,2.92542267,0.724595844,0.808134927,0.032967333,0.029906,0.020945333,-0.002684667,-0.147989333,-0.072414667,0.17219019,0.271855643,0.327855711,2.935221873,0.711698716,0.807580389,0.06285,0.03215,-0.01905,0.1358,-0.0332,-0.0306,4,1.414213562,0.151583333,0.160772622,4,1.732050808,0.250183871,0.286775638,5,1.732050808,0.243417241,0.330626533,5,2,1.845007407,3.11145746,6,2,0.183170833,0.664614487,6,3.741657387,0.376391667,0.722782257
"['45957.661814', '45962.155179']",0.177966031,0.26898658,0.335698729,3.035620695,0.759251766,0.86253128,0.026902667,0.028422667,0.052538667,-0.309548,-0.103816,-0.000725333,0.176510227,0.268376799,0.332672712,3.029913454,0.754640331,0.865420534,0.06095,0.0293,0.0192,-0.35745,-0.0526,0.0451,4,1.414213562,0.149982143,0.170038497,5,1.732050808,0.23967931,0.292342229,4,1.732050808,0.23566,0.349694082,5,1.732050808,1.64306,3.454090022,6,2.645751311,0.25743913,0.740738665,6,4,0.507778261,0.797316337
"['45958.566517', '45963.059873']",0.213988209,0.299408936,0.330544611,3.254629345,0.8603161,0.884084174,0.021857333,0.033793333,0.049696667,-0.254444,-0.073754,-0.096482667,0.21358213,0.298492389,0.327882132,3.255537939,0.860020372,0.881747762,0.05895,0.03415,0.02195,-0.42595,-0.0371,-0.10295,5,3.16227766,0.183492308,0.229072469,4,1.732050808,0.278419355,0.301895169,5,2.449489743,0.228996429,0.346270195,6,2.236067977,1.883483333,3.932928461,6,3.741657387,0.396480952,0.815945735,6,4.123105626,0.432481818,0.882558434
"['45959.471232', '45963.964582']",0.229149473,0.318851755,0.295400263,3.466823767,0.847801991,0.802079585,0.028437333,0.019652,0.034591333,-0.16486,-0.053362,0.023983333,0.228139835,0.319311719,0.294350761,3.474502748,0.848955564,0.804406776,0.05895,0.0413,0.01005,-0.46705,-0.03475,0.01865,5,3.31662479,0.186938462,0.23876233,4,1.414213562,0.281248387,0.27376571,5,2.449489743,0.199368966,0.258155889,5,2.449489743,1.85285,3.987247479,6,3.872983346,0.456119048,0.843726436,6,3,0.430616667,0.849198172
"['45960.375947', '45964.869274']",0.234736312,0.346082299,0.293759022,3.511645489,0.789002225,0.726309279,0.033892,0.043888,0.024275333,-0.167016,0.092238667,0.056612,0.233054855,0.344438266,0.293735039,3.519422575,0.786217181,0.726525415,0.06095,0.0628,0.02235,-0.4493,0.0151,0.0451,5,3.464101615,0.210511538,0.235755404,4,1.414213562,0.359996774,0.317503184,5,2.449489743,0.228757143,0.230662953,6,2.645751311,1.789020833,4.09213882,7,3.872983346,0.677495238,0.702861355,5,2.449489743,0.440165385,0.840735829
"['45961.280650', '45965.773990']",0.227612835,0.367350818,0.294130909,3.734508106,0.812379798,0.753798017,0.037335333,0.028879333,0.026578667,-0.025468,0.136127333,0.023581333,0.225282095,0.367440733,0.293908913,3.746931923,0.803576497,0.755953133,0.05065,0.06345,0.0189,-0.3816,0.07175,0.0144,5,3.31662479,0.217092308,0.235390469,4,1.414213562,0.369784375,0.305753488,5,2.645751311,0.243548276,0.243754594,6,2.828427125,2.58593913,4.310359508,6,3.872983346,0.771677273,0.694286007,5,2.645751311,0.440730769,0.875725999
"['45962.185330', '45966.678668']",0.223363675,0.371796362,0.285838981,4.000906912,0.782434988,0.690959201,0.029354667,0.040486,0.025954,0.29272,0.126884,-0.025771333,0.222168164,0.370823615,0.28561187,4.003551836,0.774664873,0.692791592,0.03285,0.05555,0.01395,0.0904,0.0482,0.0144,5,2.236067977,0.174810345,0.245821047,4,1.414213562,0.388157576,0.303288079,4,2,0.26506129,0.235470143,6,2.645751311,3.090381818,5.000091062,6,3.464101615,0.712308696,0.712002461,5,2.236067977,0.313189286,0.792691282
"['45963.090040', '45967.588410']",0.171355341,0.338136544,0.256280935,3.898521801,0.63487084,0.645034975,0.040415333,0.04404,0.031641333,0.056850667,0.15718,0.007566667,0.167078892,0.336379461,0.255172156,3.911166285,0.617166695,0.647151371,0.03075,0.05745,0.02645,-0.08475,0.06305,-0.05725,4,1.414213562,0.15333125,0.173723218,4,1,0.350266667,0.294565696,4,1.732050808,0.24135,0.237758067,6,3.464101615,2.7974125,4.280970104,5,2,0.598866667,0.653865975,5,2,0.3071,0.728153785
"['45963.994734', '45968.493156']",0.145758533,0.307405624,0.252939765,3.912927781,0.606722645,0.616988232,0.023812,0.047951333,0.03832,0.069946,0.113136667,-0.028674,0.144282088,0.304659929,0.250857795,3.925409145,0.598077846,0.618386306,0.01135,0.0454,0.0418,-0.1426,-0.00615,-0.06585,4,1,0.128546875,0.162014898,4,1,0.347996875,0.300577689,4,1.732050808,0.25120303,0.226383287,6,3.741657387,3.070817391,4.511750697,5,1.732050808,0.510389286,0.666383772,4,1.732050808,0.274248276,0.699477602
"['45964.899425', '45969.397838']",0.134333062,0.307736056,0.243590398,4.253171975,0.560592479,0.397387572,0.015709333,0.027159333,0.042384667,0.183651333,0.060632,-0.041489333,0.13385829,0.307562158,0.240678198,4.263440339,0.559170966,0.396539796,0.00845,0.0389,0.0427,-0.1957,-0.0334,-0.06885,4,1,0.107835294,0.147830002,4,1,0.327890909,0.251780099,4,1.414213562,0.23112,0.213705493,6,4,3.789336364,4.835557288,5,2.236067977,0.508585185,0.632592508,5,2,0.200462069,0.412701549
"['45965.804141', '45970.312595']",0.182919501,0.280609949,0.244391161,4.124211887,0.61928928,0.463602584,0.011689333,0.035139333,0.043104,-0.081005333,-0.041817333,-0.079478667,0.183157164,0.279333766,0.241365838,4.137230109,0.619945757,0.4582691,0.01135,0.0374,0.05145,-0.33135,-0.08145,-0.0708,4,1.732050808,0.101332258,0.181452749,4,1,0.298042424,0.267376046,4,1.732050808,0.211290909,0.205247293,6,4,3.163022727,4.78475268,5,3,0.432736,0.618490411,6,3.31662479,0.19718,0.448896154
"['45966.708850', '45971.217276']",0.242904505,0.288164967,0.231845705,3.800668204,0.664015822,0.611236072,0.021203333,0.014896,0.034899333,-0.202483333,0.032026667,-0.062240667,0.242787954,0.288743792,0.229971841,3.807985159,0.665464947,0.610095961,0.02395,0.03265,0.0552,0.0377,0.0299,-0.09405,5,2.449489743,0.131689286,0.240513028,4,1.414213562,0.2902,0.247269198,4,1.732050808,0.190954545,0.164010265,6,3.31662479,2.810565217,3.730355595,6,3.464101615,0.53035,0.627816173,6,3.872983346,0.284071429,0.670153835
"['45967.618592', '45972.132052']",0.243546934,0.2796383,0.22327736,3.651014551,0.670209695,0.610614095,0.011736667,-0.00486,0.025984,0.389582,0.052487333,-0.029036,0.244078929,0.280532737,0.222503174,3.642331254,0.670389635,0.611966643,0.02365,0.0025,0.0311,0.57615,0.0481,-0.01605,5,2.645751311,0.132125,0.234926896,4,1.414213562,0.26406129,0.259808548,5,1.732050808,0.195455172,0.15437431,6,3.16227766,3.043758333,3.79138856,7,3.605551275,0.63102381,0.600575439,6,3.741657387,0.354904762,0.671251759
"['45968.523308', '45973.036745']",0.248366073,0.331705101,0.254466634,3.687240759,0.754285472,0.677862048,0.007898667,0.009554667,0.012359333,-0.187901333,0.054155333,-0.055060667,0.249072071,0.332678245,0.255017794,3.694786482,0.754859274,0.677885539,0.0303,0.00295,0.0275,0.1613,0.05205,-0.0869,5,2.645751311,0.148577778,0.23339711,4,1.414213562,0.263257576,0.330367972,5,1.732050808,0.203241379,0.175343254,5,2.828427125,1.959811111,3.57761569,7,3.605551275,0.696625,0.737741716,7,3.605551275,0.354842857,0.753507083
"['45969.427989', '45973.941454']",0.248274605,0.297126126,0.266158416,3.19389203,0.696848125,0.678928498,0.009306,0.010458667,0.01021,-0.227170667,0.048864,-0.063428667,0.248931295,0.297936782,0.266853513,3.196475584,0.697461567,0.67822363,0.02545,0.016,0.00645,0.0188,0.05975,-0.08205,5,3,0.158632,0.244790796,4,1,0.204188571,0.279746046,4,1.732050808,0.21096,0.235146898,4,2,1.277133333,2.967345918,6,3.31662479,0.53416087,0.672460501,6,2.828427125,0.370938095,0.745398101
"['45970.342746', '45974.851214']",0.227564529,0.313881062,0.269864754,3.565790428,0.64180711,0.64290913,0.016573333,0.028399333,0.01707,0.089362,0.165058,0.00952,0.227720553,0.313640882,0.270226603,3.576612483,0.622297289,0.64499221,0.0219,0.02125,-0.0023,0.2851,0.1614,-0.0147,5,2.236067977,0.162823077,0.228113772,4,1.414213562,0.21755,0.297376567,4,1.732050808,0.238412903,0.277617835,4,2,1.916393333,3.469815285,6,2.828427125,0.603545833,0.676134338,6,2.645751311,0.380828,0.658597908
"['45971.247458', '45975.755919']",0.146303231,0.285059686,0.261485721,3.434133078,0.559693033,0.488791488,0.00917,0.026052667,0.002231333,-0.204851333,0.058724667,0.006151333,0.146504735,0.284817644,0.26235217,3.439501963,0.558468397,0.490390147,0.01255,0.0036,-0.01535,-0.3144,-0.00585,0.00425,5,2,0.12157931,0.133141647,3,1,0.190345946,0.294704888,4,1.732050808,0.215929032,0.280966403,4,2,1.371477419,3.438377744,5,2.645751311,0.387157692,0.656081924,5,1.732050808,0.28722069,0.468484798
"['45972.162203', '45976.660598']",0.138625433,0.293331407,0.259840813,3.594585784,0.577816036,0.50436357,0.008938667,0.024830667,0.0055,-0.053458667,0.092222667,0.024402667,0.138800389,0.293257713,0.260652893,3.606229109,0.572319856,0.505460572,0.0141,0.00325,-0.00945,-0.3144,-0.0048,0.0099,5,1.732050808,0.111072414,0.130782079,4,1,0.223863889,0.298862429,4,1.732050808,0.219251613,0.28084321,5,2.449489743,1.916392857,3.68899878,5,2.828427125,0.410962963,0.654115203,5,1.732050808,0.321683333,0.47168831
"['45973.066897', '45977.565317']",0.137637349,0.248371786,0.252834629,3.64270944,0.482483181,0.43550153,0.028902,-0.006995333,0.015919333,0.272265333,0.060769333,0.043818,0.13501944,0.249104994,0.253178302,3.64468957,0.480244389,0.434743115,0.0175,-0.00615,0.00255,-0.27365,-0.00675,0.0303,4,1.414213562,0.11049,0.131561378,4,1,0.199974286,0.237896575,5,1.414213562,0.245134483,0.29549742,5,2.645751311,2.539338462,3.789483406,5,2.645751311,0.338696429,0.552830413,4,1.414213562,0.298716667,0.356510884
"['45973.971636', '45978.470035']",0.148207081,0.231918067,0.225010149,3.418832567,0.523549963,0.477792394,0.010250667,0.016868,0.024781333,0.059388,-0.019714667,0.070352667,0.148347484,0.232078716,0.224390567,3.429768398,0.524931343,0.474167664,0.01495,0.00955,0.0101,-0.32225,-0.08205,0.04355,4,1.732050808,0.09055,0.131435152,4,1,0.214125806,0.243422945,5,2,0.226378571,0.255536299,5,3,2.189025,3.789016613,6,3.464101615,0.336609091,0.566627846,5,2.645751311,0.305159259,0.404897819
"['45974.881366', '45979.374746']",0.197737107,0.222181331,0.185197146,2.7512871,0.526600945,0.703566028,0.007077333,0.002920667,0.02387,0.168232,0.000929333,-0.094438667,0.198272425,0.222906398,0.184267658,2.755338693,0.528364284,0.699534716,0.00425,0.0192,0.01375,-0.04875,-0.06745,-0.06615,4,1.732050808,0.052989655,0.10596787,5,1,0.159543333,0.216029935,5,2.236067977,0.1724,0.192094572,6,2.828427125,1.656925,2.922813025,6,3.464101615,0.271581818,0.506274829,5,2.645751311,0.217296,0.415001038
"['45975.786070', '45980.279435']",0.299577146,0.34498746,0.194161698,2.999920809,1.25034621,0.958449653,0.092527333,0.046819333,0.047056667,-0.045347333,0.522549333,0.110522,0.285884637,0.342940743,0.189004195,3.009626916,1.139722608,0.955245475,0.03515,0.0422,0.02985,-0.13955,0.21135,-0.0203,5,2.236067977,0.1851,0.297019718,5,1.732050808,0.252128571,0.287413969,5,2.236067977,0.194744444,0.207708474,6,3.16227766,1.936822727,3.107165207,8,3.605551275,0.842927778,1.145669404,7,4.242640687,0.52778,0.833170156
"['45976.690749', '45981.184138']",0.317560175,0.479685602,0.389936698,2.740241548,1.323816488,1.305308815,0.117884667,0.088442667,0.021530667,-0.543851333,0.585529333,-0.138758,0.295856742,0.47304118,0.390646159,2.694728162,1.19126244,1.302260807,0.05175,0.05275,0.0358,-0.60915,0.25735,-0.2252,5,2.449489743,0.253867857,0.325010249,5,2,0.364188462,0.466820125,5,2.236067977,0.229839286,0.222584115,6,2.828427125,1.414718182,2.54078454,7,3.464101615,1.04209,1.205177951,8,4.358898944,0.3954,1.238267172
"['45977.595499', '45982.088832']",0.325653305,0.477230086,0.393859812,2.448642513,1.3663327,1.338285465,0.088876,0.087396,0.022391333,-0.248338667,0.744805333,-0.085072667,0.314340364,0.470731075,0.394540145,2.444177727,1.149319932,1.340053074,0.02685,0.04845,0.0358,-0.1295,0.4884,-0.16965,5,2.236067977,0.232444828,0.333061807,5,2,0.3433,0.4435404,5,2.236067977,0.233439286,0.207023656,6,2.645751311,1.3408125,2.119471256,6,3.16227766,1.197742857,1.104626871,8,4.123105626,0.366188889,1.292841863
"['45978.500187', '45982.993522']",0.384669924,0.516464066,0.429369642,3.029674774,1.419915042,1.402232149,0.115286667,0.075025333,0.04387,0.117747333,0.818003333,-0.139295333,0.368217092,0.512697496,0.428553497,3.037527827,1.164504074,1.399970689,0.0504,0.0561,0.04695,-0.02665,0.64895,-0.1416,4,2,0.294803226,0.344469611,5,2,0.409571429,0.438533408,4,1.414213562,0.304753333,0.248604779,6,2.449489743,2.43242,3.511122141,6,3.16227766,1.230691667,1.110574653,8,4,0.439373684,1.287804767
"['45979.404897', '45983.898212']",0.397548512,0.578015435,0.471848254,3.6623598,1.452339622,1.389194226,0.14396,0.068996,0.075980667,-0.434871333,0.747642,0.058523333,0.371809025,0.575805297,0.467250684,3.648632119,1.249290463,1.392610755,0.13245,0.0101,0.0994,-0.2816,0.66665,0.21435,4,1.732050808,0.3501,0.295907364,5,2,0.48475,0.524113255,4,1,0.37310625,0.288236513,6,2.449489743,2.173416,3.839642317,5,2.449489743,1.188842308,1.176243074,7,3.605551275,0.68698,1.332454576
"['45980.309586', '45984.802933']",0.339816165,0.526462712,0.478093356,3.4829211,0.913503476,1.265098165,0.044655333,0.025768,0.051881333,-0.149067333,0.254301333,-0.238916,0.337997846,0.527593304,0.476862211,3.491387051,0.880332895,1.246495427,0.0419,-0.04745,0.056,-0.078,0.22165,-0.14875,5,2.449489743,0.274373333,0.310736978,5,2,0.393182759,0.546299814,4,1.414213562,0.382996774,0.284364764,5,1.414213562,2.096332143,3.628692667,4,1.732050808,0.792866667,0.948649874,6,3,0.364604545,1.171599486
"['45981.214290', '45985.707661']",0.34580488,0.421505157,0.375706927,3.545222004,0.98515513,0.920952789,0.006792667,-0.002819333,0.078191333,-0.276745333,-0.036217333,-0.032163333,0.346896414,0.422907778,0.368711447,3.546244503,0.987787305,0.923474377,0.0193,-0.042,0.0653,-0.078,-0.0076,-0.06815,5,2.645751311,0.2484,0.293696988,4,2,0.290096774,0.433521169,5,2,0.399225,0.300300931,4,2,1.778344828,3.622903372,5,2.236067977,0.513403448,0.895314535,6,2.645751311,0.509368182,0.860403472
"['45982.118980', '45986.612337']",0.380704829,0.438593378,0.35999375,3.51630371,0.933674666,1.422579447,0.053728,0.011582667,0.071458,-0.789648,-0.228942,0.026860667,0.378157138,0.439909226,0.354012362,3.437971124,0.908203077,1.427090762,0.05145,-0.03835,0.05055,-0.5387,-0.15325,-0.17505,6,2.828427125,0.351947826,0.358248007,5,3,0.335688889,0.463485728,5,2,0.354311111,0.340773302,5,2.828427125,1.743284,3.659096439,5,2.236067977,0.356834615,0.883684744,7,3.464101615,0.656626316,1.397682489
"['45983.023674', '45987.517056']",0.326846694,0.404790455,0.33091468,3.018212423,0.827226576,1.509315323,0.057046,0.024623333,0.06384,-0.942980667,-0.235459333,-0.129470667,0.322908108,0.405394419,0.32578606,2.876728023,0.795665297,1.508789714,0.0608,-0.024,0.05335,-0.27115,-0.12455,-0.2336,7,3.464101615,0.33308,0.333539229,5,3.16227766,0.294533333,0.472759404,6,3.16227766,0.311252,0.333468326,6,3.464101615,0.837854545,2.078968082,6,3.605551275,0.165631818,0.693213995,8,3.872983346,0.74361875,1.483241018
"['45983.928394', '45988.421741']",0.278784068,0.314013668,0.273698807,2.14642314,0.794876793,1.64758436,0.05015,0.046766,0.026912667,-0.401852,-0.146738,-0.153375333,0.275154991,0.311551958,0.273284912,2.115533933,0.783832271,1.645925485,0.0528,0.0172,0.0251,0.06575,-0.03595,-0.3065,6,3.31662479,0.251180952,0.297732421,6,4.358898944,0.239613043,0.312523163,6,3.31662479,0.217391304,0.271825604,7,3.872983346,1.128833333,1.474573255,8,5.196152423,0.212,0.592206978,10,7.549834435,0.8447,1.64876669
"['45984.833114', '45989.326445']",0.288579576,0.345350557,0.269640405,2.255472408,0.830208482,1.83960273,0.102002,0.05333,0.050570667,-0.112994,-0.087630667,0.008679333,0.270855773,0.342351107,0.265743017,2.260186815,0.828336445,1.845745027,0.1225,0.072,0.04825,0.22315,0.01895,-0.1479,7,3,0.313685714,0.274431759,7,5.477225575,0.246205263,0.357358507,6,3.605551275,0.194895652,0.27765643,10,3.741657387,1.819986667,1.596221363,10,5.477225575,0.372564286,0.724377753,14,10.77032961,1.45825,1.754218796
"['45985.737812', '45990.231147']",0.277407763,0.324584115,0.271636487,2.020958364,0.795142924,1.920067832,0.144853333,0.026096667,0.099786667,0.362456,0.20197,-0.169228,0.237377829,0.324617191,0.253490403,1.994850339,0.771641058,1.919003088,0.1449,0.02005,0.0629,0.4792,0.1245,-0.3928,6,2.645751311,0.3099625,0.273595315,8,5.477225575,0.184317647,0.357126666,6,3.31662479,0.199970833,0.286577434,11,3.605551275,2.325715385,1.553939068,12,6,0.7194,0.825611912,17,10.39230485,1.253311111,2.184859619
"['45986.642489', '45991.135831']",0.228837541,0.316901306,0.280880599,2.099646772,0.813653346,1.68434935,0.117504,0.04772,0.121623333,0.598870667,0.32954,-0.343702,0.197023395,0.314337333,0.254031274,2.019170827,0.746424468,1.654433235,0.13305,0.0703,0.0805,0.7329,0.21435,-0.3369,5,2,0.251292,0.201042638,7,4.795831523,0.19441,0.335486906,6,2.645751311,0.245391667,0.265140586,9,4.242640687,2.09446875,2.197267554,11,6.480740698,0.878484615,0.827948745,17,10.90871211,0.9895,1.589178534
"['45987.547207', '45992.040525']",0.225974029,0.310803466,0.273811212,2.206123631,0.845839548,1.535271987,0.09225,0.039418667,0.094437333,0.792921333,0.368139333,-0.198295333,0.206977772,0.309326444,0.257871066,2.06559965,0.764074629,1.527512465,0.10465,0.0664,0.05505,0.9701,0.2219,-0.18135,5,1.732050808,0.219306897,0.203611216,6,3.605551275,0.206628,0.309222201,5,2.236067977,0.214423077,0.266168866,7,4.582575695,2.10508,2.227336236,10,6.403124237,0.847933333,0.866690627,10,9,0.583928571,1.36182646
"['45988.451892', '45992.945234']",0.381115448,0.305066268,0.285465527,2.380414184,0.858959071,1.368528636,0.040198,0.00996,0.08338,0.560886667,0.338024667,-0.07611,0.380259236,0.30592509,0.273931743,2.321141057,0.792297236,1.370988191,0.03245,0.02725,0.0468,0.6154,0.18755,-0.0742,5,2.236067977,0.219288889,0.398459626,5,2.236067977,0.228814286,0.282964768,5,2,0.227767857,0.260157414,6,3.605551275,1.874452174,2.334976921,8,5.099019514,0.834464706,0.839167498,8,5.744562647,0.56488125,1.205593227
"['45989.356597', '45993.849942']",0.42887717,0.310732118,0.303532785,2.508992289,0.836009844,1.10687141,0.061936,0.012108667,0.081574667,0.405193333,0.283915333,-0.100103333,0.425803101,0.311536293,0.293345191,2.484352508,0.788957691,1.106028466,0.0487,0.04535,0.0424,0.6121,0.14925,-0.03805,5,2,0.267389655,0.439183491,4,1.414213562,0.294646875,0.236838987,5,1.732050808,0.265567857,0.28453794,5,2.236067977,1.964644444,2.393880974,6,3.31662479,0.751105,0.758523199,7,4.242640687,0.563668421,1.005149219
"['45990.261298', '45994.754624']",0.46941623,0.32328468,0.26619475,2.616719488,0.781649742,1.031596208,0.013167333,0.069384,0.060536,0.436666667,0.163060667,-0.105542,0.470803488,0.316809035,0.260088467,2.588671065,0.76701343,1.029620844,-0.01515,0.0881,0.0436,0.5603,0.06435,-0.0872,5,2.828427125,0.303784,0.49074986,4,1.414213562,0.34723125,0.201448614,4,1.732050808,0.248413333,0.255801807,5,2.236067977,1.912841379,2.343472893,6,3.31662479,0.565685714,0.867486577,7,4.242640687,0.584194737,0.891736206
"['45991.165983', '45995.659322']",0.483819272,0.298859242,0.267757209,2.891954383,0.894262681,0.890315775,0.009398,0.055987333,0.081178,0.988854,0.18499,-0.110426,0.485348521,0.294551642,0.256009756,2.726744485,0.87785074,0.886400768,-0.0449,0.065,0.1061,1.0339,0.07565,-0.14035,6,3.464101615,0.363618182,0.510907328,4,2.236067977,0.322527586,0.225662719,5,2,0.250513793,0.253725812,5,2.645751311,2.480519231,2.32173936,7,3.31662479,0.637778947,0.948478668,7,3.16227766,0.46671,0.936115644
"['45992.070676', '45996.564031']",0.490768889,0.285477392,0.276043726,2.990198657,1.090035919,0.980613163,0.006134,0.029375333,0.126345333,0.995253333,0.375546667,-0.047437333,0.492374547,0.284913324,0.246254484,2.829155282,1.026728208,0.982746396,-0.05,0.02625,0.1672,1.1675,0.29215,-0.1854,6,3.464101615,0.338668182,0.539612079,5,2.449489743,0.251210714,0.267686207,5,1.732050808,0.287113793,0.229859836,6,3.741657387,2.542404167,2.339009187,7,5,0.821552632,0.993985589,8,3.464101615,0.685333333,0.991253173
"['45992.975385', '45997.468740']",0.42368934,0.313529739,0.268214469,3.100780086,1.09518661,0.917924271,0.08389,0.053786,0.143038,1.119174,0.337420667,-0.155348667,0.416692544,0.309916578,0.227650235,2.901449539,1.04540269,0.90771401,0.07955,0.04885,0.17095,1.203,0.2113,-0.3009,6,3.464101615,0.391541667,0.392065596,5,2.236067977,0.292232143,0.321754298,5,1.732050808,0.284713793,0.234107225,6,3.741657387,2.581170833,2.690918408,7,5,0.766990476,0.976659093,7,3.605551275,0.566531579,0.971085741
"['45993.880094', '45998.373466']",0.541702483,0.324305712,0.30567352,2.937912056,1.161192139,0.969867189,0.026198,0.057518,0.140974667,0.842464,0.328947333,-0.272616,0.542881244,0.320233568,0.2721326,2.82395939,1.117355835,0.933882824,0.01365,0.03245,0.1716,0.57865,0.362,-0.37115,6,3.31662479,0.440579167,0.479991046,5,2.236067977,0.322565517,0.371865995,5,1.732050808,0.317192857,0.239805092,5,3.605551275,1.809728,2.754924083,7,5.291502622,0.82267,1.048664529,6,3.464101615,0.343404545,0.880054563
"['45994.784775', '45999.278149']",0.680837436,0.387789291,0.351915811,3.014283457,1.185030551,0.990275852,0.027806667,0.021728,0.130607333,0.613964,0.257070667,-0.144904,0.682548327,0.388477188,0.32787673,2.960979959,1.160686593,0.982898618,0.0517,0.0157,0.16995,0.38145,0.2556,-0.1684,5,2.828427125,0.446992593,0.660038985,4,1.732050808,0.370303333,0.405181828,5,1.732050808,0.376375862,0.27910211,5,3.605551275,1.920551852,2.812309279,6,4.898979486,0.788431818,1.109215409,6,3.16227766,0.479954167,0.805495951
"['45995.689474', '46000.182851']",0.834947402,0.672677944,0.408187633,3.029027508,1.209841533,1.740834455,0.077508,0.056742,0.091906667,0.138214,0.076346,-0.087021333,0.834127165,0.672526012,0.399038663,3.03600948,1.211475259,1.744482737,0.08555,0.0198,0.1232,-0.24875,0.1261,-0.15805,5,2,0.574596667,0.821610493,4,2,0.58746,0.577932892,5,1.732050808,0.409393333,0.303828003,4,1.732050808,2.15861,3.215787219,5,3,0.731992,1.031613708,6,3.464101615,0.690829167,1.684760408
"['45996.594213', '46001.087545']",0.857992261,0.697120274,0.447800486,3.425143706,1.211460461,2.001760074,0.121707333,0.070077333,0.08756,0.242233333,0.024886667,-0.469711333,0.85216151,0.695912691,0.440627818,3.428013163,1.215262464,1.952390032,0.1648,0.0587,0.1081,-0.2646,-0.0537,-0.33155,5,2.645751311,0.676814815,0.819429371,4,1.732050808,0.618474194,0.579296023,4,1.732050808,0.450953333,0.347796566,4,1.732050808,2.245946667,3.416881689,5,2.828427125,0.750507407,1.121147359,6,3.16227766,0.518043478,1.792653558
"['45997.498921', '46001.997259']",0.840022128,0.684859188,0.468109773,3.341971563,1.393022016,2.043900868,0.078006,0.058101333,0.089144667,0.470684667,-0.161082667,-0.650770667,0.839194388,0.68467624,0.461082751,3.319744149,1.388312691,1.944022407,0.09815,0.0241,0.12075,0.46375,-0.20385,-0.47755,6,2.645751311,0.676541667,0.86516866,5,2,0.56959,0.597628445,5,2.236067977,0.495582143,0.359809153,5,1.732050808,2.553789286,3.221334778,6,3.16227766,0.725252174,1.387982912,7,3.605551275,0.4266,1.882607306
"['45998.403617', '46002.906984']",0.739019415,0.657667368,0.431265482,3.381169929,1.379346887,2.097885545,0.097018667,0.048095333,0.089903333,0.738178667,-0.058631333,-0.324667333,0.735077776,0.658103748,0.423203633,3.310660381,1.382716978,2.079554083,0.1025,0.03545,0.099,0.71575,-0.07555,-0.332,5,2.828427125,0.530203846,0.801421067,5,2,0.488710714,0.611132282,4,2,0.422283871,0.354678136,5,2,2.846303571,3.014136531,6,3,0.732908696,1.377292068,7,3.741657387,0.955178947,2.011350256
"['45999.308301', '46003.811679']",0.578674236,0.657968687,0.406368398,3.304220721,1.435394684,2.330578391,0.130453333,0.025539333,0.065794,0.889017333,0.130711333,-0.431835333,0.565666857,0.659675436,0.402350173,3.193038162,1.434219539,2.297893816,0.1104,0.03495,0.04425,1.0994,0.21895,-0.33545,5,2.645751311,0.465873077,0.63572163,4,1.732050808,0.408933333,0.586075313,4,2,0.344335484,0.354192103,5,1.732050808,2.904110714,2.850378442,6,3,0.879556522,1.298841173,8,4,0.974457895,2.199578942
"['46000.213002', '46004.726455']",0.288820705,0.357459192,0.342089971,2.808500442,1.364524511,1.87952551,0.087789333,-0.011761333,0.070928,0.842338,0.307678,-0.202171333,0.276077084,0.358462524,0.335777321,2.68818096,1.333837398,1.874880639,0.091,0.01835,0.0511,0.61185,0.2938,0.2814,5,2.236067977,0.243124138,0.179269137,4,1.414213562,0.199541935,0.291900375,4,2,0.279696875,0.323929345,5,1.732050808,2.092732143,2.118898481,6,2.828427125,0.881073913,1.28262923,6,3.31662479,0.981375,1.316520242
"['46001.117712', '46005.636177']",0.188024827,0.332714929,0.276186883,1.987273555,1.254440211,1.666458084,0.079088667,0.015694,0.03155,0.408985333,0.303872,0.278681333,0.171153758,0.333457969,0.275298116,1.951248227,1.221156641,1.648495122,0.0979,0.0314,0.0262,0.4899,0.4454,0.8307,4,1.732050808,0.218142424,0.148619773,4,1.414213562,0.21838125,0.219216462,4,2,0.208959375,0.265096812,5,2,1.652041379,1.647200094,6,2.449489743,0.860704545,1.146723192,5,3.16227766,1.194528,1.16530681
"['46002.027410', '46006.540858']",0.170208085,0.320989225,0.223247151,1.870538996,1.044108516,1.757168004,0.086818667,0.011492,0.008912667,0.392984,0.388384667,0.289374,0.146891658,0.321858096,0.223816473,1.834918496,0.972432056,1.73898318,0.08545,0.0364,0.0038,0.499,0.3264,0.9647,4,1,0.204602778,0.147572335,4,1,0.187475758,0.229296835,4,1.414213562,0.160960606,0.20979284,5,1.732050808,1.527503333,1.516608975,5,2,0.748241667,0.942789211,5,2.645751311,1.016618519,1.397292254
"['46002.937135', '46007.445552']",0.191753279,0.314631135,0.220744632,1.826190992,1.218095221,1.756720523,0.108012667,0.002104667,0.022017333,0.039476,0.194164667,0.255774,0.158968732,0.315678116,0.220379697,1.831880754,1.206549263,1.743823229,0.1083,0.0185,0.03365,0.12675,0.1603,0.9586,4,1,0.198120588,0.146733799,4,1.414213562,0.159747059,0.245922952,4,1.414213562,0.155038235,0.193110771,4,1.732050808,0.934326667,1.721961872,6,3.741657387,0.724708696,1.207887958,5,2.828427125,0.967454167,1.456928486
"['46003.841830', '46008.350267']",0.252394923,0.365555909,0.240352645,2.694786306,1.471762142,1.759444402,0.106178,0.048374,0.0474,0.045261333,0.330011333,0.382696667,0.229741822,0.363554985,0.236421803,2.703432689,1.439090989,1.723073147,0.10275,0.0164,0.046,-0.0509,0.16995,0.8483,4,1,0.222323529,0.22660732,4,1,0.259238235,0.471559036,4,1.414213562,0.168938235,0.240946238,5,1.732050808,1.368724138,2.987837187,6,4.358898944,0.831365,1.44548042,6,3,0.851533333,1.81490108
"['46004.756606', '46009.254957']",0.335748996,0.420146201,0.262466754,3.269352223,2.008722577,1.966813606,0.183047333,0.107664,0.079972,-0.479670667,0.78673,0.509052667,0.282405288,0.40747787,0.250824031,3.244806901,1.854440245,1.906159517,0.1468,0.04855,0.0681,-0.358,0.6594,0.83765,4,1.414213562,0.282384375,0.276835152,4,1,0.280354286,0.493739621,4,1.414213562,0.19819375,0.258472398,5,1.732050808,1.325962963,3.121499484,9,7.141428429,1.16918125,1.955491522,7,4.582575695,0.894989474,2.203496384
"['46005.666329', '46010.159658']",0.331796756,0.39853795,0.251004178,3.288974922,1.979903719,1.937517033,0.16739,0.074443333,0.083202,-0.668474,0.499281333,0.386102,0.287437782,0.392835187,0.237606616,3.231114236,1.922335222,1.905017439,0.1329,-0.0008,0.0666,-0.76435,-0.20945,0.63105,4,1.732050808,0.264787097,0.283559751,4,1.414213562,0.236115152,0.499893208,4,1.732050808,0.202593333,0.248607532,5,2.645751311,1.200228,3.265316728,9,7.416198487,0.733646667,2.174036282,9,6.557438524,1.02348,2.381187022
"['46006.571009', '46011.064351']",0.331400796,0.398978369,0.250740377,3.240274269,1.97721071,1.851100742,0.159533333,0.054425333,0.076175333,-1.169594,0.509768667,0.565887333,0.291447907,0.396572931,0.239689513,3.031948542,1.916765864,1.768387242,0.1212,-0.0299,0.0657,-1.11715,-0.153,0.6451,5,1.732050808,0.257963333,0.296651633,4,1.732050808,0.252055172,0.526574668,5,1.732050808,0.1981,0.254722102,6,3,0.699508696,3.403097814,11,7.681145748,0.885971429,2.191244463,10,7.071067812,1.386269231,2.274968048
"['46007.475703', '46011.969057']",0.324391422,0.401995203,0.24714178,3.200195004,1.848485454,1.876313944,0.125879333,0.085960667,0.045572,-1.143338,0.578506,0.464305333,0.299973468,0.394012537,0.243717542,2.998997531,1.761509406,1.824049235,0.06805,-0.0008,0.0473,-1.11715,0.11975,0.4436,5,1.414213562,0.250156667,0.305439544,5,2.645751311,0.328676,0.534508178,6,2.449489743,0.163695833,0.251001439,7,2.828427125,1.054126316,3.569185515,10,7.141428429,0.777538462,1.95281761,14,7.211102551,1.400709091,2.519056004
"['46008.380419', '46012.873795']",0.28116184,0.294382817,0.182683688,2.563227555,1.572072448,1.701579153,0.124743333,0.067969333,0.036450667,-1.574464667,0.253159333,0.408208,0.252818504,0.287388285,0.179609977,2.029446773,1.5567526,1.657423156,0.078,-0.0008,0.04275,-1.4326,-0.24385,0.46125,5,1.414213562,0.214448148,0.245108604,6,2.828427125,0.175590476,0.335076724,6,2.236067977,0.138916,0.162119744,7,3.16227766,-0.682325,1.146862073,9,5.744562647,0.166446667,1.713192416,17,5.916079783,1.930725,1.550192033
"['46009.285108', '46013.783509']",0.170611459,0.201861032,0.139886009,2.230175881,0.682224275,1.367296234,0.067844,0.015176,0.020384,-0.621458667,-0.332867333,-0.027439333,0.157066635,0.201964094,0.138856505,2.149014193,0.597502604,1.371600523,0.07595,0.00215,0.0486,-1.06685,-0.49715,0.0106,5,1.414213562,0.170789286,0.15836368,6,3,0.0960875,0.222641387,5,2,0.10772,0.104587276,7,2.828427125,-0.064875,2.350797564,8,4.898979486,-0.314011765,0.636254234,15,8.062257748,1.0189125,1.401941798
"['46010.189809', '46014.688218']",0.163601503,0.196023253,0.133179423,2.138869678,0.62586134,1.26475957,0.06825,0.019484667,0.017240667,-0.423571333,-0.223122,-0.004282667,0.149183649,0.195705908,0.132501177,2.103532701,0.586697323,1.268989358,0.0632,-0.0035,0.0327,-0.6806,-0.1528,-0.033,5,1.414213562,0.166471429,0.15079259,5,3,0.09548,0.215947069,5,2,0.093188,0.109255249,6,3.464101615,0.098426087,2.158140648,8,4.795831523,-0.124283333,0.622605596,13,8.306623863,0.6242,1.144876636
"['47704.17889', '47708.67223']",0.538644299,0.404072846,0.343369617,1.805883492,1.242503322,1.781348411,0.123797333,0.002702667,-0.015452,-0.727085333,-0.335498667,-0.067657333,0.525981251,0.405417459,0.344170918,1.65858417,1.20035865,1.786026479,0.1446,0.0326,0.0231,-1.1061,-0.42755,0.007,6,2.828427125,0.3978,0.621206136,5,2.449489743,0.209396296,0.442585691,5,2.449489743,0.115065385,0.326265264,6,2.828427125,0.064909091,1.896178367,10,4.582575695,0.62225,1.23715593,9,3.605551275,0.7671625,2.045875977
"['47705.08358', '47709.57692']",0.537734983,0.405539653,0.374527414,2.040317073,1.37354784,2.142460347,0.138872667,0.021267333,-0.011404,-0.546356667,-0.543869333,-0.377108,0.521233656,0.406338344,0.375607873,1.972390337,1.265510409,2.116076026,0.12875,0.03355,0.0358,-0.9782,-0.65605,-0.32085,6,3.16227766,0.403166667,0.642630505,6,2.828427125,0.2552375,0.459354101,5,2,0.156046154,0.341658733,6,2.828427125,0.118017391,2.103383675,10,4.795831523,0.510621429,1.208183398,9,3.605551275,0.965533333,1.861500468
"['47705.98828', '47710.48162']",0.586183871,0.345625838,0.500569124,2.483198861,1.488349855,2.261336632,0.230555333,0.113658,0.165302667,-1.114408,-0.428228667,0.251871333,0.540744983,0.327496728,0.474070418,2.226526637,1.43018942,2.254794488,0.1327,0.05085,0.09725,-1.3346,-0.59295,0.1218,6,2.828427125,0.372604762,0.628197027,6,2.828427125,0.304908696,0.338916518,5,2,0.33992963,0.46765451,6,2.828427125,-0.589447826,2.188114142,11,5.291502622,0.589433333,1.419378266,9,5.656854249,1.051771429,1.985382708
"['47706.89297', '47711.38632']",0.664142854,0.475317958,0.573885655,2.610203078,1.635102449,2.240357298,0.264298667,0.163968,0.137428667,-0.695580667,-0.465172667,0.239134667,0.611329236,0.447635461,0.559054307,2.52424372,1.572789087,2.235020705,0.16765,0.05085,0.0656,-1.12285,-0.7959,0.10285,8,4,0.659529412,1.020600411,7,2.828427125,0.442752381,0.826915032,6,2.645751311,0.355952174,0.541413594,8,3.605551275,-0.222173684,2.673557501,14,6.480740698,0.771854545,1.602730545,10,5.830951895,1.281785714,1.885471783
"['47707.79767', '47712.29101']",0.664075126,0.489455901,0.5810162,2.553266723,1.63185356,2.496516488,0.233208,0.215318,0.164458667,-0.218024,-0.057264,-0.207783333,0.623862563,0.441023715,0.559121889,2.552463574,1.636312009,2.496189175,0.12855,0.07975,0.0998,-0.15615,-0.0279,-0.21175,7,4.242640687,0.610542105,0.968397115,6,3.16227766,0.478880952,0.818732218,6,2.828427125,0.409308696,0.527874877,7,3.872983346,0.704852632,2.679882062,11,7.416198487,1.377015385,1.29774843,11,6.480740698,0.928423077,2.249144788
"['47708.70238', '47713.19571']",0.661584938,0.495069931,0.587734787,2.52882544,1.715674705,2.460544602,0.253218667,0.177761333,0.188855333,-0.023913333,0.154121333,-0.207781333,0.613255373,0.463603276,0.558430665,2.537183794,1.714462653,2.459969442,0.12855,0.06155,0.13235,0.027,0.16365,-0.06975,7,4.358898944,0.648783333,0.973430536,5,2.449489743,0.37464,0.787106713,6,3,0.477085714,0.520933659,6,3.464101615,0.748943478,2.425995244,8,7.211102551,1.440064706,1.274566541,11,6.782329983,0.96015,2.286973045
"['47709.60707', '47714.10045']",0.643920275,0.471299843,0.541517426,2.095440688,1.508457305,1.990736873,0.213289333,0.149024,0.174339333,-0.258469333,0.411779333,0.253207333,0.609605149,0.448616878,0.514403531,2.086405007,1.456027009,1.981183128,0.02975,0.0324,0.0385,-0.0391,0.15725,-0.0227,7,4,0.512957143,0.932710845,5,2.236067977,0.313781481,0.757304322,6,2.645751311,0.378483333,0.493799653,6,3.464101615,0.364554167,1.9275126,6,6,1.174786364,1.196415936,8,4.795831523,0.703347059,1.939073518
"['47710.51177', '47715.00516']",0.399928097,0.389505197,0.371573947,1.436312302,1.162318512,1.292962602,0.053817333,0.072305333,0.028947333,0.426244667,0.302093333,-0.360996667,0.397618132,0.384017403,0.371685689,1.376203017,1.126134301,1.245704174,0.0099,0.00755,0.0139,0.1242,0.1028,-0.069,6,3,0.296226087,0.77269988,4,1.414213562,0.2056375,0.666766905,5,2,0.17472,0.291126523,6,3.16227766,0.947779167,1.432689329,6,4.898979486,0.837176,1.081785479,7,4.242640687,0.002752632,0.780324825
"['47711.4165', '47715.90985']",0.182572056,0.22322428,0.177548665,1.419493429,0.833148331,1.229049875,0.022912,0.013373333,0.041176667,0.103889333,0.353089333,-0.41731,0.18173547,0.223569802,0.173286464,1.4204293,0.757156504,1.159907408,0.0111,0.00355,0.01425,0.01595,0.0918,-0.0705,5,2.236067977,0.102584615,0.139097824,4,1.414213562,0.110112121,0.193640554,5,1.732050808,0.122411111,0.161445896,6,2.828427125,0.95033913,1.489804489,5,3.16227766,0.545666667,0.803608064,7,4.123105626,0.01371,0.738141898
"['47712.32119', '47716.81456']",0.165398685,0.23981086,0.196742867,1.67091615,0.861624525,0.692651155,0.031995333,-0.020655333,0.046078,0.081859333,0.13339,0.02862,0.162818167,0.239720067,0.191911718,1.674500776,0.854088429,0.694378085,0.0099,-0.0164,0.02685,-0.048,0.0323,-0.0185,5,2.449489743,0.125456,0.153997235,4,1,0.118724242,0.221116091,5,1.414213562,0.161160714,0.22731884,6,2.828427125,1.083526087,1.752215003,5,3.16227766,0.376288,0.777258038,7,3.605551275,0.44457,0.750829286
"['47713.22589', '47717.71927']",0.143471169,0.286091325,0.177711985,1.687433174,0.770485647,0.954268108,0.027087333,-0.012593333,0.019171333,0.039564,-0.070364667,0.050817333,0.141362922,0.286771523,0.177266747,1.6926208,0.769836303,0.956106419,0.0166,0.0012,0.0207,-0.02785,0.03405,-0.0628,5,2.828427125,0.128423077,0.140593079,4,1.414213562,0.161225,0.222875988,5,1.732050808,0.14154,0.201984756,6,2.828427125,1.169817391,1.734191067,5,3.16227766,0.232976923,0.51119995,7,3.464101615,0.5301,0.932938508
"['47714.13061', '47718.62396']",0.200058763,0.428920176,0.264030237,1.852597573,0.840594755,1.357696015,0.046468667,0.014685333,0.02346,0.170876667,-0.020847333,-0.013261333,0.195239068,0.430104785,0.263866948,1.850880146,0.843151406,1.36217944,0.0238,0.0193,0.03995,0.0576,0.0506,-0.0458,5,2.449489743,0.195544444,0.299087829,4,2,0.260425806,0.401327861,4,1.732050808,0.177396667,0.284821311,5,2.449489743,1.393412,1.84505775,5,3,0.343292,0.66443792,7,3.464101615,0.945163158,1.54435616
"['47715.03531', '47719.52866']",0.218809637,0.436489044,0.278536322,1.859106391,0.908440743,1.371482706,0.051667333,0.007709333,0.022973333,0.066284,0.014500667,-0.022692,0.213334372,0.437883008,0.278517243,1.8641486,0.911367978,1.375888933,0.0225,0.04335,0.0458,-0.20805,0.06055,-0.00915,5,2.449489743,0.218838462,0.309419148,4,1.732050808,0.287006667,0.402468659,5,2,0.205082759,0.300467661,5,2.645751311,1.296184615,1.822404627,5,2.645751311,0.426959259,0.769714329,7,3.464101615,0.918290476,1.465083192
"['47715.94', '47720.43338']",0.331977503,0.450745066,0.376864259,1.992474944,1.656684153,1.559756788,0.101394667,0.020946,0.006923333,0.083593333,-0.332454,-0.145992,0.317173207,0.451766532,0.378062977,1.997389712,1.628421041,1.558111781,0.0348,0.04335,0.04495,-0.03785,0.0575,-0.0436,6,2.449489743,0.337154167,0.464826713,4,1.732050808,0.31866129,0.429469794,5,2,0.2361,0.379189393,5,2.236067977,1.259918519,1.633183041,5,2.645751311,0.319266667,1.036579457,7,3.464101615,0.944425,1.567477777
"['47716.84471', '47721.33807']",0.415468525,0.617240637,0.474405143,2.043239616,1.706163785,2.865344862,0.193614667,0.171997333,0.058853333,0.363523333,-0.426867333,-0.205587333,0.36882835,0.594778387,0.472317425,2.017377255,1.657435699,2.867534374,0.0669,0.08185,0.04875,0.31395,0.0027,-0.1212,5,1.732050808,0.422114815,0.474346262,4,2,0.552786207,0.626182147,5,2.236067977,0.373551724,0.438285808,4,2.236067977,1.593093333,1.738497116,5,2.645751311,0.308148148,1.055728813,7,3.872983346,1.240444444,2.387146829
"['47717.74942', '47722.24277']",0.456198106,0.598937269,0.469613765,2.015083775,1.662766199,2.781457597,0.208872,0.165449333,0.073621333,0.298815333,-0.335974667,-0.239922667,0.406931387,0.577560569,0.465360855,1.999481145,1.633924884,2.780374078,0.04325,0.0583,0.0563,0.19585,-0.02185,-0.0064,5,1.732050808,0.435133333,0.515134559,5,2,0.534817241,0.636343308,4,2,0.37751,0.428828562,4,2.236067977,1.338596667,1.67604562,6,3,0.331992,1.100648542,7,5.916079783,0.755231579,1.950871311
"['47718.65411', '47723.14747']",0.434811783,0.512229764,0.43558906,2.020435771,1.629993908,2.609311698,0.193684,0.143498667,0.071974667,-0.002082,-0.392073333,-0.169088,0.390595564,0.493366191,0.431040737,2.027203342,1.587437673,2.612550398,0.0346,0.04005,0.0418,-0.0115,-0.0416,-0.01825,5,2,0.369440741,0.477692271,4,2,0.441956667,0.578457079,5,2,0.369306897,0.396221276,5,2.645751311,1.421051852,1.697969965,6,3.16227766,0.240479167,1.041457988,7,5.744562647,0.647571429,1.870543961
"['47719.55881', '47724.05217']",0.43198312,0.571199809,0.432470761,2.550755543,1.627703011,2.772421455,0.207004667,0.124325333,0.061185333,0.04159,-0.497426667,-0.326659333,0.380425165,0.559373241,0.429554921,2.558960591,1.555025562,2.762333126,0.04855,0.0405,0.02975,0.1852,-0.08185,-0.0664,5,2,0.354913793,0.463555144,5,2.236067977,0.465432143,0.614298675,5,1.732050808,0.339560714,0.401909741,5,2.828427125,1.685448148,2.211939977,6,3.31662479,0.0881125,0.995485211,7,6.08276253,0.681366667,2.027647834
"['47720.46353', '47724.95689']",0.374001415,0.576209502,0.394343626,2.501261669,1.047520656,2.83572849,0.163316,0.10908,0.086212,0.233234,-0.107584,-0.066056667,0.337586592,0.567685999,0.386093478,2.498706747,1.04547212,2.844456386,0.04905,0.03525,0.02825,0.21345,-0.0501,-0.04405,4,2,0.304776667,0.352365282,5,2,0.441766667,0.610904639,5,1.732050808,0.319310714,0.421946333,5,2.449489743,1.736221429,2.317274715,6,3.31662479,0.340159091,1.012740728,7,5.830951895,0.827675,2.240684125
"['47721.36822', '47725.86157']",0.330192927,0.425491559,0.2923183,2.46936063,0.911470247,1.494546982,0.08787,-0.018157333,-0.001859333,0.034766667,0.049432,0.03913,0.319352689,0.426528099,0.29329166,2.477387642,0.913177847,1.499039802,0.0296,0.0034,-0.01215,-0.08195,-0.0072,-0.036,5,2,0.239441379,0.356097171,5,1.732050808,0.285348148,0.317066412,4,1.414213562,0.164743333,0.293768348,5,2.645751311,1.586066667,2.391915123,6,2.449489743,0.527283333,1.087808633,5,3,0.660138462,1.434792017
"['47722.27292', '47726.76629']",0.27154845,0.443065869,0.309428811,2.821931623,0.889073077,1.524440678,0.048544,0.021019333,0.001520667,-0.341944667,0.06687,0.029126667,0.268069235,0.444049643,0.310461677,2.810521685,0.8895248,1.529268485,0.0141,0.03875,-0.00905,-0.445,0.04215,-0.0482,4,1.732050808,0.190287097,0.286202546,5,1.732050808,0.329389655,0.32796575,4,1.414213562,0.1772,0.296574917,5,2,1.053144444,2.95319076,5,2.236067977,0.588392,1.055840806,5,3,0.692681481,1.465843532
"['47723.17762', '47727.67099']",0.472514654,0.580315396,0.421110566,2.998764767,0.982645262,2.405413004,0.174484667,0.111096667,0.027759333,0.128455333,-0.069195333,0.461693333,0.44058975,0.571490007,0.421602322,3.006049162,0.983489738,2.368597195,0.0599,0.0653,0.0001,-0.0927,-0.0333,-0.0295,4,2,0.316086667,0.436597528,5,2.236067977,0.446119231,0.488863161,4,1.732050808,0.250046667,0.368487115,4,1.732050808,1.272868966,3.183600247,5,2.236067977,0.395733333,1.171232632,6,3.605551275,1.158821739,2.224206615
"['47724.08235', '47728.57568']",0.615598205,0.634553519,0.632191832,2.811797813,1.670986048,2.501067579,0.234715333,0.173996667,0.050896,0.088822,0.037248,0.496349333,0.571002177,0.612276526,0.632250781,2.819809646,1.676167416,2.459533508,0.0663,0.0653,0.00215,-0.1252,-0.0063,0.144,4,2,0.480296774,0.750019156,5,2.236067977,0.569803571,0.574735906,5,2,0.322763333,0.577198445,4,2,1.144243333,2.850866538,5,2.236067977,0.648957692,2.268693325,6,5,1.315622727,2.246317933
"['47724.98703', '47729.48037']",0.636316449,0.695238931,0.627869603,2.879931564,1.668185864,2.53740365,0.252464667,0.158556667,0.004758667,0.008675333,0.106646667,0.281386667,0.586045972,0.67918498,0.629954931,2.889566493,1.670350574,2.530201234,0.0498,0.0653,-0.0181,-0.05715,0.08225,0.17125,4,2,0.536034483,0.772359356,5,2.236067977,0.604866667,0.597652642,4,2,0.301303333,0.560554326,5,2,1.170293333,2.770735303,5,2,0.513011111,2.152371376,7,5.099019514,1.1011,2.059544939
"['47725.89173', '47730.38511']",0.640898954,0.678395633,0.617134222,2.788573231,1.774078317,2.507205691,0.225900667,0.124968667,0.014832667,-0.253652667,-0.081861333,0.227119333,0.601776195,0.669019718,0.619022806,2.786316214,1.778125643,2.505262351,0.06045,0.04975,-0.0031,-0.1668,-0.0797,0.1717,5,2.828427125,0.583065385,0.770493601,6,2.645751311,0.5867,0.624248857,5,2.236067977,0.318642308,0.576499869,5,2.449489743,1.137748,2.817916898,5,3,0.548972,2.304280437,8,5.099019514,1.160172222,2.060668076
"['47726.79644', '47731.28981']",0.698091033,0.682230226,0.616247983,2.533784088,1.815560228,2.523644041,0.256643333,0.063301333,0.014324667,-0.102881333,-0.182496,0.309312667,0.651378473,0.681562818,0.618145402,2.540175951,1.81241639,2.513007421,0.21765,0.0174,0.0022,-0.17855,-0.315,0.48315,6,3.872983346,0.699277273,0.847228824,5,2.645751311,0.4602,0.689178022,5,2.236067977,0.322338462,0.571912812,6,3,1.719704348,2.342694228,6,3.464101615,0.555729167,2.363476479,8,5.099019514,1.292761111,2.019949923
"['47727.70114', '47732.19451']",0.643978439,0.593277212,0.553723465,2.535089053,1.797245254,1.733907521,0.107345333,0.024088,-0.017842,-0.357332,-0.135608667,-0.184087333,0.637095872,0.5947739,0.555290001,2.518186937,1.798125644,1.729883559,0.11635,0.03855,-0.00895,-0.2275,-0.25105,0.18835,6,3.872983346,0.531095652,0.857193654,5,2.236067977,0.336634615,0.541435515,5,1.732050808,0.215575,0.526391555,6,3,1.270908696,2.053999672,6,3.464101615,0.681390909,2.423689587,6,2.828427125,0.734235,1.011262781
"['47728.60583', '47733.09919']",0.570945206,0.547364521,0.411230639,2.291565769,1.232825133,1.332978096,0.079507333,0.009629333,0.026804667,-0.265538,-0.078811333,-0.11,0.567276265,0.549113253,0.411730855,2.283754248,1.234425082,1.332882003,0.08975,0.01755,-0.0025,-0.0496,-0.07035,0.01075,6,3.872983346,0.450486364,0.71526209,5,2.828427125,0.332569231,0.729766896,5,1.732050808,0.234057143,0.484268288,6,2.645751311,1.319859091,2.016872766,6,3.741657387,0.719952381,1.229738569,6,2.449489743,0.610954545,0.981562286
"['47729.51055', '47734.00389']",0.697771168,0.492974806,0.576475017,2.501277891,1.467644452,1.212012273,0.075475333,0.033199333,0.054744667,0.201312,0.007182,-0.134417333,0.696001097,0.493503395,0.575792246,2.501515896,1.472543566,1.208570789,0.07775,0.0158,0.0088,0.0543,-0.155,-0.06215,7,3.741657387,0.602518182,0.93719478,5,2.645751311,0.363348276,0.718363352,5,1.732050808,0.3521,0.629608439,6,2.828427125,1.968966667,2.684133396,6,3.16227766,0.836926087,1.468774961,6,2,0.579119048,1.201597405
"['47730.41526', '47734.90861']",0.675817071,0.481331527,0.602128073,2.420491278,1.393987865,1.234830451,0.123843333,0.058694,0.068344667,0.423382667,0.130287333,-0.326324,0.666598757,0.479339996,0.600240911,2.391159292,1.392535486,1.194921675,0.11925,0.01755,0.003,0.20745,0.0028,-0.2978,5,3.16227766,0.537976923,0.875982228,4,2.236067977,0.353319355,0.687145111,5,1.732050808,0.328482143,0.66661567,5,2.449489743,1.915215385,2.519929078,5,3.16227766,0.799083333,1.494879892,6,3.31662479,0.382086364,1.192115697
"['47731.31996', '47735.81832']",0.647025362,0.503874048,0.620295213,2.343155655,1.481478161,1.209577177,0.121504,0.09334,0.072057333,0.742470667,0.061123333,-0.471841333,0.637643468,0.496812018,0.618159662,2.229857431,1.485175564,1.117482806,0.04195,0.04655,0.00505,0.47515,0.09425,-0.3658,5,2.645751311,0.561748148,0.827884923,4,2.236067977,0.468416129,0.654672917,5,1.414213562,0.338772414,0.665836304,5,2,2.133589286,2.272340583,6,3.16227766,0.7019,1.605697774,6,3.31662479,0.220443478,1.095784065
"['47732.22466', '47736.72808']",0.636630825,0.570018359,0.674899753,2.37760006,1.822214799,2.285178271,0.162253333,0.093763333,0.07148,0.827401333,-0.044587333,-0.083696,0.617669899,0.564137431,0.673352042,2.236455672,1.827771981,2.291295473,0.0757,0.0063,0.00505,0.5324,0.2137,-0.34435,5,2.449489743,0.640853571,0.768579285,4,1.414213562,0.539903125,0.706873528,5,1.414213562,0.378867857,0.711653647,5,2.236067977,2.29695,2.287558995,5,2.828427125,0.7587125,1.865496249,6,3.605551275,0.794363636,2.530099937
"['47733.12935', '47737.6378']",0.601953125,0.514111635,0.643898176,2.378270822,1.929971674,2.348724415,0.172578,0.071597333,0.025186,0.744082,-0.188162667,-0.2031,0.578615913,0.510807292,0.645560882,2.266441957,1.927212092,2.347765631,0.17255,0.05235,0.0575,0.5657,-0.0651,-0.4159,5,2.449489743,0.613844444,0.631931002,4,1.414213562,0.483022581,0.468683119,5,2,0.338357143,0.613111719,5,2.236067977,2.318953571,2.244366143,6,4.472135955,0.704734783,1.876338706,6,3.605551275,0.588,2.562193093
"['47734.03407', '47738.54752']",0.422222691,0.493656923,0.491944074,1.797794708,1.666900494,2.170766028,0.148217333,0.045568667,0.029520667,0.297728667,-0.405636667,-0.065042667,0.396676998,0.493195975,0.492702623,1.778909851,1.622208335,2.177060375,0.1237,0.01085,0.06965,0.43185,-0.05265,-0.225,4,2,0.409358065,0.333650406,4,1.414213562,0.40876875,0.430472092,5,2,0.302896296,0.437197794,5,2.236067977,1.650260714,1.401075644,6,4.582575695,0.473380952,1.524711049,5,2.449489743,0.577352,2.318273225
"['47734.93877', '47739.45725']",0.421642096,0.509642678,0.482937199,1.768920878,1.591130619,2.154842064,0.119556,0.033724,0.032750667,0.133484,-0.374335333,0.140301333,0.405691579,0.510229273,0.483439576,1.769786443,1.551650898,2.157473321,0.08555,-0.01135,0.0365,0.26845,-0.0088,-0.0801,5,2,0.41042069,0.370727343,4,2,0.392826667,0.469477312,5,2,0.274082143,0.442187069,5,1.732050808,1.479837037,1.466895639,6,4.358898944,0.4557625,1.363237042,6,2.828427125,0.777356522,2.394335347
"['47735.84848', '47740.36196']",0.367439276,0.481042354,0.468175067,1.863230318,1.461489227,2.136430725,0.089148,0.032466,0.026381333,0.012319333,-0.279342,0.164320667,0.357654912,0.481553385,0.468997129,1.86943145,1.439350667,2.137238141,0.06875,0.0163,0.02535,0.2241,-0.01205,-0.07895,4,1.732050808,0.34222,0.324022532,5,2,0.362633333,0.455544086,5,2,0.257714815,0.433983506,5,2.236067977,1.375988462,1.425659984,5,4.358898944,0.483561538,1.195298614,5,2.449489743,0.600054167,2.361728308
"['47736.75823', '47741.27173']",0.304456764,0.445105666,0.391975078,1.793761053,1.041395508,0.989254993,0.075236,-0.02262,0.032718667,-0.258829333,-0.121627333,-0.113987333,0.296002673,0.446019746,0.391915727,1.780935419,1.037733428,0.985957952,0.04765,-0.0108,0.0317,0.0341,0.012,-0.07895,4,1.414213562,0.293803333,0.308636402,5,2.236067977,0.34139,0.409317265,5,2,0.235651724,0.358955622,5,2.236067977,1.236792593,0.990926354,5,2.645751311,0.593096154,0.643144639,5,2,0.318052,0.734256946
"['47737.66795', '47742.18142']",0.341650419,0.483302815,0.351034513,1.894775509,0.867978204,1.11545881,0.029505333,-0.045881333,0.019576667,-0.172248667,-0.066566,0.057524,0.341514262,0.482731859,0.351662375,1.893251338,0.868321182,1.11770649,0.0106,-0.0196,0.0119,-0.0239,0.0034,-0.02915,5,2,0.262775,0.351997635,5,2.645751311,0.385485714,0.44665141,4,1.414213562,0.238166667,0.332548172,5,2.236067977,1.47135,1.25707451,5,3.16227766,0.607504,0.683424725,6,2.449489743,0.530591667,1.003467858
"['47738.57771', '47743.08615']",0.316821354,0.453340943,0.336693891,1.919661778,0.911249143,1.108830951,0.024082,-0.036958667,0.022965333,-0.144312,-0.049930667,0.030146,0.316963087,0.453345581,0.337035094,1.920642559,0.912928356,1.112134397,0.00105,-0.0138,0.01865,-0.0239,0.00065,-0.0441,5,2,0.245465385,0.351788497,5,3,0.393038462,0.446059252,5,1.732050808,0.240464286,0.326580931,5,2.236067977,1.44597931,1.304478477,6,3,0.706986957,0.734122972,6,2.449489743,0.461166667,1.003931793
"['47739.48741', '47743.99591']",0.298523506,0.457869149,0.284933834,2.063655063,0.888102767,1.195992069,0.022352667,-0.031726667,-0.00795,-0.266071333,-0.054034,-0.018729333,0.298682749,0.458298841,0.285777089,2.053286349,0.889427188,1.199851602,0.00105,-0.0203,-0.00285,-0.0248,-0.00185,-0.14605,5,2.236067977,0.222167857,0.304197507,5,2.645751311,0.408113793,0.530166021,4,1.732050808,0.213003333,0.268855025,5,1.732050808,1.321231034,1.63554675,6,3,0.639865217,0.744239337,6,2.645751311,0.580104545,1.251396053