"['44146.01502', '44150.50867']",0.204305164888,0.177744636675,0.198018929398,0.531791594393,0.789388707968,0.60963919641,-0.0612733333333,0.0513733333333,-0.047964,0.0273626666667,-0.527728,-0.40217,0.1955533682170396,0.17072860981771867,0.19276585695618842,0.5328663635618783,0.5890252073684421,0.45970435593517256,-0.05075,0.04605,-0.0516,0.01675,-0.50405,-0.35945,4,1.0,0.0624,0.18446831377740402,4,1.0,0.199855555556,0.14162303776362384,4,1.0,0.131513888889,0.15481006086312493,4,2.0,0.345590322581,0.6257223187936956,4,2.23606797749979,-0.34946,0.6468574716965517,5,2.0,-0.0733466666667,0.3762088146626619
"['44150.53882', '44155.03245']",0.266225378705,0.238272380551,0.240693539035,0.926817264981,0.731521707903,0.836859764118,0.0469946666667,-0.025504,-0.00694933333333,-0.1095,-0.0976446666667,-0.29828,0.26292262923653653,0.23769715938817623,0.2413992067364253,0.9234092031032823,0.7274042718481301,0.7845166765843324,0.0443,-0.01345,-0.00715,-0.15835,-0.14485,-0.22545,5,1.7320508075688772,0.223389285714,0.23716488300927738,4,1.4142135623730951,0.122860606061,0.23241510807630644,4,1.4142135623730951,0.139996774194,0.22546811819541282,4,1.4142135623730951,0.376593333333,0.9386140872486463,5,2.23606797749979,0.302507142857,0.7582685197838811,5,1.7320508075688772,0.199146428571,0.7683806856857612
"['44155.0626', '44159.55626']",0.0447327210589,0.0514158218191,0.0521171603217,0.311437965787,0.344749533043,0.182343801101,0.0101793333333,-0.00505666666667,-2.4e-05,0.0730853333333,0.079408,-0.0230433333333,0.04370505368573957,0.051337972675971025,0.05229175211825777,0.3037552561230363,0.3366035597637636,0.18148788463887475,0.0053,-0.0058,0.00275,0.0128,0.07905,-0.0355,4,2.0,0.0407483870968,0.04482560184364691,3,1.4142135623730951,0.0259289473684,0.0379416615337692,4,1.7320508075688772,0.026765625,0.05350223757379897,4,1.7320508075688772,0.19154516129,0.32323180829317083,6,3.872983346207417,0.244068181818,0.41061769890456457,6,2.6457513110645907,0.0805291666667,0.22713061264231946
"['44159.58641', '44164.08004']",0.347378496552,0.262096853091,0.211346331409,1.49990388943,1.01195286158,1.23706332058,-0.0201093333333,0.0329333333333,0.00292066666667,-0.213227333333,-0.0107233333333,0.264768666667,0.34795775400186496,0.26089061959276894,0.21203411188669483,1.4896440439595797,1.0152859901529692,1.212445202090402,-0.02755,-0.00875,0.0052,-0.1667,-0.0301,0.05095,4,2.0,0.182577419355,0.41847610103778327,4,1.7320508075688772,0.240193939394,0.2653881508039144,4,1.4142135623730951,0.175990909091,0.1685227216943541,5,2.6457513110645907,0.396007407407,1.5190779439986022,5,2.0,0.23835862069,1.1089061404044083,5,2.23606797749979,0.4887,1.1468139430613844
"['44164.11023', '44168.60387']",0.272046309048,0.230445144883,0.263888342802,0.696969902076,0.769708983274,0.570497130405,-0.001284,0.012332,-0.0221293333333,-0.0776,0.0353266666667,-0.0104206666667,0.2729546492508435,0.23088584858433847,0.26383977381713075,0.6949568701792911,0.7714737566960354,0.5723128504863118,-0.009,-0.002,-0.0085,-0.12325,0.18055,0.01135,4,1.4142135623730951,0.235772727273,0.24625935803630802,4,1.4142135623730951,0.24025,0.18036916119543503,4,1.4142135623730951,0.211931428571,0.2378320239796401,5,2.0,0.350689655172,0.689359977155222,5,2.0,0.48184137931,0.7417710979797134,4,1.4142135623730951,0.4026,0.6540070365607451
"['44168.63402', '44173.12769']",0.37372662986,0.278091647723,0.310325063656,0.63854281005,0.900125714516,0.523593543887,-0.00174,0.0522253333333,-0.0211073333333,0.061988,-0.0527646666667,-0.117469333333,0.37497458473159334,0.27405875360539117,0.3106436146373989,0.6376559486496791,0.901588191470036,0.5119555431027645,0.0017,0.0199,-0.00925,0.0313,-0.03155,-0.11965,4,0.0,0.413122222222,0.30772333781323874,3,1.0,0.324758974359,0.2570242459563819,4,1.4142135623730951,0.265305882353,0.2674558167319292,4,1.0,0.367991666667,0.6006670251240936,4,1.4142135623730951,0.519333333333,0.8122233289198647,4,1.7320508075688772,0.17584375,0.4652047353221257
"['44173.15784', '44177.6515']",0.348112529986,0.23522019457,0.230085030224,0.631029671727,0.664547360389,0.528912200212,0.0119286666667,0.0413953333333,0.000491333333333,-0.001986,0.085294,0.01561,0.3490736164616565,0.23232476902005889,0.23085531013967775,0.6331405442149942,0.6612588115630662,0.530452931164687,0.0269,0.02945,0.01105,0.04385,0.085,-0.00935,5,1.7320508075688772,0.413637931034,0.31102973607701556,4,1.0,0.278743333333,0.17128036440259303,4,1.0,0.206796969697,0.20613769288519337,4,1.4142135623730951,0.436421212121,0.49000802146340916,4,1.4142135623730951,0.462596875,0.6752259141585205,4,1.0,0.353738235294,0.5329061825526629
"['44177.68165', '44182.17533']",0.422412875514,0.36775514925,0.421130471865,0.837634924574,0.951503408997,0.609493417356,0.0138806666667,0.00700466666667,-0.00766066666667,-0.0253606666667,-0.0427533333333,-0.020342,0.423599109849542,0.3689202244273128,0.42247138243840654,0.8400557888070752,0.95372682437149,0.6111945851983956,-0.0199,0.00275,-0.012,-0.05145,-0.00985,-0.114,4,1.0,0.471422222222,0.3372328886783571,4,1.7320508075688772,0.390722580645,0.26889209943727416,4,1.0,0.420996875,0.3598954494100313,5,1.7320508075688772,0.478472413793,0.8288068385579321,4,1.7320508075688772,0.74725,0.9063836042562311,4,1.4142135623730951,0.466853333333,0.6522930501426241
"['44182.20548', '44186.69918']",0.429509933684,0.282750228765,0.320087488665,0.57913721575,0.769735369765,0.491089430484,0.0331513333333,0.007248,0.00984266666667,0.0297026666667,-0.0633,0.0199566666667,0.4296632506486235,0.2836042444661127,0.3210079380453748,0.5803126323526043,0.7696981340654871,0.49232760433355177,0.05035,0.0207,-0.01505,-0.02245,-0.0773,0.0557,4,1.4142135623730951,0.496532352941,0.3291086278443162,4,0.0,0.268321621622,0.20376341555715913,4,1.0,0.346877777778,0.2504207500657485,4,2.0,0.403525806452,0.6011914847299719,4,1.0,0.658914285714,0.8040430183629177,4,1.0,0.400536111111,0.42735069449727303
"['44186.72934', '44191.223']",0.300189440743,0.240136831966,0.243382049735,0.548310551482,0.720206868661,0.443846290961,0.0246553333333,0.026926,0.00786133333333,-0.023546,0.0368313333333,0.030724,0.3001774892267552,0.23942188885539945,0.2440699816538671,0.5496399493396265,0.7216740790649083,0.44426498285438165,0.032,0.0222,0.01125,-0.03655,-0.0562,0.02915,4,1.0,0.332811111111,0.24753607041950504,4,1.4142135623730951,0.281628125,0.16221648067573954,4,1.4142135623730951,0.232723529412,0.23475069827091236,5,2.23606797749979,0.354479310345,0.44796391546267456,4,1.4142135623730951,0.374239393939,0.7683070955595303,5,1.7320508075688772,0.349144827586,0.43172924434038423
"['44191.25316', '44195.74687']",0.323329543655,0.211636433536,0.185054225026,0.400422177374,0.434969503605,0.41530570411,0.104275333333,-0.068156,-0.007926,-0.11624,-0.0807866666667,0.228097333333,0.30707865003437657,0.2010327521748132,0.18550378907832613,0.38446273311513873,0.42883326599317284,0.34822238091487223,0.08145,-0.06675,-0.01915,-0.1273,-0.11485,0.2183,4,1.0,0.452618181818,0.24827678663961097,4,1.0,0.12526,0.15513026063507365,4,1.4142135623730951,0.179655882353,0.11981065665957207,5,2.6457513110645907,0.105939285714,0.38836907926971254,4,1.0,0.290727777778,0.47141964660623686,4,1.4142135623730951,0.479248648649,0.30876600599233145
"['44195.77702', '44200.2707']",0.308686005514,0.245703463685,0.261711913753,0.566681464846,0.700240992707,0.702803788977,0.0233706666667,-0.109143333333,-0.0580806666667,-0.0548446666667,-0.0233666666667,0.500887333333,0.3088311944259506,0.22086906942290604,0.2560406361143372,0.5659107512029342,0.7021955836327782,0.4946475714138227,0.0333,-0.10395,-0.0677,-0.11245,-0.11925,0.57395,4,1.0,0.321461764706,0.20842026600510788,4,1.0,0.0836432432432,0.1816325129065409,4,1.4142135623730951,0.214980645161,0.2618272909373083,5,1.7320508075688772,0.424778571429,0.5699415729360743,4,1.0,0.369977142857,0.7066777775102955,4,1.4142135623730951,0.845248484848,0.46478552723353767
"['44200.30088', '44204.79455']",0.448132180649,0.350116944558,0.4241195058,0.817067076112,1.083279783,0.76912032236,-0.0238706666667,0.00447666666667,-0.024672,-0.006166,0.025876,-0.0461946666667,0.4489951225496532,0.35126115209154585,0.42481971811818414,0.8197809827684007,1.0865987452189558,0.7703037771547543,-0.03555,-0.0091,-0.04345,-0.0181,0.1159,0.0327,4,1.4142135623730951,0.44946,0.3834450978416904,4,1.0,0.316808108108,0.280613108882812,4,1.0,0.426476470588,0.45162690223627006,4,1.0,0.639232352941,0.732411173938142,4,2.0,0.917714285714,0.9103045756938172,4,1.7320508075688772,0.448778125,0.7676903906899325
"['44204.8247', '44209.3184']",0.51965660296,0.407869836345,0.467352086761,0.985860065797,1.04076232653,0.918418374562,-0.0459886666667,0.0395206666667,-0.0828686666667,0.0642613333333,-0.122843333333,-0.145438,0.5193517134078666,0.40731061021557424,0.46148733549655907,0.987059161836135,1.0369494508151598,0.909867660682423,-0.04525,0.0038,-0.05895,0.1435,-0.03415,-0.10645,4,2.0,0.511309090909,0.4382325790630732,4,1.0,0.395865714286,0.4302566210604859,4,1.0,0.334464705882,0.3501122096166287,5,2.0,0.849117241379,0.9481094470685806,4,1.7320508075688772,0.490761290323,1.0163196428543595,4,1.4142135623730951,0.532346875,0.7382774751490797
"['44209.34856', '44213.84224']",0.462046043593,0.298340429264,0.334967968618,0.71509131375,0.826455884203,0.489798045797,0.00566533333333,0.005308,-0.0269,0.0249873333333,-0.019172,0.031706,0.4635590907341125,0.29929251622975966,0.3350046528776346,0.7170487755256082,0.8290014387921549,0.4904081869519821,-0.06635,-0.01895,-0.02875,0.154,-0.06385,0.0294,4,1.0,0.507364705882,0.4991741627700532,4,1.4142135623730951,0.305546875,0.2669634165880617,4,1.0,0.326771428571,0.25995274522093276,5,1.7320508075688772,0.579466666667,0.6936181018863102,4,1.4142135623730951,0.520874193548,0.801753358570137,4,1.0,0.379487878788,0.47735151340336696
"['44213.87239', '44218.36626']",0.563608871766,0.303867764551,0.468385967197,0.716494538244,0.98811521673,0.592384414942,-0.00506333333333,-0.0158046666667,-0.0290093333333,-0.006824,-0.00893533333333,-0.0160613333333,0.5654741934090655,0.3044730801815774,0.4690528864082117,0.7188622556801899,0.9913849583228577,0.5941504526414578,-0.0334,-0.01095,-0.0281,0.03165,-0.087,0.00345,4,1.4142135623730951,0.659675,0.5042828264300283,4,1.0,0.291540625,0.17133696635083293,4,1.0,0.492336111111,0.3184028411150861,4,2.0,0.610725,0.9227274154515007,4,1.0,0.773540625,0.9423531017067706,4,1.4142135623730951,0.421796774194,0.6258200947470824
"['44218.39641', '44222.89034']",0.484189701873,0.296735216649,0.305589788115,0.507466862892,0.87124806632,0.358141921031,0.0134206666667,-0.000292,-0.00165533333333,-0.0393573333333,0.015084,-0.003848,0.4856251279248591,0.29772916311043995,0.30660904396943,0.5076332938117138,0.8740358058704598,0.3593209878526572,-0.0039,-0.00615,0.0036,-0.0233,-0.00705,0.0085,4,1.0,0.495065714286,0.5510739631914785,4,1.0,0.286547222222,0.27582794169669417,4,1.0,0.278470588235,0.26665734172644334,4,1.0,0.34603125,0.4890761649487406,5,1.4142135623730951,0.75529,1.0364529749134286,4,1.0,0.265259375,0.37104321447244976
"['44222.92049', '44227.41443']",0.20549649259,0.153248605649,0.147460542971,0.349593612833,0.41089451128,0.230951962393,0.0149193333333,0.0120673333333,-0.003532,0.00769866666667,-0.0380073333333,0.0120026666667,0.20564081042512997,0.15328455772561198,0.14791210219532047,0.3506797206015245,0.41050354821879886,0.23141252480610566,-0.00355,0.00775,0.00055,0.02875,-0.0358,0.03825,4,1.4142135623730951,0.213511764706,0.17618730694952112,4,1.4142135623730951,0.157747058824,0.14373954188106436,4,1.0,0.142338709677,0.0864610111646452,5,1.4142135623730951,0.203368965517,0.3369809332285818,4,1.7320508075688772,0.23664516129,0.3660586181098228,4,1.7320508075688772,0.200863636364,0.1697243460331005
"['44227.44459', '44231.93851']",0.227136504772,0.171039395657,0.190039957904,0.596060431836,0.817947067399,0.669393573567,0.00289133333333,-0.0223473333333,-0.0127413333333,0.030288,0.0498386666667,0.170595333333,0.22787896821026005,0.1701412901590976,0.1902475710228372,0.597284691028418,0.8191623928607837,0.6494589812816032,-0.01875,-0.03005,-0.01975,0.0172,0.00115,0.14985,4,1.4142135623730951,0.189590909091,0.22827794922478326,4,1.4142135623730951,0.1152,0.15056368228840056,4,1.4142135623730951,0.176884375,0.19511836954802755,5,2.23606797749979,0.38253,0.6481405201779563,4,2.23606797749979,0.219716666667,0.9359512159713032,5,2.8284271247461903,0.559324,0.6102927639529517
"['44231.96866', '44232.30042']",0.258642101497,0.336369737045,0.271521214641,0.956191212136,2.18097712142,1.25399984284,-0.0847166666667,0.11505,0.0649666666667,0.486375,-1.81474166667,-0.688075,0.255240684393568,0.3301373226676769,0.27535716090308243,0.8598568550266745,1.2634903550074967,1.0949811456450662,-0.04465,0.1295,0.10525,0.5334,-1.93845,-0.48795,3,-1,0.0003,0.07226631303726516,6,-1,0.31955,0.5097532785573821,4,-1,0.3855,0.1923330444827409,-1,-1,1.9517,-1,-1,-1,-1,-1,-1,-1,0.7447,-1
"['45890.31705', '45894.81041']",0.282222676859,0.287880928974,0.240766580045,1.25046739963,0.385954695614,0.608158514534,-0.0507053333333,0.0530526666667,-0.000816666666667,-0.0981753333333,0.0201946666667,0.04596,0.27856043258552915,0.28389815942645186,0.24157178082472244,1.2507837763415721,0.3867172143362409,0.6084509354133406,-0.04685,0.03235,0.02795,-0.0424,-0.01445,-0.11845,4,1.0,0.263718181818,0.24565051197604068,4,1.0,0.288261764706,0.2628968561596156,4,1.0,0.21722,0.16044811109184545,4,1.4142135623730951,0.690406451613,0.8136040449487633,4,1.0,0.227327272727,0.4489331939948911,4,1.0,0.285045714286,0.6487518424966955
"['45894.84056', '45899.33386']",0.420418060903,0.352775481007,0.329215152547,0.986214152471,0.270009689209,0.554087194642,-0.026454,0.0385946666667,-0.0325893333333,0.037136,0.00798266666667,0.0293633333333,0.42099060051519877,0.35183267793079603,0.3286956406476372,0.9888162905279336,0.27079582435755073,0.5551622417697378,-0.04275,0.01405,-0.0509,-0.0346,0.01375,0.0088,4,1.0,0.409755555556,0.27646264996450576,4,1.0,0.433355882353,0.2770935277955217,4,1.0,0.274416666667,0.23321196183484486,4,1.4142135623730951,1.04346666667,0.8254800034172037,5,1.7320508075688772,0.24785,0.24076906484473226,4,1.0,0.350583333333,0.5655202153769572
"['45899.36405', '45903.85734']",0.489842765317,0.40204684213,0.371369381344,0.770725551369,0.32942760196,0.606533652268,-0.0196553333333,0.0358646666667,-0.0138006666667,0.0566646666667,0.0404026666667,0.00470133333333,0.49108796072873434,0.4017855144422954,0.3723561282444044,0.7712147163248784,0.3280359022229176,0.6085473148084924,-0.0037,0.0225,-0.01225,0.0263,0.01475,-0.04535,4,1.0,0.464526470588,0.23013175713428,3,0.0,0.424789473684,0.2629141364199446,3,1.0,0.358397435897,0.25554308678533777,4,1.0,0.796030555556,0.5733549674974207,4,1.4142135623730951,0.317141176471,0.3462018251073568,4,1.0,0.41088,0.6089213630288736
"['45903.88749', '45908.38085']",0.463569258687,0.33018956636,0.435571507103,0.794550888909,0.330520541671,0.528101483555,-0.00498666666667,-0.0171973333333,0.0497846666667,-0.0498653333333,-0.02329,0.0512026666667,0.46509534718021,0.33084608050592007,0.4341666685410521,0.795641164522534,0.3308034824382727,0.5273742706419446,-0.00075,0.00695,0.0567,-0.07855,-0.01575,-0.0291,4,1.0,0.454782352941,0.2913523405531712,4,1.0,0.287111111111,0.26196799016867667,4,1.0,0.46614,0.3977703484645972,4,1.0,0.797916666667,0.5270560807786153,3,0.0,0.2194725,0.27745175601654903,4,1.4142135623730951,0.413866666667,0.5497152499249043
"['45908.411', '45912.90434']",0.368279353752,0.318156984207,0.372692570805,0.788516391628,0.307060406326,0.327376545892,0.0668706666667,-0.0547126666667,0.0412126666667,-0.0923026666667,0.00660733333333,-0.00809333333333,0.36337068036448106,0.3144672559637618,0.37164779337660575,0.7857187862076053,0.30801775249472485,0.3283728964909987,0.07765,-0.03125,0.0759,-0.0623,-0.01565,-0.0495,4,1.0,0.442723529412,0.2680109903431976,4,1.0,0.269594444444,0.21138880216922484,4,1.0,0.352344444444,0.27316487375570137,3,0.0,0.564608108108,0.6903538470227417,4,1.4142135623730951,0.295515151515,0.22568232944951092,4,1.4142135623730951,0.289470967742,0.30689800281043256
"['45912.93449', '45917.42782']",0.344138315894,0.30427901516,0.346634707629,0.832386022388,0.632588685324,0.341069602867,0.0793366666667,-0.104852,-0.216246666667,-0.529649333333,-0.555141333333,0.07316,0.3359902829804319,0.2865996737307116,0.27181900256714864,0.6442867712363467,0.3043088960022854,0.3342467566969291,0.0857,-0.11085,-0.1932,-0.50415,-0.5505,0.06805,4,1.0,0.436411764706,0.2296280929449154,4,1.0,0.192883333333,0.20304555083597797,4,1.0,0.0477575757576,0.209853551659102,4,0.0,0.06078125,0.5079984705574513,5,1.7320508075688772,-0.325013793103,0.2423215348076334,4,1.7320508075688772,0.375816129032,0.2768523867777125
"['45917.45798', '45921.95133']",0.310479877931,0.285762635416,0.344818132064,0.643068490339,0.268826138238,0.452053844433,-0.0196073333333,-0.00373533333333,-0.00201266666667,0.125548666667,0.0187393333333,-0.00999066666667,0.31089820149178693,0.28669547090681213,0.3459674113327013,0.632806640181083,0.26907060396672033,0.45345748361065297,-0.001,-0.0094,0.03015,0.16775,0.051,-0.0313,4,1.0,0.303554285714,0.21444466356403563,3,1.0,0.283458974359,0.21805835013151476,4,1.4142135623730951,0.314377142857,0.334478882728935,4,1.0,0.704681818182,0.5032727084137296,4,1.4142135623730951,0.194218181818,0.2702741252582106,4,1.7320508075688772,0.226690909091,0.4195810286491427
"['45921.98148', '45926.47482']",0.366996974647,0.35529714747,0.245585318508,0.705443158305,0.293940801636,0.499143446783,-0.004682,0.027854,0.0110333333333,0.005656,0.0293153333333,-0.0129233333333,0.36819648188316645,0.35539025390095497,0.24615925075808295,0.707783708333662,0.2934551280509822,0.5006477360643891,-0.0024,0.02395,0.0193,0.01875,0.0412,-0.09295,4,1.0,0.333927777778,0.3142252764326994,4,1.7320508075688772,0.36045,0.36447892279429595,4,1.0,0.258329411765,0.21030096547194302,4,1.7320508075688772,0.533894117647,0.6439962845465833,4,1.4142135623730951,0.27175483871,0.22933513154146223,4,1.4142135623730951,0.258363636364,0.5038181578073221
"['45926.50497', '45930.99827']",0.373536948998,0.268096685669,0.339872215104,0.710190798354,0.309229474447,0.501096071627,-0.017056,0.012302,-0.0281753333333,0.0143766666667,0.0115786666667,-0.0209673333333,0.37439742880434157,0.2687114923172355,0.33983702152583756,0.7124239850105726,0.3100478459692255,0.5023344602946851,-0.03225,0.00995,-0.03105,0.02705,0.01035,-0.04615,3,0.0,0.387673684211,0.2471716273013885,4,1.0,0.289783783784,0.16540642791740712,4,1.0,0.325708823529,0.22454307593441647,4,1.0,0.760077777778,0.47560516284060134,4,1.0,0.275736111111,0.24369444351808128,4,1.0,0.301955555556,0.4781397628574691
"['45931.02843', '45935.52176']",0.595357036632,0.449960704655,0.507466947167,1.05192283177,0.40765356542,0.602832410376,-0.00421866666667,-0.044516,-0.0102286666667,-0.029472,0.0125913333333,-0.01553,0.5973365412745435,0.4492532523073426,0.5090635667031368,1.0550325443703321,0.408824088445767,0.6046512118735348,-0.008,-0.02625,0.0447,0.0213,0.03295,-0.0465,3,1.0,0.613260526316,0.47317050840192604,4,1.0,0.38814,0.3165861133664435,4,0.0,0.427510810811,0.426455374624997,4,1.0,0.980132432432,0.7241728933579843,4,1.4142135623730951,0.431748387097,0.34307634220482935,4,1.0,0.492702857143,0.6103652896063984
"['45935.55191', '45940.04527']",0.365483734248,0.274508220035,0.261091611253,0.541277641881,0.222416751318,0.268188456997,0.0503186666667,-0.074242,0.014112,0.0726653333333,0.0315233333333,0.023718,0.36321604833765586,0.26516340720292286,0.2615833581821526,0.5381748003231926,0.22090909801574438,0.2680325501293809,0.05315,-0.07695,0.035,0.08705,0.0329,0.0408,4,1.0,0.38756,0.3313781678349481,4,1.7320508075688772,0.201232258065,0.19714718594169986,4,0.0,0.264316666667,0.1896119397988579,4,1.4142135623730951,0.574267741935,0.4382310618742102,4,1.0,0.210033333333,0.2025065302445002,4,1.0,0.271315625,0.25276693218466767
"['45940.07543', '45942.42764']",0.245873207007,0.28474471289,0.298486553988,1.45000767868,1.37152599536,0.881795319185,0.0986759493671,-0.0109227848101,-0.0263430379747,0.340839240506,-0.411820253165,-0.386988607595,0.22664268116789424,0.2863532715735292,0.29922166369001696,1.4183853204565378,1.3165978065453152,0.7974030075231788,0.0869,-0.037,0.0337,0.03,-0.0387,-0.0793,4,1.0,0.209826315789,0.25119719310645455,5,1.7320508075688772,0.200525,0.26694997159268125,4,1.4142135623730951,0.149570588235,0.11123081163006207,5,2.23606797749979,0.953933333333,2.2659319317940265,7,3.605551275463989,0.1547,1.215375034025849,7,3.1622776601683795,0.0131727272727,0.5844136926713971
"['47616.01138', '47620.52972']",0.242884422994,0.212585165836,0.269359270616,0.783369738799,0.423420857698,0.503555884552,-0.0444306666667,0.0156406666667,-0.0562773333333,-0.0276633333333,0.0218153333333,-0.0102166666667,0.2395859658377306,0.21271926456325269,0.2642971147248898,0.7855038700443087,0.4242751188494564,0.5051388425544711,-0.04045,0.0137,-0.03415,-0.03105,0.0545,-0.04955,4,1.7320508075688772,0.148088571429,0.2049850507769208,4,1.0,0.218683333333,0.18124500781302325,4,1.4142135623730951,0.102857142857,0.20189442244679778,5,2.8284271247461903,0.308422222222,0.8290084811356708,5,2.8284271247461903,0.275556,0.36071773715746225,5,2.449489742783178,0.113611538462,0.5253642038258207
"['47620.55987', '47625.06319']",0.342341046619,0.252483467446,0.292399585157,0.672915398992,0.469593769834,0.530905235926,-0.023146,-0.00358533333333,-0.0524633333333,0.0548353333333,-0.105774666667,0.122326,0.3427019390238962,0.25330376765776635,0.2886181775372468,0.6729242658242628,0.459058741425046,0.518351205657623,-0.03,0.02955,-0.0595,0.0097,-0.1196,0.04965,4,1.0,0.2880625,0.3040552377128951,4,1.4142135623730951,0.236419354839,0.23011479949415806,4,1.0,0.226596969697,0.24244448267186924,4,1.7320508075688772,0.443870967742,0.6451779176803601,5,2.449489742783178,0.256007407407,0.4044876901482683,5,2.23606797749979,0.378228571429,0.5909161567757514
"['47625.09335', '47629.58662']",0.351735943761,0.270747236243,0.323709610299,0.780113792341,0.789224788764,0.708126369607,0.0176306666667,0.05159,-0.0358273333333,-0.00625533333333,-0.0752573333333,-0.067172,0.3524706666735891,0.26667704967901407,0.3227986583175852,0.7827020826209357,0.7882604037203557,0.7072948354904124,0.01245,0.05645,5e-05,0.00805,-0.04315,-0.1789,4,1.0,0.403390909091,0.3360102224669254,4,1.0,0.266808333333,0.20051387607844,4,1.0,0.260631428571,0.20305177950380998,4,1.0,0.500959459459,0.5929008580508865,4,1.7320508075688772,0.26267,0.6870290392647922,5,2.449489742783178,0.119185185185,0.6863325840479424
"['47629.6168', '47634.11008']",0.408772203719,0.267607701558,0.335081539032,0.988575625197,0.656028356247,0.534213421022,-0.0355173333333,-0.0286206666667,-0.0213366666667,-0.0357473333333,-0.023498,0.0800213333333,0.4085905141925632,0.266964177094796,0.3355218080543938,0.9912387485382013,0.6578037345724405,0.5299555813457885,-0.0283,-0.0084,-0.0132,0.0119,-0.0014,0.017,4,1.0,0.377275,0.3496501168515259,4,1.4142135623730951,0.214360606061,0.1852279861066389,4,2.0,0.312213333333,0.2527079692988063,4,1.0,0.697648571429,0.9436936465049351,4,1.7320508075688772,0.4374625,0.5598701812373201,5,1.7320508075688772,0.332665517241,0.49300438948774805
"['47634.14023', '47638.63357']",0.310451210982,0.191803863187,0.279119220048,0.649914425239,0.530355609756,0.326528964208,-0.0350786666667,0.0192566666667,-0.040762,-0.0196626666667,-0.0354693333333,-0.0167993333333,0.3094964109660964,0.19147406659057978,0.27705182992676985,0.6517931948081465,0.5309409772612423,0.3271889837286367,-0.04485,0.02105,-0.038,-0.0754,-0.06425,-0.04185,4,1.4142135623730951,0.280790909091,0.2908472637868074,4,1.0,0.190555882353,0.175685192268817,4,1.4142135623730951,0.270283333333,0.1834841815663069,4,1.0,0.543529411765,0.6632756168872931,4,1.4142135623730951,0.355359375,0.4937944843884954,6,2.449489742783178,0.2072,0.27821550250360483
"['47638.66375', '47643.15724']",0.351550483715,0.293371610987,0.252583656109,0.706648024455,0.370035348942,0.393227403335,0.0799046666667,-0.0872213333333,0.0519866666667,-0.18689,-0.0375813333333,0.106955333333,0.34349611944247027,0.28104432729420203,0.2480038897905241,0.6837693287944407,0.3693552374900044,0.37967004494041395,0.0571,-0.09895,0.0507,-0.22845,-0.0279,0.1346,4,1.0,0.454088888889,0.2620947645171524,4,1.4142135623730951,0.206528125,0.2585837422656593,4,1.0,0.286929411765,0.20958353874957597,4,1.4142135623730951,0.359871875,0.6558650373727691,4,1.4142135623730951,0.25824375,0.33640286805718045,4,1.4142135623730951,0.259896969697,0.36378613521962366
"['47643.1874', '47647.68099']",0.467995283452,0.475925227531,0.305592035346,0.820131470965,0.676343365902,0.753116031742,0.106528,-0.109292666667,0.0126193333333,-0.198056666667,-0.207882,0.428515333333,0.4572364138352421,0.4647579313772666,0.3063542568621157,0.7985237132313863,0.6457595985115503,0.6213956739379622,0.10605,-0.1112,0.0045,-0.25555,-0.315,0.53315,4,1.0,0.537054285714,0.5259233585088327,4,1.4142135623730951,0.253919444444,0.5025532925937561,4,1.4142135623730951,0.320321212121,0.3204836693943778,4,1.0,0.326616216216,0.7972909518814019,4,1.7320508075688772,0.16359375,0.7291744315131878,4,1.7320508075688772,0.714146666667,0.6765171245549457
"['47647.71114', '47652.20473']",0.251677907917,0.220787676588,0.294722436314,0.686156829109,0.588926858617,0.503498243095,0.069084,0.0356573333333,0.0294793333333,0.008096,-0.0702066666667,-0.0130413333333,0.24282144048054524,0.21861926247640456,0.29422680501867754,0.6884075941537765,0.5866860651282421,0.5050155201531193,0.05915,0.02435,0.0321,0.09565,-0.0657,0.0154,4,1.7320508075688772,0.33850625,0.2180593718167068,4,1.0,0.217942857143,0.16137295546745906,4,1.0,0.261679411765,0.24905861641743035,4,1.0,0.474623529412,0.5819803568791875,5,2.23606797749979,0.400318518519,0.47804689425349595,4,2.0,0.187309677419,0.4844319720764645
"['47652.23488', '47656.72838']",0.380550841632,0.2358355892,0.357682553391,0.722143659115,0.571115626588,0.43706210802,0.094796,0.0565446666667,0.054714,0.0366333333333,-0.00935333333333,-0.0221293333333,0.36978952128340076,0.22972362839108063,0.354657203627057,0.7236300154665479,0.572952064203211,0.4379638429418401,0.09255,0.05775,0.0267,0.0608,0.0198,0.04175,4,1.0,0.476733333333,0.47810843544290943,4,1.0,0.270393939394,0.17687593451942865,4,1.0,0.394186486486,0.29060749604364433,4,2.0,0.76103030303,0.6401997434809157,5,1.7320508075688772,0.453775862069,0.5130909802748522,5,2.23606797749979,0.281968965517,0.41312191395298475
"['47656.75856', '47661.252']",0.472738390656,0.276041214435,0.302661795299,0.831635108045,0.608875534298,0.590082174899,0.112902666667,0.063694,0.016078,-0.082404,-0.0764106666667,0.0106073333333,0.46059624386072995,0.2694921144716782,0.3032469593776862,0.8303148107497152,0.6060856028699774,0.5919633391624047,0.07895,0.06615,0.0309,-0.03745,-0.0281,0.0713,4,1.0,0.623245945946,0.448671360546642,4,1.4142135623730951,0.27714,0.23853173694376975,4,1.0,0.310354054054,0.20280363189082218,3,0.0,0.628836842105,0.6374642639357626,4,1.0,0.364742424242,0.4651149676627698,4,1.4142135623730951,0.340828125,0.5398313800261032
"['47661.28215', '47665.77563']",0.618121335931,0.348923478813,0.394897342778,0.884640553257,0.667844490482,0.442397556503,0.0881953333333,-0.010458,0.107554666667,0.0651313333333,-0.0227213333333,0.0264066666667,0.6138465768504064,0.3499351200210706,0.38124122392128873,0.8851952451475139,0.669693913212733,0.4430881780326623,0.05215,0.0048,0.15415,0.0617,0.0827,0.02595,4,1.4142135623730951,0.571914285714,0.6579279672456808,4,1.0,0.275113888889,0.35349137726624574,4,1.0,0.464055882353,0.19811285457074096,4,1.0,0.848835294118,0.7905092673377591,4,1.0,0.478803125,0.3599021663518547,4,1.7320508075688772,0.322258064516,0.4649603666078745
"['47665.80578', '47669.99766']",0.303422414889,0.234854789482,0.27436577801,0.734068358533,0.299848709947,0.379641984262,0.171545714286,0.02962,0.127444285714,-0.168674285714,0.0134014285714,0.0382007142857,0.2511729629550721,0.23381601147701922,0.24384266046087424,0.7169918557449046,0.30062466236794977,0.379071412094228,0.1609,0.02105,0.12875,-0.20135,-0.01695,0.061,4,2.0,0.447238709677,0.1835862679639908,4,1.0,0.200544117647,0.22854098523907337,4,1.0,0.335547058824,0.17132642640593057,4,1.0,0.287936363636,1.0838105977343844,4,1.0,0.167151612903,0.28248197567392713,4,1.0,0.254022580645,0.3544944077694103
