45890.31705,-0.3601,0.4322,-0.0533,-6.5627,1.259,2.8391
45890.34723,-0.1833,0.4951,-0.0433,-5.3576,0.5354,3.0277
45890.37738,0.1434,1.1407,-0.1754,-0.5347,0.3,2.0396
45890.40753,0.3802,1.1542,-0.6594,-3.7991,-0.4246,-0.4514
45890.43768,-0.0677,0.3941,0.0276,-5.0221,-0.2292,-0.5296
45890.46783,-0.432,0.1955,0.2437,-1.673,0.8409,0.4903
45890.49799,0.2564,0.4008,0.2774,1.1902,1.8091,0.2872
45890.52817,0.7499,-0.4499,-1.0957,-0.9058,0.2191,0.6246
45890.55832,0.1805,0.6136,-0.6417,-2.8147,-0.5796,-0.8246
45890.58847,-0.2753,0.1,0.228,-2.1155,-0.3055,-0.4548
45890.61862,-0.3345,0.1041,0.2794,0.3623,0.8428,-0.3061
45890.64877,-0.3015,0.4913,-0.1264,-0.1172,0.6153,-0.1223
45890.67893,-0.4043,0.146,-0.1617,-0.5646,-0.0497,-0.1877
45890.70911,0.0158,-0.5864,-0.3452,-0.2808,-0.1985,0.4864
45890.73926,-0.1148,-0.1222,-0.2761,0.8588,-0.1803,0.9747
45890.76941,0.0924,0.5836,0.0686,-0.7333,-0.2516,0.4437
45890.79956,-0.2807,0.2824,0.4431,-1.4101,0.0929,0.0272
45890.82971,-0.3518,-0.0215,0.1131,0.1388,0.2532,0.6925
45890.85986,0.4502,0.1616,-0.0933,0.4587,-0.0119,0.4877
45890.89005,-0.2808,0.1006,0.0375,0.255,0.0137,0.6513
45890.9202,-0.5976,0.5713,-0.388,1.1519,-0.2676,0.7038
45890.95035,0.0327,0.269,-0.2044,1.2889,-0.3562,0.6017
45890.9805,-0.658,0.1861,-0.0119,2.2664,-0.3664,0.8061
45891.01066,-0.0079,0.5036,0.1674,2.1129,-0.6645,0.6005
45891.04081,0.3715,-0.2585,0.1786,0.9607,-0.7859,0.5692
45891.07099,0.2492,-0.7165,0.309,0.9807,-0.5083,0.7328
45891.10114,-0.1648,-0.1498,-0.4674,0.395,-0.9693,0.9308
45891.13129,-0.1195,-0.0246,-0.1698,0.4293,-0.8768,0.9786
45891.16144,0.112,-0.0052,0.0631,-0.2039,-0.5771,0.6762
45891.19159,-0.0743,0.1679,0.3115,-0.4358,-0.4969,0.4958
45891.22175,0.0577,-0.0024,0.1091,-0.5176,-0.2977,0.142
45891.2519,0.0137,0.0038,-0.0651,-1.0556,-0.454,-0.232
45891.28208,-0.2096,0.0626,0.1385,-0.7615,-0.3821,-0.1669
45891.31223,-0.1329,0.3943,-0.0537,0.7423,-0.1136,-0.3427
45891.34238,-0.0216,0.1111,0.0596,1.0639,0.0352,-0.3005
45891.37253,-0.2568,0.3515,0.0701,1.3301,0.0529,-0.4188
45891.40268,-0.2221,0.2588,0.097,0.7236,-0.0618,-0.4108
45891.43284,-0.4014,0.4378,-0.0147,0.8454,-0.177,-0.1965
45891.46302,-0.0212,0.2687,-0.1465,1.3931,0.0227,-0.2617
45891.49317,-0.2539,0.0279,0.2811,1.2511,0.2519,-0.2505
45891.52332,-0.0434,0.0325,0.1557,1.3169,0.217,-0.1908
45891.55347,0.0867,0.0322,0.1933,0.7655,0.1827,-0.256
45891.58362,0.193,-0.1656,0.0112,0.5273,0.0798,-0.3629
45891.61377,-0.0162,-0.2876,0.154,-0.2268,0.1709,-0.3514
45891.64396,0.0994,0.0674,0.0536,0.693,0.1338,-0.0853
45891.67411,-0.1656,-0.0888,-0.0242,-0.079,0.0907,-0.1187
45891.70426,-0.0161,-0.1292,-0.2237,0.1455,-0.0564,0.011
45891.73441,-0.1189,-0.4418,-0.1329,-0.2302,0.2087,0.0831
45891.76456,0.1651,0.02,0.2285,0.9298,0.2142,0.3552
45891.79471,-0.113,0.0724,-0.2656,-0.0817,0.2541,-0.2715
45891.82489,-0.201,0.0693,-0.0265,-0.5906,0.2657,-0.2068
45891.85505,-0.1607,-0.0012,0.0284,-0.0579,0.1732,-0.179
45891.8852,0.022,0.1373,0.0877,0.5124,0.2695,0.2107
45891.91535,-0.2287,0.2527,0.0813,0.4313,0.3162,-0.0115
45891.9455,-0.1553,0.1815,-0.1307,0.3047,0.2517,-0.3534
45891.97565,-0.0223,-0.046,0.0816,-0.2684,-0.0752,-0.4186
45892.00585,0.5798,0.0109,0.2247,0.2941,0.2921,-0.4825
45892.036,-0.6715,0.234,-0.2054,0.4502,0.3715,0.0103
45892.06615,-0.0546,-0.0793,0.0013,0.4577,0.2365,-0.0934
45892.0963,-0.1815,0.188,0.2043,0.6497,0.3807,-0.2375
45892.12646,-0.1479,0.0798,-0.0334,0.7865,0.2094,-0.4429
45892.15661,0.4884,-0.3417,0.5009,-0.1783,0.2429,-0.4535
45892.18679,0.0334,0.0571,0.1967,-0.1246,0.0664,-0.2933
45892.21694,-0.1481,0.1629,-0.2239,-0.5676,-0.3568,-0.2542
45892.24709,-0.0068,-0.1927,-0.1785,-1.8791,-0.3381,-0.367
45892.27724,0.2454,-0.3344,-0.1874,-2.1114,-0.3729,-0.2627
45892.30739,-0.0822,-0.1062,-0.0098,0.465,0.1065,0.3442
45892.33755,0.2696,-0.313,0.6571,-0.6365,0.0077,0.0725
45892.36773,0.0914,-0.0807,-0.1068,-1.2932,-0.2839,-0.2621
45892.39788,-0.1526,-0.048,-0.1479,-0.7979,-0.1569,-0.1182
45892.42803,0.1742,-0.0764,0.2638,-0.7143,-0.1519,-0.2828
45892.45818,-0.0123,-0.2012,0.3119,0.087,0.0609,-0.0909
45892.48833,0.1932,0.0536,0.1409,0.3842,0.0945,0.1183
45892.51848,0.0727,0.1335,0.0589,-0.4417,-0.1727,-0.2398
45892.54864,-0.2424,-0.0051,-0.2689,-0.7133,-0.2623,0.0971
45892.57882,0.0604,-0.0877,-0.0567,-0.8929,-0.1002,-0.0634
45892.60897,-0.2872,0.135,-0.0429,0.1981,-0.0279,0.0177
45892.63912,0.9064,0.1463,-0.4694,-1.0271,-0.125,-0.9151
45892.66927,-0.5369,0.2247,0.3822,-0.436,-0.3094,-0.2569
45892.69942,0.1237,-0.0177,0.0876,-0.2869,-0.2617,-0.4649
45892.72957,-0.1874,-0.0632,0.0452,-0.6229,-0.2209,-0.4276
45892.75976,-0.2711,-0.1931,0.0916,-0.333,-0.2312,-0.0305
45892.78991,-0.0671,-0.0982,-0.0762,-0.2642,-0.2133,-0.2121
45892.82006,-0.0229,-0.0051,-0.0135,-0.0918,-0.1797,-0.417
45892.85021,-0.4457,-0.1391,0.1585,0.1116,-0.1794,-0.1098
45892.88036,-0.0328,-0.1928,0.0238,-0.0684,-0.3484,-0.4268
45892.91051,-0.5456,-0.218,0.3626,-0.0269,-0.6475,-0.2963
45892.9407,0.3498,-0.08,-0.0628,-0.4428,-0.0982,-0.5398
45892.97085,-0.214,0.5816,-0.0344,0.5557,-0.017,-0.4449
45893.001,-0.1967,0.1005,0.1502,-0.1855,-0.1783,-0.3861
45893.03115,-0.6002,0.507,0.147,0.6207,-0.1543,-0.2276
45893.06131,0.5101,-0.7711,-0.016,-0.2502,0.3154,-0.5547
45893.09146,-0.4767,0.3391,0.1352,0.486,-0.1471,-0.4256
45893.12164,0.1054,-0.2674,0.0983,-0.5318,0.0546,-0.3206
45893.15179,-0.1143,0.3724,-0.0902,0.5025,0.3183,-0.0649
45893.18194,-0.024,0.0055,-0.2763,0.1129,0.2407,-0.3269
45893.21209,0.2525,-0.13,-0.0256,0.4378,0.2096,-0.2145
45893.24224,-0.2587,0.211,-0.0199,-0.1463,-0.0257,-0.4073
45893.2724,-0.0349,-0.0234,-0.3278,0.2017,0.1508,0.1239
45893.30258,-0.3139,-0.2354,0.0236,0.7318,-0.1083,-0.3298
45893.33273,-0.072,-0.2129,0.0896,0.2159,0.6157,0.3947
45893.36288,0.4436,0.1989,-0.1799,1.1108,0.1687,0.1615
45893.39303,-0.2741,0.0419,0.1477,0.2854,0.0451,0.3895
45893.42318,0.0601,-0.4413,0.0283,0.1377,0.5842,0.7089
45893.45333,-0.1711,0.5378,-0.3334,1.6574,0.5548,0.6721
45893.48352,-0.0584,-0.0042,0.0639,-0.5486,0.634,0.7715
45893.51367,0.024,0.0822,0.1979,0.5,0.924,0.7493
45893.54382,-0.5825,0.216,0.2121,3.0404,1.17,0.9833
45893.57397,0.3191,-0.02,0.1124,3.3745,0.5525,1.2593
45893.60412,-0.1544,0.0132,0.0003,1.7325,0.0737,1.3531
45893.63427,-0.003,0.0143,-0.1401,1.2212,-0.062,1.2349
45893.66446,0.0821,-0.2072,-0.2235,1.2531,0.1165,1.2009
45893.69461,-0.2589,0.0359,-0.4348,0.894,0.6026,0.6105
45893.72476,-0.0993,0.0307,-0.6189,0.3759,0.6495,0.3374
45893.75491,-0.1672,-0.1251,0.05,0.2599,0.1678,0.2599
45893.78506,0.1112,-0.2374,0.1556,0.1828,0.1317,0.2831
45893.81521,0.0273,0.0594,-0.5627,0.3191,-0.032,0.236
45893.84539,0.0631,-0.1267,0.1438,-0.4437,-0.0053,0.1251
45893.87555,0.0803,-0.2667,0.2073,-0.4135,0.2162,0.0508
45893.9057,-0.0503,0.0183,-0.2328,-1.0544,0.1332,0.1456
45893.93585,0.2104,-0.1833,0.4041,-1.95,0.0576,-0.4048
45893.966,-0.1232,0.0569,0.1451,-0.9722,0.4323,-0.589
45893.99615,-0.1106,0.0345,0.1343,-1.2887,0.1351,-0.4782
45894.02635,-0.1087,0.0297,0.1463,-0.544,0.2682,-0.303
45894.0565,-0.2474,0.6792,-0.122,0.4589,0.3765,0.0521
45894.08666,0.1808,-0.0456,0.167,-0.3496,0.2838,-0.5401
45894.11681,-0.4224,0.1835,0.2099,0.295,0.2246,-0.2894
45894.14696,0.1472,-0.0453,0.0175,0.263,0.1328,-0.2752
45894.17711,-0.2275,-0.123,-0.0174,-0.071,-0.1864,0.1103
45894.20726,0.3495,-0.3605,0.3316,-0.5022,-0.1343,-0.0214
45894.23744,-0.0354,-0.1681,0.0688,0.3165,0.163,0.6321
45894.26759,-0.0197,0.0975,-0.5751,-0.5338,-0.1852,0.6006
45894.29775,0.6315,-0.4581,0.0969,-0.5353,-0.0312,-0.0956
45894.3279,-0.7384,0.1577,-0.0583,-0.2452,0.0349,0.7053
45894.35805,0.0582,0.3563,-0.3479,0.4747,-0.3165,0.6801
45894.3882,0.1477,0.0908,-0.0862,0.2318,-0.1215,-0.0632
45894.41838,-0.5102,0.205,0.0327,0.5695,-0.2359,0.0295
45894.44853,0.2283,0.1034,0.0348,0.4281,-0.0498,-0.2346
45894.47868,-0.168,0.1468,0.2426,-0.3846,-0.3999,-0.4949
45894.50884,0.203,-0.0526,0.1446,-0.5593,-0.2369,-0.4715
45894.53899,0.127,-0.064,0.0057,-1.5099,-0.3697,-0.7133
45894.56914,-0.177,0.2118,0.2416,-0.1253,-0.0669,-0.6451
45894.59932,0.1771,-0.2703,0.2713,-1.1126,-0.1425,-0.6266
45894.62947,0.0727,0.3128,-0.0534,-0.9771,-0.1929,-0.6845
45894.65962,-0.4252,0.1614,0.0754,-0.1693,-0.0757,-0.4078
45894.68977,0.2175,0.1681,-0.0621,0.2178,-0.0852,-0.5539
45894.71993,-0.1847,0.06,-0.0031,-1.0597,-0.3611,-0.5469
45894.75008,0.1741,0.0131,-0.1145,-0.8432,-0.2947,-0.7354
45894.78026,-0.5561,-0.2651,0.1652,-1.038,-0.4453,-0.1047
45894.81041,0.1755,0.2979,-0.2754,0.7951,-0.333,-0.3111
45894.84056,0.3245,-0.4499,-0.1219,-0.6689,-0.1161,-0.5659
45894.87071,-0.4985,-0.0418,0.1904,0.4145,0.1394,-0.2503
45894.90086,0.1972,0.3021,-0.0986,0.0793,-0.0112,-0.8316
45894.93102,-0.0372,0.0387,0.1826,-0.4269,-0.0302,-0.4933
45894.9612,-0.5116,-0.3372,0.2279,0.269,-0.1631,-0.2656
45894.99135,0.3899,-0.2322,-0.1404,-0.0957,0.2402,-0.2663
45895.0215,-0.3074,0.4397,0.0726,0.8169,-0.2421,-0.5018
45895.05165,-0.2238,-0.6554,-0.1138,-1.4148,0.0085,0.5207
45895.08181,-0.0439,0.6926,-0.348,1.9864,0.2116,-0.0114
45895.11196,0.3104,-0.5223,0.1416,0.0633,0.2477,0.1116
45895.14214,-0.1149,0.1619,-0.0329,-0.0857,0.3193,-0.1159
45895.17229,-0.3337,0.1106,0.0005,-0.0914,0.2007,0.2233
45895.20244,-0.0076,0.4073,-0.3841,1.1785,-0.1276,0.1819
45895.23259,-0.3043,-0.8259,-0.0275,0.4471,-0.0951,0.8218
45895.26274,-0.0281,0.0211,-0.166,1.12,0.2506,0.7001
45895.2929,0.1524,0.0115,0.2616,1.1152,0.3384,1.1768
45895.32308,0.316,0.3227,-0.054,0.4252,0.3771,0.4756
45895.35323,-0.2876,-0.1011,-0.0119,0.494,0.1947,0.7246
45895.38338,0.1622,-0.1314,0.3101,1.4277,0.151,1.0153
45895.41353,0.1266,0.0166,0.0435,1.0582,0.1797,0.6461
45895.44368,-0.1567,0.1551,-0.0158,-0.0261,0.1812,0.3901
45895.47383,-0.2671,-0.1042,0.1093,1.3799,0.2209,0.8136
45895.50402,0.0921,-0.0193,-0.0478,0.3985,-0.1101,0.689
45895.53417,-0.1494,-0.1776,0.2632,0.4481,0.1886,0.7106
45895.56432,-0.0819,0.1373,-0.2004,0.7938,-0.0257,0.3982
45895.59447,0.0968,-0.1417,-0.0688,-0.386,-0.053,0.0339
45895.62462,0.1347,-0.0297,-0.0472,0.2838,0.2192,-0.1076
45895.65477,-0.0496,0.1412,-0.4693,-0.0079,0.0757,-0.4941
45895.68496,-0.2812,-0.0578,-0.27,-0.4656,0.157,-0.0149
45895.71511,-0.0526,0.3111,-0.1951,0.2231,0.1211,0.2467
45895.74526,-0.0562,0.1278,-0.1203,-0.4092,-0.0828,-0.1236
45895.77541,0.2481,-0.0867,0.0377,-0.294,0.1737,-0.0745
45895.80556,-0.7456,0.1095,-0.0743,-0.9835,-0.0525,0.0695
45895.83571,-0.2672,-0.0148,-0.1317,-0.1848,-0.1315,-0.036
45895.86589,0.4976,0.0313,-0.1859,0.209,0.322,0.0759
45895.89605,-0.7594,0.0837,-0.1574,-0.9958,0.204,0.219
45895.9262,0.4009,-0.25,0.1973,1.3921,0.4762,0.6401
45895.95635,-0.5259,0.0982,-0.2827,-0.6968,-0.0771,0.1969
45895.9865,0.8057,-0.0746,0.488,0.3542,0.3733,-0.0315
45896.01665,-0.9557,0.2311,-0.4108,-0.3348,0.043,0.0122
45896.04683,0.7804,-0.0665,0.1271,-0.7795,-0.0285,-0.498
45896.07698,-0.4207,0.2775,-0.5974,-0.7941,-0.1648,-0.5386
45896.10713,-0.0416,-0.3248,0.091,-0.9914,0.0535,-0.1351
45896.13728,0.3911,-0.2283,0.024,-2.5129,-0.4678,-0.4907
45896.16744,-0.2795,-0.2956,0.0876,0.3173,0.2335,-0.023
45896.19759,0.2696,-0.0516,0.2098,-1.7662,-0.5447,-0.5491
45896.22777,-0.3399,0.0062,-0.1242,-0.6254,-0.3054,-0.2314
45896.25792,0.1241,0.2839,0.0031,-0.9412,-0.3282,-0.5999
45896.28807,-0.3157,0.0068,0.228,-1.2349,-0.2279,-0.5418
45896.31822,0.3071,0.0008,0.045,-0.431,-0.0556,-0.6892
45896.34837,-0.2675,0.2874,-0.3041,-1.5681,-0.357,-0.6395
45896.37853,-0.4008,0.0563,-0.0953,0.3277,-0.3346,-0.208
45896.40868,0.6028,-0.4707,-0.6607,0.2881,0.022,0.0054
45896.43886,-0.1992,0.5661,-0.1464,-0.0431,0.0957,-0.2598
45896.46901,0.0531,0.4853,0.0233,0.7862,0.0271,-0.4881
45896.49916,-0.3549,-0.3452,0.2248,-0.0925,-0.0468,-0.1433
45896.52931,-0.4408,-0.2905,0.2183,0.3698,-0.0872,-0.0146
45896.55946,0.4906,-0.2789,-0.1477,0.587,0.0456,0.0904
45896.58962,-0.2929,0.0024,-0.1262,-0.2416,0.0931,0.2876
45896.6198,-0.2833,0.1081,0.0191,1.1013,0.1303,0.6543
45896.64995,0.6126,0.2916,-0.1637,1.1877,0.1975,0.118
45896.6801,-0.6119,-0.1782,-0.1307,0.2339,-0.0173,0.5055
45896.71025,0.3456,0.2271,-0.1688,1.5227,0.322,0.7686
45896.7404,-0.1977,0.074,-0.2524,0.8195,-0.1071,0.742
45896.77055,-0.0005,-0.3921,0.2188,0.7351,0.0451,1.3858
45896.80074,0.1108,0.2094,0.1763,1.1648,-0.2074,1.1449
45896.83089,0.3164,0.0034,-0.0785,-0.3112,0.0776,0.2563
45896.86104,-0.3339,0.0676,-0.1082,0.2016,-0.3022,0.4905
45896.89119,0.2222,0.0299,-0.031,-0.3204,-0.3677,0.4231
45896.92134,-0.3095,-0.0006,-0.2047,0.4307,-0.2894,0.4867
45896.95149,0.0124,0.2078,-0.1723,-0.1694,-0.2179,0.4404
45896.98167,-0.336,0.0019,-0.1777,-0.1291,-0.4094,0.4562
45897.01184,0.0099,-0.3155,0.5888,-0.1672,0.0187,0.5107
45897.04199,0.1952,0.5222,-0.5652,0.9123,0.0903,0.0452
45897.07214,-0.0054,-0.0808,-0.3515,-1.0923,-0.2512,-0.5129
45897.10229,-0.0901,-0.4538,0.4698,-0.1114,0.2265,-0.1209
45897.13244,0.1285,0.608,-0.7531,-0.2154,-0.1484,0.12
45897.16262,-0.2772,-0.2423,0.0587,-0.7622,0.0236,0.0233
45897.19277,-0.0377,0.4079,-0.3176,1.009,0.1759,0.2748
45897.22293,-0.2241,0.2845,-0.312,-1.4744,-0.4954,-0.4564
45897.25308,-0.0114,-0.3509,0.6061,0.5776,0.3049,-0.1932
45897.28323,-0.2707,0.1875,-0.3372,-0.0059,-0.3589,0.1465
45897.31338,0.5755,-0.1665,-0.3647,-0.1178,0.4207,0.0859
45897.34356,-0.571,0.355,-0.4412,0.3933,0.2357,0.0798
45897.37371,0.2124,-0.0809,-0.1945,-0.3827,-0.1069,-0.3858
45897.40386,0.3593,-0.1914,0.1975,-0.9127,0.1014,-0.6662
45897.43402,-0.5353,0.0964,-0.0806,0.0044,0.0624,-0.2653
45897.46417,0.723,0.0363,-0.3851,-1.3744,-0.3291,-0.4722
45897.49432,-0.5201,0.3397,-0.1278,-1.3421,-0.4451,-0.5692
45897.5245,0.0491,-0.3452,0.6399,0.5294,0.0976,0.1806
45897.55465,0.4007,0.0594,0.0142,-1.3456,-0.3908,-0.8673
45897.5848,-0.4567,-0.0249,0.0058,-0.6428,-0.3486,-0.8083
45897.61495,-0.1867,-0.2384,0.3207,-0.841,-0.2368,-0.6055
45897.64511,-0.4163,0.6232,-0.0257,0.3582,-0.1665,-0.6388
45897.67526,0.2811,-0.6907,0.0427,0.2338,-0.2659,-0.1937
45897.70544,-0.2424,0.1003,0.2627,0.4736,-0.2859,-0.0844
45897.73559,-0.0457,-0.2657,-0.0323,0.4127,-0.4518,-0.8248
45897.76574,-0.1814,-0.5017,0.0483,-0.4791,-0.0232,-0.212
45897.79589,-0.0085,0.5872,0.0551,1.2742,0.2557,-0.0376
45897.82604,0.106,-0.0917,-0.1535,-0.198,0.1949,0.205
45897.8562,-0.2972,0.5345,0.0533,1.0236,0.2301,0.6389
45897.88638,0.4323,0.067,0.1557,0.777,0.2708,0.6357
45897.91653,-0.0932,0.5821,0.0749,-0.0646,0.4238,0.3887
45897.94668,-0.5895,0.1182,-0.1027,1.606,-0.2681,0.7878
45897.97683,0.5616,-0.2546,-0.1091,0.443,0.3448,0.5107
45898.00698,-0.121,0.3444,-0.3896,1.0863,0.0813,0.8165
45898.03713,-0.1543,-0.1702,0.0724,-0.2534,-0.1443,0.843
45898.06731,0.5164,0.1214,0.5748,1.4049,-0.2435,1.0883
45898.09746,-0.475,-0.0127,-0.1315,-0.4771,-0.3163,0.5227
45898.12762,0.3639,0.5565,-0.498,-0.0876,-0.3648,-0.3638
45898.15777,-0.7586,-0.1581,-0.5675,0.2517,-0.3223,0.2519
45898.18792,0.4393,-0.1275,0.46,0.7979,0.0897,0.552
45898.21807,-0.3121,-0.0058,0.0301,0.1776,-0.0611,0.3832
45898.24825,0.089,0.1464,0.3034,0.6153,0.1616,0.4678
45898.2784,0.2554,0.0224,-0.7717,0.2365,-0.1398,0.4501
45898.30855,0.0478,-0.1602,0.3064,-0.1949,0.2694,-0.0875
45898.33871,0.0525,-0.0225,-0.4705,-0.1165,-0.2951,-0.0478
45898.36886,0.0875,-0.2757,0.4568,-0.2408,0.433,-0.0832
45898.39901,-0.1316,0.3142,-0.1223,0.1417,0.2089,0.1124
45898.42919,-0.2454,0.1524,-0.1823,-0.4945,-0.1852,0.2477
45898.45934,-0.0504,0.2983,-0.1503,-0.6926,-0.143,-0.1982
45898.48949,0.0584,-0.001,-0.2502,0.7308,0.4021,0.0195
45898.51964,-0.0594,0.3379,-0.1719,-1.241,-0.1059,-0.911
45898.5498,0.1362,-0.3053,0.393,-0.5927,0.4332,-0.843
45898.57995,0.1903,-0.0202,0.2485,-1.1747,0.0841,-0.6025
45898.61013,-0.0017,0.3248,-0.1094,-1.1563,-0.0526,-0.627
45898.64028,0.0799,-0.2108,0.5229,-0.7043,-0.2348,-0.1936
45898.67043,-1.1398,0.2276,0.1144,-0.0871,0.1952,0.2393
45898.70058,0.585,-0.0987,0.4563,-0.3565,-0.0415,-0.119
45898.73073,-0.4611,0.3183,0.1455,1.349,0.2408,0.0747
45898.76089,0.159,-0.0657,0.3273,-0.1476,0.0088,-0.283
45898.79107,0.1569,0.9834,0.1506,0.5571,0.2867,-0.8362
45898.82122,-0.3622,-0.2193,0.3342,-0.0541,0.0833,-0.3091
45898.85137,0.7096,0.3541,0.1114,-0.0701,0.3483,-1.3157
45898.88152,-0.7031,0.2591,0.3263,0.6839,0.2949,-0.8702
45898.91167,-0.3583,0.1493,-0.2969,-1.3552,-0.1014,-0.6854
45898.94182,1.0957,1.4492,-0.8996,0.556,0.2504,-1.9927
45898.97201,-1.1628,-0.8587,0.7171,-0.2094,-0.0334,0.8332
45899.00216,1.2792,0.6675,-0.0948,2.6422,0.1097,-0.0883
45899.03232,-0.3958,-0.3754,-0.2548,-1.5082,-0.1364,-0.1147
45899.06247,0.6568,0.8282,-0.1254,2.3962,-0.2136,-0.1253
45899.09262,-0.2256,-0.5509,-0.0959,-2.5644,-0.0438,0.3681
45899.12277,-0.833,0.5653,-0.454,4.0617,0.2697,1.3811
45899.15296,0.8836,0.0748,0.1958,-1.0703,1.1714,-0.1932
45899.18311,-0.6307,0.4865,-0.5485,0.5751,-0.3724,0.3279
45899.21326,0.8736,-0.8103,0.6316,-0.6201,-0.1566,-0.4571
45899.24341,-0.3753,-0.0864,-0.1353,2.2187,0.2404,1.4812
45899.27356,-0.1517,0.1785,-0.6614,-1.7792,-0.1377,0.1085
45899.30371,0.7315,0.6856,-1.0094,0.9923,-0.9343,0.0472
45899.33386,0.2988,-0.7039,1.3277,-3.0857,0.6363,-0.6982
45899.36405,-2.0679,1.5377,-0.1351,1.1049,0.4001,0.7258
45899.3942,0.271,-0.7287,0.2911,-0.567,-0.8003,0.6142
45899.42435,0.4077,-0.3354,-0.2241,1.7184,0.3164,0.9977
45899.4545,-0.1594,0.3398,-0.8326,-0.1326,0.141,-0.097
45899.48465,0.1044,-0.1748,-0.1021,1.3285,0.8712,-0.1132
45899.5148,0.4341,-0.5645,1.0372,0.8009,0.9279,0.2534
45899.54498,-0.343,0.6888,0.102,-0.0419,0.4779,0.2704
45899.57514,-0.237,0.6028,-0.631,-1.5392,-0.4035,-0.7371
45899.60529,0.1621,-0.6186,0.6647,1.2417,0.3074,0.2569
45899.63544,-0.554,0.5535,-0.2038,0.2221,-0.2626,-0.2097
45899.66559,0.4776,-0.0966,0.0418,-0.0117,0.0779,-1.322
45899.69574,0.1045,-0.4446,0.5567,0.8735,0.3662,-0.4833
45899.72592,-0.0768,0.3672,0.332,0.7337,0.2809,-0.2339
45899.75607,-0.1767,0.0539,-0.1264,-1.0708,-0.2101,-0.9426
45899.78623,0.1201,-0.4845,-0.0655,0.044,-0.223,-0.7508
45899.81638,0.1302,0.0882,0.1138,-0.156,0.1398,-0.7142
45899.84653,0.1537,0.1281,-0.1969,-0.3728,0.2286,-1.2347
45899.87668,-0.1059,-0.0535,-0.1973,-1.6871,-0.3594,-1.5049
45899.90686,-0.3214,-0.4488,0.2786,-1.5101,-0.0942,-0.2021
45899.93701,0.467,1.3854,0.1057,-0.1421,0.2384,-0.1241
45899.96716,0.0089,0.5832,-0.1925,-0.8505,0.0008,-0.5097
45899.99732,-0.4083,0.2409,-0.1348,0.0795,-0.0497,-0.327
45900.02746,0.3452,-0.3722,0.0645,0.5853,0.3274,0.1235
45900.05761,0.1391,0.4096,0.481,1.2242,0.7588,0.6538
45900.08779,-0.6287,0.4009,-0.692,-0.442,-0.0823,-0.6841
45900.11795,0.6196,-0.7106,0.1114,1.4054,0.37,0.5356
45900.1481,-0.2861,0.0544,0.5259,0.5295,0.5555,1.3851
45900.17825,-0.0161,0.8725,-0.6862,0.7619,0.67,0.6943
45900.2084,-0.1854,0.2789,-0.7551,-0.4429,0.1224,0.203
45900.23855,0.0791,-0.3325,0.2388,1.5271,0.3021,1.5268
45900.26873,-0.1996,0.2106,0.0049,0.6028,-0.0931,1.2103
45900.29888,0.4676,-0.1383,-0.033,0.2799,0.0478,0.6355
45900.32904,-0.4128,-0.0043,0.0641,0.5214,-0.2288,0.6177
45900.35919,-0.2902,0.4293,-0.2258,0.8932,-0.1626,0.6903
45900.38934,-0.1477,0.5206,-0.959,0.1091,-0.7164,0.1953
45900.41949,0.2927,-0.0501,-0.088,-0.3346,-0.2707,-0.0329
45900.44967,-0.394,0.2855,0.1029,0.2609,-0.0697,0.1651
45900.47982,0.444,-0.0648,-0.0738,0.3439,0.0155,0.1359
45900.50997,-0.1561,0.3495,-0.6907,-0.6277,-0.0992,-0.401
45900.54013,0.7634,0.0668,0.351,-0.0513,0.5024,-0.7038
45900.57028,-1.1392,0.0139,0.3013,-0.2123,0.1597,-0.1183
45900.60043,0.0156,0.2348,0.0056,1.5613,-0.2539,0.1172
45900.63061,0.9165,-0.5749,0.6845,-0.8187,0.0808,-0.1924
45900.66076,-0.7439,0.7928,-0.8354,0.3569,0.0609,-0.6168
45900.69091,-0.2558,0.0133,-0.0802,1.2628,0.3864,-0.4217
45900.72106,0.8869,-0.4745,0.2549,-0.1492,-0.4448,-0.004
45900.75122,1.0387,0.0689,0.5006,-1.2713,1.6116,-1.3902
45900.78137,-2.6876,0.6399,-0.5404,-0.2936,0.5506,-0.7198
45900.81155,1.0011,-0.5021,0.632,1.1495,-0.2647,0.9263
45900.8417,-0.0953,0.1524,-0.2338,-2.4305,-0.2663,-0.4923
45900.87185,-0.3691,0.4908,-0.175,1.1171,-0.0306,-0.7298
45900.902,0.3658,0.3335,-0.2782,-0.479,-0.1725,-0.9062
45900.93215,0.579,-0.9008,0.6518,-1.075,-0.0941,-1.0294
45900.96231,-0.5061,0.2794,0.0585,-1.1245,-0.0533,-0.6944
45900.99249,0.3543,0.4442,0.4463,-0.0635,0.1004,-0.309
45901.02266,-0.6572,-0.2363,0.0028,-0.5629,0.1638,0.1722
45901.05281,-0.2513,0.1219,-0.217,1.0217,0.4751,0.4097
45901.08297,0.4183,0.0062,-0.567,0.1667,-0.4627,-0.438
45901.11312,0.423,-0.5466,0.6485,-0.1971,0.067,0.0029
45901.14327,-0.9637,0.5955,-0.0888,-0.1661,0.3131,0.0775
45901.17345,0.4002,-0.4926,-0.2192,1.3439,0.168,0.7597
45901.2036,-0.1136,-0.0666,0.2327,0.2557,0.1591,1.2781
45901.23375,0.0857,0.1206,-0.0727,0.1696,-0.2395,0.8931
45901.2639,-0.0454,-0.3333,-0.0108,0.5628,-0.2483,0.9695
45901.29406,0.149,-0.1559,0.5635,1.138,0.0701,0.6977
45901.32421,0.0982,-0.1998,0.2872,0.316,0.0971,0.4252
45901.35439,0.1793,0.1335,0.3184,0.0395,0.0143,0.2168
45901.38454,-0.5106,0.366,-0.0522,-1.2037,-0.5002,-0.0689
45901.41469,0.0995,-0.3042,0.0452,0.419,-0.2236,0.2272
45901.44484,0.1115,0.2911,-0.1859,0.3543,-0.168,0.0939
45901.47499,0.196,-0.061,-0.065,-0.2101,0.0806,-0.1157
45901.50515,-0.6669,-0.2857,0.2378,-0.9432,0.0704,0.1849
45901.53533,0.6772,0.051,0.0835,0.3151,0.2436,0.2284
45901.56548,-0.7453,0.2749,-0.497,-0.9149,-0.0045,0.0186
45901.59563,0.1759,0.0043,-0.4348,-0.1798,-0.0552,-0.1145
45901.62578,-0.3312,-0.2761,-0.3837,0.3013,0.1273,-0.2687
45901.65593,0.4508,-0.3125,-0.0103,1.1098,0.4511,-0.2385
45901.68608,-0.8967,0.5052,-0.3482,-0.6572,0.1489,-0.6024
45901.71627,0.5131,-0.0358,0.2626,-0.559,-0.0163,-0.2292
45901.74642,-0.3347,-0.1255,0.0554,0.7389,0.4029,-0.1035
45901.77657,0.3882,0.0836,-0.0303,0.1745,0.2124,-0.2854
45901.80672,-0.161,0.1419,-0.1668,-0.4527,0.1139,-0.458
45901.83687,-0.0867,-0.2579,-0.0345,-0.18,0.0242,-0.1578
45901.86702,0.4436,-0.1988,0.2083,-0.0626,-0.1752,-0.6255
45901.8972,-0.4264,0.388,-0.6234,-0.4105,0.0478,-1.0029
45901.92736,-0.1113,0.2127,0.0205,-1.2271,-0.1715,-0.3457
45901.95751,0.0154,-0.0145,0.2179,-0.0839,-0.0602,-0.0695
45901.98766,0.6683,-0.5784,0.7625,-0.4302,-0.2511,-0.0201
45902.0178,-0.0101,0.8311,-0.3274,0.1273,-0.2368,0.3337
45902.04795,0.0449,-0.3377,0.116,0.1778,-0.0143,0.9098
45902.07813,0.2659,0.7751,-0.3966,0.6875,0.3118,0.4722
45902.10828,-0.0071,0.0745,-0.0772,0.0949,0.1126,0.8379
45902.13844,0.0538,0.1278,0.4686,1.264,0.3525,1.0316
45902.16859,-0.1032,0.5008,-0.9084,-1.4957,-0.6279,-0.2649
45902.19874,0.1664,-1.0543,0.0627,1.3088,-0.0444,0.6073
45902.22889,-0.3099,0.0266,-0.0383,-0.5118,-0.3247,0.3643
45902.25907,0.1077,-0.6024,0.362,1.038,0.0857,1.3224
45902.28922,-0.1035,0.2998,-0.3242,0.3936,-0.3014,0.8865
45902.31937,0.3039,-0.0703,-0.069,-0.4969,-0.5581,0.6065
45902.34953,0.2277,-0.3772,0.1641,1.4383,-0.0319,0.7198
45902.37968,0.5075,-0.2249,0.091,0.0756,-0.1381,0.1344
45902.40983,-0.6659,0.384,0.0322,0.2675,-0.0363,0.1086
45902.44001,-0.1942,-0.044,0.1777,-0.8703,-0.6813,0.266
45902.47016,-0.2099,-0.2101,0.0166,0.2707,-0.23,0.5061
45902.50031,-0.261,0.2173,-0.1415,0.148,-0.3375,0.2004
45902.53046,0.3896,0.0488,0.1494,0.561,-0.0619,0.0489
45902.56062,0.1427,-0.1947,-0.1669,0.1039,0.277,0.0156
45902.59077,0.292,-0.2015,0.0125,-0.4463,0.3561,-0.0883
45902.62095,-0.1647,0.0317,0.1405,0.4305,0.5687,0.0877
45902.6511,-0.404,0.4294,-0.1212,-0.1796,-0.0566,-0.0482
45902.68125,-0.1729,0.39,-0.18,-0.1933,-0.2969,-0.3848
45902.7114,0.0225,0.046,-0.2639,0.0599,-0.1309,-0.4635
45902.74155,0.0892,-0.065,0.2958,-0.0965,-0.1383,-0.6905
45902.77171,0.4982,-0.5061,0.4092,0.12,0.2907,-0.6282
45902.80189,-0.1353,0.1173,-0.1908,-0.1328,0.356,-0.6387
45902.83204,0.3771,0.0443,0.0332,-0.1627,0.2283,-0.5167
45902.86219,-0.1039,-0.3428,0.1855,0.0131,0.0018,-0.3021
45902.89234,-0.1124,0.0148,0.0081,-0.0627,-0.1749,-0.018
45902.92249,-0.1488,-0.0564,-0.0658,-0.1726,-0.1446,-0.4992
45902.95264,0.3845,0.0476,-0.3231,-0.8288,-0.1339,-0.839
45902.98283,-0.168,0.2916,-0.1086,-0.228,-0.2309,-0.8197
45903.01298,-0.0447,-0.031,-0.3035,-1.2932,-0.2567,-1.0042
45903.04313,-0.1632,0.2469,-0.2764,-0.4026,0.0152,-0.4288
45903.07328,-0.3039,0.4695,-0.5551,-0.5871,-0.0187,-0.3341
45903.10344,0.0414,-0.2046,0.268,0.952,0.1806,0.4213
45903.13359,0.0754,0.2943,-0.1229,0.1606,0.0736,0.2088
45903.16377,-0.2004,-0.1966,0.095,0.92,0.2696,0.7139
45903.19392,-0.068,-0.2244,0.5276,1.1351,0.2929,1.2492
45903.22407,-0.1473,-0.1882,-0.0137,0.5378,-0.1036,0.9053
45903.25422,0.2074,-0.1169,-0.2047,0.966,-0.1637,0.8092
45903.28437,0.1153,0.0159,-0.1714,0.1622,0.2445,0.7064
45903.31453,-0.1147,-0.044,-0.2911,1.4701,0.5882,0.9224
45903.34471,0.8428,-0.0042,-0.1626,-0.4233,0.1094,0.388
45903.37486,-0.475,0.1642,0.1167,-0.9042,-0.1196,-0.1887
45903.40501,-0.8537,0.3182,-0.2464,0.1666,-0.2862,-0.1479
45903.43516,0.4804,-0.5556,0.4715,0.003,-0.4549,0.6314
45903.46531,-0.2178,0.2849,-0.1754,0.382,0.0935,-0.2218
45903.49546,-0.16,0.5871,-1.3081,1.1757,0.0458,-0.0425
45903.52562,0.5308,-0.7584,0.6476,-0.5213,0.1494,0.5486
45903.5558,-0.0003,0.0184,0.6843,-0.1807,-0.0478,-0.0974
45903.58595,-0.3298,0.4669,-0.4711,-0.6695,-0.1063,-0.4407
45903.6161,0.3214,0.1217,-0.1507,-0.7417,-0.1128,-0.3606
45903.64625,-0.727,0.1225,0.4176,-1.2131,-0.161,-0.3242
45903.6764,-0.0763,-0.4105,0.4049,1.2358,0.3633,0.1963
45903.70655,0.7699,-0.1823,0.1911,-0.1084,0.4868,0.1003
45903.73674,-0.6303,0.2105,-0.2784,-0.0657,0.3679,-0.707
45903.76689,0.2524,-0.2328,0.1702,-0.2465,0.0089,-0.5527
45903.79704,0.4007,-0.2072,0.1963,-0.6788,0.1923,-0.5283
45903.82719,-0.5243,0.4024,-0.1407,0.372,0.1569,-0.2748
45903.85734,0.0747,-0.0499,0.035,-0.5328,-0.3221,-0.1929
45903.88749,0.5493,0.3944,-0.6642,-0.6657,-0.4045,-1.3938
45903.91767,-0.4375,-0.8514,0.808,-0.5574,-0.0591,-0.2231
45903.94783,-0.1625,0.6491,-0.3086,0.8179,-0.2791,-0.3984
45903.97798,0.737,-0.1518,-0.0212,-0.7055,0.0219,0.4116
45904.00813,-0.7376,0.1781,0.358,0.2982,0.2259,0.3374
45904.03829,0.2134,0.265,-0.7838,-0.6848,-0.8195,-1.1167
45904.06844,-0.0407,-1.7745,1.6975,1.173,-0.197,1.0156
45904.09863,-0.3845,0.4462,0.2097,-0.4192,0.0014,0.077
45904.12878,-0.0129,0.1611,-0.4076,0.7963,0.2036,0.2897
45904.15893,-0.1882,-0.0467,0.1031,-0.7608,-0.3944,0.0865
45904.18908,0.1344,-0.1974,-0.2446,-0.3376,-0.4518,-0.5926
45904.21923,-0.1843,-0.9629,0.6448,2.171,0.2292,1.6008
45904.24938,0.4367,-0.1317,-0.1801,1.2528,0.2334,1.6136
45904.27957,-0.1712,0.3382,-0.313,0.3275,0.0746,0.7545
45904.30972,0.3993,0.2431,0.1762,0.003,-0.2983,0.3513
45904.33987,-0.0762,0.031,-0.1435,-0.2323,-0.0443,0.0684
45904.37002,-0.1157,-0.0265,-0.0158,0.3483,-0.3014,0.0875
45904.40017,0.6613,0.0507,-0.4589,-0.1496,0.1092,-0.2887
45904.43032,-1.2843,0.1655,0.1701,-0.1329,0.1493,0.1052
45904.4605,0.3144,-0.2658,0.1858,0.6911,-0.148,0.7266
45904.49066,0.2778,0.0187,-0.2032,-0.9319,-0.4841,0.2139
45904.52081,0.1435,0.1943,-0.1181,-0.1573,0.1853,-0.3224
45904.55096,-0.6256,-0.1361,0.0259,0.3558,0.2593,-0.0816
45904.58111,0.3538,-0.3534,0.2894,-1.2686,0.12,-0.1478
45904.61126,-0.3352,0.1774,0.0409,0.673,0.5256,-0.2
45904.64144,0.1655,-0.0601,0.1673,0.4667,0.2619,-0.0632
45904.67159,0.8321,-0.1943,-0.0725,-0.1316,0.8203,-0.0898
45904.70175,-0.8611,0.2832,-0.3476,-0.7485,0.0918,-0.6147
45904.7319,-0.219,-0.2549,0.3391,-0.0898,0.0528,-0.3618
45904.76205,0.8206,-0.0661,0.2277,-1.0597,-0.2373,-0.3641
45904.7922,-0.6613,0.0406,-0.1832,-0.0183,0.1137,-0.2425
45904.82238,0.3327,0.1486,-0.3653,0.9147,0.1523,-0.1287
45904.85253,0.2323,-0.0467,-0.2939,-2.3715,0.1148,-0.5129
45904.88268,-0.2542,-0.0491,0.0019,-0.0081,-0.0082,-0.2359
45904.91284,0.6391,-0.177,1.2225,0.664,0.7942,0.8865
45904.94299,-1.5643,-0.2964,-0.3075,-3.1816,0.5459,-0.0241
45904.97314,-0.3784,0.1242,0.5354,1.3615,0.1196,-0.1851
45905.00332,0.6839,-0.6783,0.0771,-0.2466,-0.1027,-0.4712
45905.03348,-0.3899,0.2485,-0.5291,-0.565,0.1243,-0.0046
45905.06363,-0.1303,-0.0279,0.2213,1.0566,0.4067,1.2296
45905.09378,0.4895,-0.2439,0.0701,-1.0762,-0.4453,0.2557
45905.12393,-0.077,-0.3166,0.4269,-0.12,-0.3614,0.1228
45905.15408,-0.2317,-0.6685,0.3508,0.7815,0.22,1.2343
45905.18427,-0.3004,-0.0743,-0.2823,0.9912,-0.5692,1.2286
45905.21442,1.3158,-0.0006,0.1032,-0.7995,-0.2707,0.4702
45905.24457,-1.0631,0.1487,0.1527,-0.0922,-0.1163,0.5301
45905.27472,0.7052,-0.4111,0.9259,0.5476,-0.6506,1.0852
45905.30487,0.0595,0.0229,-0.3978,-1.5945,-0.3727,-0.1883
45905.33502,0.2844,0.3351,-0.4717,-0.4331,-0.313,-0.6858
45905.3652,-0.6587,-0.5633,0.6214,1.5099,0.2597,0.9927
45905.39536,0.2583,0.1233,-1.9589,-0.5344,-1.3561,0.3234
45905.42551,-0.1246,-0.2633,0.3203,-0.1391,0.8633,0.3662
45905.45566,0.5729,0.0067,0.7814,0.7003,-0.0191,0.4452
45905.48581,-0.7766,0.0644,-0.1632,-0.6372,-0.2614,-0.0985
45905.51596,0.6762,0.0144,-0.19,-0.6478,-0.0862,-0.4149
45905.54614,-0.5465,0.4776,-0.6104,0.2051,0.0178,-0.2793
45905.57629,0.1018,-0.2022,0.5066,-0.7458,-0.6117,-0.3494
45905.60645,0.0023,-0.2969,0.7388,0.8866,0.3615,0.245
45905.6366,-0.0339,0.5046,-0.3599,-0.5129,0.4233,-0.52
45905.66675,-0.1572,-0.2906,0.1476,0.1686,0.0054,-0.3137
45905.6969,0.4087,-0.2782,0.0871,-0.6671,-0.3104,-0.2561
45905.72708,-0.1008,0.0563,-0.2173,0.15,0.2902,-0.2485
45905.75723,-0.1548,0.0468,-0.1532,0.0308,-0.153,-0.161
45905.78738,0.2367,-0.1952,0.2567,-0.8009,-0.3051,-0.1472
45905.81754,-0.2348,-0.1112,0.1028,-0.3267,-0.2464,-0.3205
45905.84769,0.0451,0.0377,-0.1812,0.1482,-0.028,0.0658
45905.87784,-0.1171,-0.1414,0.1105,-0.183,-0.0858,0.3302
45905.90802,0.0689,-0.252,0.1267,-0.2191,-0.2776,0.1255
45905.93817,-0.0083,0.293,-0.5806,-0.2498,-0.1727,0.1155
45905.96832,-0.2014,0.2136,-0.6326,-0.3919,-0.1896,0.358
45905.99847,-0.077,0.0401,-0.1424,0.439,-0.2143,0.7632
45906.02863,0.1154,0.1039,0.0224,0.1319,-0.0436,0.6742
45906.05878,-0.3772,0.0173,-0.122,0.1727,-0.3501,0.6527
45906.08896,-0.0038,-0.1422,0.4149,0.1381,-0.4364,0.8028
45906.11912,-0.0695,-0.1763,0.234,0.4343,-0.335,0.7601
45906.14927,0.1656,0.0742,0.0913,0.381,-0.2679,0.5007
45906.17942,-0.0348,-0.0336,0.0909,0.3244,-0.0177,0.4896
45906.20957,0.3622,-0.0908,0.1579,-0.1268,-0.0965,0.2938
45906.23972,-0.1603,0.1425,-0.324,0.2374,-0.2525,0.2032
45906.2699,-0.134,0.0575,-0.3351,-0.0219,-0.1408,-0.0283
45906.30005,-0.2524,-0.0402,0.1744,-0.301,-0.2129,-0.0806
45906.33021,0.3643,0.116,-0.0709,-0.366,-0.2739,-0.1795
45906.36036,-0.5294,-0.0452,0.1059,-0.0725,-0.077,-0.1178
45906.39051,0.2864,-0.01,0.1832,-0.0259,0.1391,-0.0455
45906.42066,-0.2365,-0.0334,0.1794,-0.1408,0.1196,0.0857
45906.45084,0.2153,0.0837,0.1057,-0.2748,0.1274,-0.1935
45906.48099,-0.1771,0.0351,0.1731,0.7584,0.2357,-0.0299
45906.51114,0.1462,0.2788,-0.1079,0.031,0.2692,-0.3889
45906.5413,-0.3685,-0.0891,0.2053,0.1091,0.1039,-0.3119
45906.57145,0.0204,0.0542,-0.0106,-0.1629,-0.065,-0.4237
45906.6016,0.4005,-0.112,-0.2673,-0.2789,-0.1259,-0.5035
45906.63178,-0.0543,0.0559,-0.1189,0.0472,0.2929,-0.4218
45906.66193,-0.1369,-0.1355,0.2589,0.1407,-0.0411,-0.2167
45906.69208,0.3802,-0.009,0.0244,-0.287,0.0968,-0.243
45906.72223,-0.3794,0.1392,0.0545,-0.2283,0.1039,-0.2289
45906.75239,0.2285,0.1196,-0.0572,0.0801,-0.4661,-0.1857
45906.78254,0.1683,-0.2598,0.2044,-0.9606,-0.1446,-0.082
45906.81272,-0.2115,0.2173,0.1486,0.4901,-0.0132,0.0139
45906.84287,0.0673,0.1528,-0.244,-0.1071,-0.3835,-0.0923
45906.87302,-0.0328,-0.007,-0.0666,-0.6357,-0.1188,-0.1702
45906.90317,-0.2341,0.2456,-0.3536,0.729,-0.0083,0.0656
45906.93332,0.0985,0.0455,-0.3934,0.0372,-0.2823,0.3279
45906.96348,-0.3435,0.0072,0.1391,0.071,0.0621,0.5616
45906.99366,0.0755,0.1276,-0.2151,1.2833,-0.0771,1.053
45907.02383,0.4106,-0.4355,-0.5092,0.4677,-0.6973,1.2709
45907.05398,0.3332,0.0563,0.2491,0.5557,0.2998,0.2859
45907.08413,-0.3694,-0.0136,0.4304,0.8405,0.0161,0.1836
45907.11428,0.2932,0.0982,0.3839,-0.5009,0.1566,0.2374
45907.14443,-0.3999,0.1838,-0.2081,0.2716,-0.2704,0.3016
45907.17461,0.121,0.1623,-0.4497,-0.2143,-0.499,-0.1575
45907.20477,0.0538,-0.1206,0.0374,-0.4486,-0.2231,-0.5365
45907.23492,0.2289,0.0657,-0.1238,0.8599,-0.3877,-0.1488
45907.26507,0.1458,0.0286,0.1908,-1.472,-0.1805,-0.2647
45907.29522,-0.3311,0.1203,0.3195,0.555,0.2803,0.1531
45907.32537,0.211,-0.1443,0.6925,1.052,0.1093,0.6402
45907.35555,-0.2705,0.2267,-0.0232,-0.6375,-0.3123,-0.3128
45907.3857,0.2535,0.186,0.1073,0.1811,0.2239,-0.5869
45907.41586,-0.2241,0.1596,0.0079,-0.1309,0.2044,-0.4762
45907.44601,0.0374,-0.0626,0.7414,-0.9194,-0.1989,-0.6246
45907.47616,0.1181,-0.0512,0.4823,0.7001,0.0534,-0.1992
45907.50631,0.8806,0.2804,0.093,-1.5429,0.7323,-0.6506
45907.53649,-1.6983,-0.0582,0.24,-0.6048,0.5502,-0.102
45907.56664,0.9222,-0.0037,-0.0111,-1.4088,-0.3074,-0.3426
45907.59679,0.0479,-0.0666,0.121,-1.8304,-0.2952,-0.9292
45907.62695,0.0656,0.0833,0.6168,1.1692,0.4963,-0.4895
45907.6571,0.4836,-0.7599,1.0904,-0.8675,0.1979,-0.2622
45907.68725,0.7724,0.788,1.4612,-0.6355,0.3143,-1.09
45907.71743,-1.6601,-0.2333,-0.2643,-0.4234,0.1259,-0.0237
45907.74758,-0.1187,-0.6939,-0.1661,0.4285,-0.0713,-0.0486
45907.77773,0.0359,-0.0577,0.1978,1.9999,0.1665,0.6739
45907.80788,0.4626,0.4212,-0.1401,-0.0945,-0.1182,0.161
45907.83804,0.0112,-0.3238,0.0365,0.1352,0.2431,0.6068
45907.86819,0.1354,-0.0866,0.1495,1.7146,0.3581,0.9851
45907.89837,-0.0697,0.3344,-0.3544,0.21,0.4492,0.2256
45907.92852,-0.3096,0.2711,-0.0331,-0.0515,0.1526,0.2038
45907.95867,0.2169,-0.406,0.0389,0.0703,-0.3723,0.3519
45907.98882,-0.9424,0.2754,0.5226,0.3418,0.1053,0.4595
45908.01898,0.538,1.2356,0.432,-0.3248,0.0389,0.4742
45908.04913,0.1695,0.2802,-0.8799,-0.8817,0.6061,-0.9458
45908.07931,0.7629,-0.3208,0.411,-1.0172,0.1285,-0.817
45908.10946,-0.1261,-0.1363,0.4471,0.9517,0.6447,0.505
45908.13961,-0.4462,0.883,-0.8221,-2.653,-0.5657,-0.9462
45908.16976,-0.2195,-0.7304,-0.0493,0.9448,-0.2636,0.2501
45908.19991,-0.1668,0.112,0.2791,0.2932,-0.0914,0.028
45908.23007,0.2661,-0.008,-0.0765,0.015,-0.2212,-0.184
45908.26025,0.5039,-0.4904,0.4824,-0.0846,-0.0138,-0.1344
45908.2904,-0.0607,-0.0878,0.3415,-0.2665,0.404,-0.0267
45908.32055,0.1102,-0.1346,0.0589,0.5579,0.3707,0.3794
45908.3507,-0.2039,0.0533,-0.0445,-0.5717,0.1152,0.2552
45908.38085,-0.1546,0.1662,-0.3488,-0.1545,-0.0001,-0.0596
45908.411,0.3025,-0.2659,0.9407,-0.6563,0.3903,-0.2659
45908.44119,-0.483,0.1378,0.326,-1.4099,-0.0982,-0.4844
45908.47134,-0.0103,-0.0088,-0.0287,-0.5916,-0.0827,-0.1741
45908.50149,-0.0829,0.139,0.0687,-0.4547,-0.0626,0.2412
45908.53164,0.1349,0.2387,-0.3146,-0.537,-0.0156,-0.3554
45908.56179,-0.0658,-0.3018,-0.0049,0.2056,0.1252,0.1173
45908.59194,0.3996,-0.1411,0.5546,-0.0549,0.4836,-0.1136
45908.62212,-0.1773,0.1055,-1.3133,0.8496,0.3215,-0.1468
45908.65228,0.2248,-0.1989,0.6879,0.2026,0.4371,-0.0451
45908.68243,-0.2441,-0.1553,0.5937,-0.1027,0.1298,-0.0339
45908.71258,0.3519,0.1473,0.3753,-0.464,-0.1747,-0.2399
45908.74273,-0.403,-0.122,0.0941,0.4532,0.1976,-0.0199
45908.77288,0.3865,-0.107,0.1671,-0.7269,-0.0383,-0.3387
45908.80306,-0.1189,-0.3435,0.5356,-0.7044,-0.0255,-0.3589
45908.83321,-0.0106,-0.0936,0.1476,-0.2906,0.2005,-0.0957
45908.86337,-0.1192,-0.0024,-0.1532,-1.4076,-0.0712,-0.1997
45908.89352,0.2181,0.256,-0.2678,-1.9009,-0.2033,-0.3842
45908.92367,-0.435,0.1142,-0.2067,-0.9998,-0.2962,-0.3901
45908.95382,0.2119,-0.2823,0.0107,-0.8972,-0.2579,-0.1095
45908.984,-0.0236,0.253,-0.0902,-1.3484,-0.1855,-0.2379
45909.01415,0.1877,0.2672,0.129,-0.1434,-0.0009,-0.2681
45909.04431,0.356,-0.3767,0.2891,0.2405,0.2034,0.0676
45909.07446,-0.1368,-0.0547,0.5256,-0.2579,-0.2447,-0.1481
45909.10461,0.0706,0.0595,0.1902,-0.0876,0.0669,-0.0686
45909.13476,0.0178,-0.3718,0.2567,0.36,-0.2128,-0.2455
45909.16494,-0.0636,-0.2165,0.1367,0.3787,-0.0266,0.1752
45909.1951,0.0314,-0.2269,-0.2157,-0.1616,-0.0237,-0.2063
45909.22525,-0.1074,0.2166,0.4858,-0.1579,-0.0773,0.1602
45909.2554,0.0672,0.0069,0.5018,-0.3776,-0.1907,0.1879
45909.28555,-0.0267,0.0411,-0.3393,0.0452,0.0594,-0.1605
45909.3157,-0.0543,0.2148,-0.1472,0.3859,-0.0556,0.2081
45909.34588,0.0878,0.0609,0.2966,1.5744,0.2657,0.1778
45909.37603,-0.1298,0.0712,-0.4669,0.3098,-0.0216,-0.042
45909.40619,0.222,0.2945,-0.3767,-0.563,-0.0385,-0.0892
45909.43634,0.1194,-0.1604,0.1039,0.9882,0.3765,-0.328
45909.46649,-0.5008,0.003,0.395,1.4716,0.4635,0.2262
45909.49664,0.3,0.2372,0.4051,-0.8442,-0.2072,-0.0695
45909.52682,-0.3137,0.3383,0.6576,0.0778,-0.1416,-0.4796
45909.55697,0.1818,-0.2237,-0.1903,0.1697,0.2267,0.1426
45909.58712,-0.195,-0.001,0.1163,0.1038,-0.0132,0.1353
45909.61728,0.1193,-0.14,-0.4173,0.1455,0.3937,0.2582
45909.64743,-0.0373,-0.22,0.2226,-0.1131,0.0779,0.2416
45909.67758,0.1632,0.2935,-0.795,-1.3667,0.1284,-0.2067
45909.70776,-0.1036,0.0494,0.1838,-0.2413,0.042,-0.07
45909.73791,0.1202,-0.2258,0.4745,-0.2054,0.0392,0.1792
45909.76806,-0.5093,0.4317,-1.0841,-0.978,-0.4736,0.1081
45909.79821,0.6135,0.3324,-0.2964,-0.8684,-0.1508,-0.1793
45909.82837,-0.1904,0.2383,-0.3438,-0.0967,-0.0294,-0.1913
45909.85852,0.9893,-0.8156,1.5025,-0.155,0.0086,-0.2542
45909.88867,-1.2938,0.3321,0.5833,1.1953,0.4743,0.073
45909.91885,0.549,0.7534,0.136,-2.1445,-0.2643,-0.6898
45909.949,-0.6658,-0.0879,-1.1649,1.3282,0.4996,0.8595
45909.97915,0.9515,0.4831,0.1396,-1.6973,-0.1827,-0.4116
45910.0093,-0.7704,-0.3001,-0.6548,1.7611,0.7814,0.5734
45910.03947,0.5437,0.3366,0.0554,-1.2745,-0.328,-0.564
45910.06962,0.1536,-0.6948,-0.7112,1.599,0.7639,0.5816
45910.0998,-0.1576,1.1388,0.5574,-1.164,-1.258,-0.6713
45910.12995,0.3766,-0.7826,0.3128,2.3983,0.5283,0.9274
45910.16011,0.1057,0.133,0.1092,-1.3545,-0.7306,-0.3436
45910.19026,-0.0598,0.0189,-0.1085,0.6382,0.3652,0.1891
45910.22041,-0.1966,0.1755,-0.271,0.9278,0.5163,-0.1153
45910.25056,0.1677,-0.0745,-0.3358,-0.464,0.1177,-0.3703
45910.28074,0.2688,0.0894,0.489,0.9238,0.0985,-0.0735
45910.31089,-0.2218,0.255,-0.1984,-0.0978,-0.0446,0.1712
45910.34104,0.2917,-0.8537,-0.9639,1.8279,0.4452,-0.1842
45910.3712,-0.5434,-0.2057,0.2993,0.8666,0.3949,-0.1141
45910.40135,0.4509,0.6408,0.0823,-0.6795,-0.2915,-0.5309
45910.4315,-0.0546,-0.4697,0.0217,1.092,-0.0454,0.4241
45910.46168,0.3269,-0.3646,-0.3282,1.0235,0.6005,-0.1541
45910.49183,-0.6663,-0.2443,0.2939,0.7139,0.1335,0.4495
45910.52198,0.1698,-0.0846,0.0581,0.0618,-0.3932,0.449
45910.55213,0.1023,-0.0151,-0.3175,-0.4224,-0.2759,0.1776
45910.58229,0.2106,0.127,-0.3525,-0.1776,0.0006,0.0196
45910.61244,0.1916,-0.4696,0.0309,0.9757,0.3749,0.0859
45910.64262,-0.184,0.3453,-0.5244,-0.1465,-0.3746,-0.1212
45910.67277,0.8123,0.0609,-0.0999,-0.8749,-0.5162,-0.152
45910.70292,-0.2571,-0.8919,0.7076,1.0847,0.8053,0.8369
45910.73307,0.206,0.1798,0.1558,-0.7515,-0.2799,0.2135
45910.76322,-0.4135,0.2583,-0.4292,-1.8445,-0.5056,0.0821
45910.79338,0.802,0.1331,-0.2808,-2.09,-0.9287,-0.3856
45910.82356,-0.1245,-0.5697,0.2488,-0.1716,0.2795,0.1586
45910.85371,-0.0384,0.2368,0.0291,-0.8538,-0.0275,-0.0981
45910.88386,-0.0235,-0.144,0.0826,-0.682,-0.2348,0.1177
45910.91401,-0.2099,0.0466,-0.2137,-0.1911,-0.1227,0.2689
45910.94416,0.1802,0.1356,0.1286,-0.8368,-0.4755,-0.0383
45910.97431,0.5173,-0.0214,0.1642,-0.0284,-0.1218,-0.1555
45911.0045,-0.427,-0.1626,0.0301,0.9772,0.3827,0.194
45911.03464,0.0329,-0.2195,-0.4369,0.696,0.2965,0.1972
45911.0648,0.0469,0.3677,0.1095,-0.7551,-0.1881,-0.2735
45911.09495,0.3873,0.0174,0.0215,-0.0382,0.0156,0.2316
45911.1251,-0.1025,-0.1728,-0.0417,0.6388,0.1414,-0.0628
45911.15525,0.1412,0.1559,0.0957,-0.229,-0.0556,0.1571
45911.18543,0.2509,-0.047,-0.186,-0.0386,-0.1786,-0.1142
45911.21558,-0.355,-0.2204,0.0671,0.3939,0.0603,0.271
45911.24573,0.6784,-0.1567,0.2138,0.1752,-0.0685,-0.2949
45911.27589,-0.3481,0.1701,0.1009,0.2588,-0.2855,0.0137
45911.30604,0.2276,0.0882,-0.0155,-0.9204,-0.6328,0.0674
45911.33619,0.5172,-0.3722,0.0783,0.0519,-0.2863,-0.0539
45911.36637,-0.0708,0.0183,0.0703,0.0415,-0.0315,0.3629
45911.39652,0.1136,0.2316,0.1858,-0.1975,-0.2169,-0.0206
45911.42667,0.2975,-0.3631,0.0994,0.3446,0.1783,0.3916
45911.45682,0.337,0.1259,-0.0042,0.0765,0.0255,-0.2195
45911.48698,-0.3185,0.291,0.2698,0.0328,0.0477,0.3421
45911.51713,0.4958,-0.1946,-0.2869,-0.5781,-0.3821,0.1927
45911.54731,-0.6057,-0.4118,-0.1424,0.6016,-0.0172,0.2162
45911.57746,0.1618,-0.0627,0.0003,-0.0621,-0.22,0.017
45911.60761,0.1213,0.0496,0.224,-0.0672,-0.3136,-0.2008
45911.63776,0.3986,-0.1659,-0.0416,0.1541,-0.0424,-0.0178
45911.66791,-0.0441,0.0871,0.0013,0.3488,0.1073,-0.0249
45911.69807,-0.1832,0.0285,0.2944,-0.1961,-0.0796,0.2083
45911.72825,0.6886,0.1295,-0.1202,-0.2141,-0.2168,-0.2035
45911.7584,-0.3779,-0.1601,0.0735,0.4087,0.2259,0.2552
45911.78855,0.2724,0.1129,0.2024,-0.0625,-0.1556,-0.021
45911.8187,0.0242,-0.0411,0.0716,0.5652,0.165,0.1469
45911.84885,0.0087,-0.0514,0.0515,0.4714,0.0494,-0.0808
45911.879,0.1205,0.4044,0.0189,-0.2707,-0.2708,-0.0585
45911.90919,0.0847,-0.2233,0.0798,-0.012,-0.2071,-0.0299
45911.93934,0.2153,-0.5043,0.198,0.7897,0.0748,0.0609
45911.96949,-0.1651,0.0956,0.0945,0.1954,-0.0157,0.1151
45911.99964,0.2695,0.1917,0.1199,-0.1266,-0.1879,-0.2652
45912.0298,-0.159,-0.0608,0.3642,0.1921,0.0974,0.3096
45912.05995,0.1068,0.1808,-0.0684,0.1226,-0.213,-0.203
45912.09013,0.676,-0.1935,-0.2353,0.1338,-0.1178,-0.3948
45912.12028,-0.1024,-0.3489,0.4332,0.4285,-0.0034,-0.3016
45912.15043,0.5778,0.1514,-0.1462,0.0348,-0.032,-0.0542
45912.18059,-0.3969,-0.2385,0.2664,0.0658,0.0684,-0.078
45912.21074,0.675,-0.1695,0.1511,0.357,0.0837,-0.346
45912.24089,-0.1627,-0.1853,0.3076,0.1033,0.2913,0.1098
45912.27107,0.4719,-0.3627,0.1853,0.8385,0.3979,-0.2339
45912.30122,-0.4301,-0.2177,0.4522,0.1853,0.5187,0.2271
45912.33137,0.679,0.3458,-0.1672,-0.3581,-0.0207,-0.6899
45912.36152,0.0358,-0.331,0.3164,-0.0272,0.3511,0.048
45912.39168,0.3883,-0.0469,-0.1274,0.2273,0.3282,-0.231
45912.42183,-0.0442,0.0446,0.0191,-0.5993,-0.0097,-0.2217
45912.45201,0.2186,-0.6894,0.2227,0.379,0.2433,-0.0988
45912.48216,-0.4007,-0.4931,0.3429,0.3601,0.4204,0.2822
45912.51231,0.1312,0.0271,-0.3147,-0.8401,-0.2517,-0.2837
45912.54246,0.5288,-0.4845,-0.2438,0.0509,0.2601,-0.1386
45912.57261,0.7754,0.012,0.0308,-0.7522,-0.1823,-1.0104
45912.60277,-0.3885,-0.0688,-0.0325,-0.4528,0.2875,0.4417
45912.63295,0.3063,-0.6013,0.2998,0.0469,0.0276,0.4661
45912.6631,0.0312,-0.4128,0.4525,-0.2541,0.086,0.4094
45912.69325,-0.1304,-0.3933,-0.0509,-0.445,0.232,1.0895
45912.7234,0.3042,-0.2655,-0.1676,-0.5626,-0.0034,-0.0761
45912.75355,-0.0871,0.2041,-0.215,-1.2026,-0.3108,-0.4611
45912.7837,0.0016,-0.8427,0.181,0.053,0.1388,0.6113
45912.81389,0.2662,-0.2149,-0.3039,-1.4611,-0.422,0.08
45912.84404,0.3631,-0.6073,0.4004,-0.959,0.1786,0.8157
45912.87419,0.7104,-0.28,0.1511,-1.0429,0.0645,0.6831
45912.90434,-0.6412,0.2017,0.1276,-1.1892,-0.2311,-0.5749
45912.93449,0.0439,0.4262,0.276,-1.7069,-0.6996,-0.0807
45912.96464,-0.3312,0.1493,-0.4268,-1.103,-0.7032,0.1992
45912.99483,0.7232,-0.2166,-0.637,-1.1824,-0.544,0.0698
45913.02497,-0.2203,-0.6425,0.0713,0.4436,-0.1836,-0.5308
45913.05512,0.2744,-0.1555,-0.0007,-0.558,0.077,0.0432
45913.08527,0.4554,0.1189,0.0746,-0.9009,-0.247,-0.3148
45913.11542,-0.7215,0.4403,-0.5346,-0.026,-0.2263,0.3176
45913.14558,0.2013,-0.5079,-0.1085,-0.8331,-0.4337,0.6016
45913.17576,-0.4216,-0.1877,0.0701,0.2731,-0.3381,0.0358
45913.20591,0.1492,-0.0179,0.1949,-1.2403,-0.3041,0.0181
45913.23606,0.1578,-0.0302,-0.3212,-0.8532,-0.1581,-0.3868
45913.26621,-0.0272,-0.1755,0.0641,-0.4023,-0.0325,0.1827
45913.29636,0.3477,0.0053,0.097,-0.9811,-0.0421,0.1081
45913.32651,-0.279,-0.2835,0.1652,0.1677,0.0764,0.0987
45913.3567,0.2901,-0.2254,0.1078,-1.1844,-0.4105,0.2494
45913.38685,-0.4371,0.3763,-0.5558,-0.6276,-0.4401,-0.0517
45913.417,0.2766,0.5594,-0.0893,-2.8842,-1.0575,-0.6913
45913.44715,0.0163,-0.6988,-0.023,0.4969,-0.1432,-0.0448
45913.4773,0.0452,0.2247,-0.4822,-0.4299,-0.199,0.1825
45913.50745,0.1078,0.2595,-0.6068,-1.5139,-0.576,-0.1886
45913.53763,0.0931,-0.262,-0.4327,-0.4317,-0.2533,0.1596
45913.56779,0.4474,-0.0725,-0.0453,-0.7242,-0.3319,-0.0285
45913.59794,-0.0685,-0.3189,-0.161,-0.0758,-0.1709,-0.1303
45913.62809,-0.1043,0.2329,-0.3308,-0.8643,-0.4493,0.2335
45913.65824,0.4773,0.2447,-0.5053,-1.6713,-0.7522,-0.0639
45913.68839,-0.0945,-0.3972,-0.576,0.3634,-0.0312,0.0767
45913.71857,0.0794,-0.0914,-0.0901,0.0221,-0.0923,0.1935
45913.74872,0.6049,-0.124,-0.1028,-0.2477,-0.2088,-0.0858
45913.77888,-0.2842,0.2514,-0.4067,-0.805,-0.3931,-0.0751
45913.80903,0.4133,-0.2247,-0.1763,-0.1478,-0.292,0.1511
45913.83918,0.3827,-0.7029,0.0572,0.2293,-0.3606,0.0741
45913.86933,0.0508,-0.1772,-0.4945,-0.0086,-0.1758,-0.0831
45913.89951,-0.2749,0.3198,-0.0554,-0.9073,-0.5075,0.0084
45913.92966,0.7493,-0.2831,-0.2974,-0.3774,-0.5548,0.0066
45913.95981,-0.0891,-0.4253,-0.1336,0.0177,-0.3473,0.1648
45913.98997,0.0894,-0.3826,0.0021,0.0719,-0.6749,0.0694
45914.02012,0.4632,-0.186,0.1468,-0.7913,-0.8858,-0.2028
45914.05027,0.0876,-0.1706,-0.192,-1.5006,-0.9539,0.1081
45914.08045,0.3834,-0.247,-0.6691,-1.4359,-0.9109,0.1812
45914.1106,0.0264,0.0219,-0.6757,-1.3428,-0.7512,0.0285
45914.14075,-0.1727,-0.2005,-0.1888,-0.7369,-0.5707,0.2413
45914.1709,0.2064,-0.0774,0.121,-1.2871,-0.9219,0.131
45914.20106,-0.287,0.0691,-0.1944,-1.6001,-1.2791,-0.071
45914.23121,0.2871,-0.2536,-0.1884,-1.4759,-1.0455,-0.1193
45914.26139,0.0456,-0.4563,-0.2309,-0.3367,-0.4887,0.1548
45914.29154,0.2551,0.0005,0.0306,-0.5653,-0.4907,-0.3643
45914.32169,-0.0002,-0.2863,0.0365,-0.4774,-0.376,0.0089
45914.35184,-0.0705,0.1487,-0.1344,-0.3174,-0.4232,-0.0768
45914.38199,0.1952,0.0533,-0.0708,-0.8373,-0.7504,-0.1334
45914.41215,-0.142,-0.1537,0.0484,-0.0069,-0.577,-0.3118
45914.44233,0.2752,-0.4626,-0.4656,0.2337,-0.2075,0.841
45914.47248,-0.0458,0.152,-0.0374,0.0727,-0.4214,-0.641
45914.50263,-0.0606,-0.0883,-0.1019,0.6283,0.1612,0.5277
45914.53278,0.0798,0.0062,-0.25,0.0932,-0.2312,-0.3401
45914.56293,0.1041,-0.3712,-0.2714,0.1557,-0.0095,0.0049
45914.59308,0.0356,-0.1513,-0.2924,0.3158,-0.0044,0.0929
45914.62327,0.0363,-0.2591,-0.1056,0.4985,-0.152,0.1573
45914.65342,0.4962,-0.5155,-0.0178,0.2344,-0.2649,-0.0279
45914.68357,0.0555,-0.3499,-0.2839,-0.3566,-0.3053,0.2096
45914.71372,0.3423,0.4455,-0.5849,-1.2945,-0.7884,-0.0348
45914.74387,0.0398,-0.6482,0.2158,-0.8148,-0.4505,0.7138
45914.77402,0.0105,-0.6381,-0.0953,-0.4146,-0.5252,0.5662
45914.8042,0.1219,0.0646,-0.1054,-1.6941,-0.8738,0.2453
45914.83436,0.182,0.1442,-0.5077,-1.8794,-0.9707,-0.6466
45914.86451,-0.0094,-0.3346,-0.2359,-1.509,-0.5434,-0.1135
45914.89466,0.1771,-0.2606,-0.3903,-1.1132,-0.7019,0.0035
45914.92481,0.0482,-0.2607,-0.5251,-0.3141,-0.4344,0.3317
45914.95496,0.4504,-0.1947,0.0867,-1.069,-0.6288,0.218
45914.98514,0.0895,-0.0804,-0.0586,-0.8116,-0.6414,-0.1657
45915.01529,0.0968,-0.146,-0.3069,-1.1384,-0.6633,-0.0037
45915.04547,0.0843,0.2073,-0.3683,-1.1275,-0.7942,-0.0828
45915.07562,0.024,-0.0073,-0.3469,-0.8579,-0.731,0.0164
45915.10577,0.3247,-0.1803,-0.3134,-0.2625,-0.4741,-0.0172
45915.13592,-0.0005,-0.0911,-0.2012,-0.4919,-0.4394,-0.2462
45915.1661,0.1949,-0.188,-0.2342,-0.1821,-0.425,0.2699
45915.19625,0.0011,0.0907,-0.1827,-0.1629,-0.699,0.0154
45915.22641,0.0395,-0.2885,-0.2431,0.4841,-0.3019,0.5658
45915.25656,0.1535,0.0567,-0.1249,-0.4256,-0.7752,0.0969
45915.28671,0.096,-0.2024,-0.2419,-0.5062,-0.5698,0.1037
45915.31686,0.0517,-0.1264,-0.391,-0.805,-0.6034,0.0667
45915.34704,0.2018,-0.2097,-0.1587,-0.2509,-0.3796,0.2273
45915.37719,0.3525,-0.1044,-0.0616,-0.3758,-0.6798,0.0078
45915.40734,-0.1845,-0.2273,-0.14,0.0252,-0.4887,0.0525
45915.4375,0.0666,0.1668,-0.5828,-0.3595,-0.871,0.1572
45915.46765,-0.0951,0.0427,-0.8395,-0.4016,-0.8969,0.403
45915.4978,0.2938,-0.7484,0.239,-1.0017,-0.5079,0.4714
45915.52798,0.1283,0.0688,-0.4347,-0.4441,-1.1162,-0.0137
45915.55813,-0.1633,0.0014,-0.133,-0.6193,-0.5842,0.1013
45915.58828,0.1193,0.0406,-0.4025,-0.721,-0.8718,0.0541
45915.61843,-0.241,-0.0148,-0.695,-0.9827,-1.0926,0.0371
45915.64859,0.4814,0.0462,0.0174,-0.8668,-0.625,-0.1785
45915.67874,-0.3531,0.0837,-0.5013,0.02,-0.4978,-0.1914
45915.70892,0.209,0.0018,0.0217,-0.5028,-0.7653,-0.0646
45915.73907,0.0484,-0.2066,-0.0412,-0.276,-0.7604,0.1795
45915.76922,-0.0693,-0.0716,0.0869,-0.7066,-0.7995,0.2632
45915.79937,0.2579,-0.2303,0.1343,-0.5598,-0.6148,0.1557
45915.82952,-0.0682,-0.2457,-0.0751,-0.1494,-0.5067,0.1602
45915.85968,-0.3174,0.6295,-1.0382,-1.3012,-1.1262,-0.4727
45915.88986,0.282,-0.6129,-0.2334,0.5022,-0.2089,0.5344
45915.92001,0.3781,-0.3068,-0.2143,-0.643,-0.5463,0.1978
45915.95016,0.0576,-0.26,-0.0967,-0.6069,-0.3161,0.2573
45915.98031,-0.0677,-0.0878,-0.3353,-0.5267,-0.2329,0.3693
45916.01046,0.0871,0.0535,-0.2142,-0.8998,-0.5547,0.2038
45916.04061,-0.1677,-0.0828,-0.0948,-0.6914,-0.4706,0.0988
45916.0708,0.2176,0.0121,0.1741,-1.5029,-0.6217,-0.2232
45916.10095,-0.1028,-0.4046,-0.8924,-1.0501,-0.3391,-0.3178
45916.1311,0.2041,0.1774,-0.0586,-1.8067,-0.6428,-0.5317
45916.16125,0.2973,-0.0045,0.0493,-0.5879,-0.3182,-0.4261
45916.1914,0.0881,-0.2739,-0.1322,-0.3066,-0.2814,-0.2201
45916.22155,0.0729,-0.0841,-0.1049,-0.683,-0.4684,-0.2616
45916.25174,-0.0701,-0.3783,-0.4003,0.0533,-0.4129,0.2082
45916.28189,0.2739,0.0812,-0.4309,-0.9306,-0.67,-0.2805
45916.31204,0.1168,-0.1287,-0.3223,-0.6087,-0.6488,-0.3185
45916.34219,0.1626,0.086,-0.4371,-1.1328,-0.6201,-0.7521
45916.37234,-0.2196,-0.3925,-0.3706,-1.3735,-0.5107,-0.4735
45916.40249,0.3341,-0.0473,-0.6605,-0.959,-0.9048,-0.2802
45916.43267,0.1067,-0.1799,-0.2514,-1.1523,-0.6203,-0.197
45916.46283,-0.2653,0.0829,-0.3872,-0.9137,-0.5744,-0.0509
45916.49298,0.3881,-0.1404,-0.2139,-0.1762,-0.537,-0.0957
45916.52313,-0.1799,0.0786,-0.2566,-0.8947,-0.5214,0.003
45916.55328,0.3225,0.1359,-0.5344,-0.5974,-0.8834,-0.2197
45916.58343,0.8301,0.1769,-0.4363,-0.4385,-0.7665,-0.9138
45916.61361,-1.0888,-0.3164,-0.1908,-1.2458,-0.6751,0.4153
45916.64376,0.436,-0.1173,-0.5662,0.8305,-1.1517,0.2551
45916.67392,-0.1968,-0.6915,-0.292,-0.4852,-0.4245,0.7465
45916.70407,0.7043,-0.1513,-0.17,0.0846,-0.4195,0.3708
45916.73422,0.2205,0.3506,-0.3157,-0.619,-0.8411,0.1817
45916.76437,-0.4664,-0.2871,-0.3036,-0.3902,-0.9621,0.5672
45916.79455,0.4946,0.055,-0.5711,0.1353,-0.8503,0.2243
45916.8247,-0.0019,0.5793,-0.8642,-0.5043,-1.2068,-0.1621
45916.85485,0.5816,-0.8763,0.0562,0.5198,-0.7523,0.479
45916.88501,-0.3342,0.0854,0.1297,0.1564,-0.6264,0.9298
45916.91516,0.3184,-0.3861,-0.1875,0.6424,-1.3467,1.1465
45916.94531,0.0025,-0.0405,-0.2301,-1.2138,-0.5724,0.3626
45916.97549,-0.2294,0.3604,-0.4237,-0.4656,-1.1003,0.5265
45917.00564,0.4262,-0.7474,0.2665,0.6544,-0.7087,0.7405
45917.03579,-0.4459,-0.133,-0.0927,0.8269,-0.9833,0.7964
45917.06595,-0.0088,0.2583,-0.1038,-1.366,-1.2774,0.1572
45917.0961,0.7028,-0.5553,0.0228,0.3878,-0.8472,0.553
45917.12625,-0.1881,-0.0048,-0.3549,-0.9819,-0.7733,0.3764
45917.15643,0.4135,0.03,-0.1223,-0.504,-0.6696,0.1714
45917.18658,-0.5812,-0.0433,-0.5449,-0.0347,-0.5797,0.6347
45917.21673,-0.8441,-0.1336,-0.2397,-0.4963,-0.5802,0.5443
45917.24689,0.6107,-0.6185,-0.5472,-0.1067,-1.1106,0.1996
45917.27704,1.2444,-0.0069,0.7752,-0.286,-0.258,-0.2103
45917.30719,-1.2902,0.5164,-0.6577,-0.0188,-0.157,-0.0146
45917.33734,0.1382,-0.2648,-0.0696,0.1876,-0.2845,0.066
45917.36752,-0.396,-0.3302,-0.2837,0.9012,-0.4036,0.4586
45917.39767,0.2557,0.4148,0.4098,-0.9973,-0.6881,-0.408
45917.42782,-0.286,0.2141,0.0493,0.1709,-0.0891,0.4162
45917.45798,0.3788,-0.1015,-0.072,-0.0412,-0.3441,0.0375
45917.48813,-0.2278,0.3933,-0.3505,-0.4857,-0.5694,-0.4653
45917.51828,-0.895,0.444,-0.6423,-0.5808,-0.4731,-0.2626
45917.54846,0.1044,-0.6759,0.2803,0.7552,-0.3055,0.088
45917.57861,-0.1542,-0.1617,-0.1152,0.9029,-0.4094,0.3655
45917.60876,0.2825,0.1617,0.1239,-0.1194,-0.2543,-0.0892
45917.63891,-0.1093,-0.0021,-0.2898,0.4243,0.0644,0.1117
45917.66907,0.047,-0.3105,0.6118,0.6273,0.1555,0.2485
45917.69922,-0.0239,0.0909,0.0738,0.5836,-0.0798,0.1643
45917.7294,0.2595,0.202,-0.4205,-0.5471,-0.4088,-0.646
45917.75955,0.1326,-0.5978,0.4323,0.4446,0.0488,-0.1333
45917.7897,-0.5002,-0.0556,0.594,0.9998,0.1192,-0.0272
45917.81985,0.7173,0.0217,-0.3027,-0.5668,-0.3595,-0.6703
45917.85,0.1635,-0.2255,-0.4512,-0.3437,-0.1611,-0.9466
45917.88016,-0.6316,-0.0658,-0.21,-0.1445,-0.0227,0.1264
45917.91034,-0.0627,0.1356,-0.0772,0.3807,-0.1183,0.1617
45917.94049,0.4156,0.0736,-0.1436,-0.1727,-0.3064,-0.2426
45917.97064,-0.4925,0.3921,-0.4555,-0.6057,-0.2827,-0.4537
45918.00079,-0.1441,-0.3869,-0.091,-0.0607,-0.4453,-0.3141
45918.03095,0.1092,-0.312,-0.1468,-0.573,-0.2657,-0.6332
45918.0611,-0.2687,-0.1383,0.0367,0.3256,-0.2,-0.3899
45918.09128,-0.1672,-0.24,0.0984,-0.0213,0.1012,-0.1324
45918.12143,0.461,0.561,-0.3022,1.0737,0.2758,-0.1821
45918.15158,-0.1624,-0.1189,-0.381,0.0026,0.2491,0.1083
45918.18174,0.1475,0.886,-0.5778,0.4529,0.0766,-0.6368
45918.21189,-0.541,-0.1104,0.3651,0.0703,0.0285,-0.1799
45918.24204,0.3026,-0.3142,-0.2272,0.4194,0.2212,-0.3502
45918.27222,0.1053,-0.4359,-0.2541,-0.2802,0.1847,0.2005
45918.30237,0.4466,0.2528,-0.9215,0.5878,0.5359,0.4214
45918.33252,0.5075,-0.0446,-0.9095,0.2958,0.4094,0.5409
45918.36267,-0.5875,-0.0882,0.1251,0.3249,0.1403,0.6748
45918.39283,0.0855,-0.3351,0.1384,0.4134,0.2678,0.8758
45918.42298,-0.3182,0.3405,-0.0379,0.2379,0.197,0.8922
45918.45316,0.1477,-0.0167,-0.164,0.5874,-0.172,0.7156
45918.48331,-0.3011,0.0148,0.0793,0.9522,0.0271,1.0448
45918.51346,0.2627,0,0.1994,0.4075,-0.0945,1.086
45918.54361,-0.2829,0.1923,-0.2835,0.3965,-0.3271,0.8938
45918.57376,0.427,-0.1683,-0.0195,0.1461,-0.2537,0.616
45918.60392,-0.1244,-0.0189,0.3277,0.4647,0.1597,0.3745
45918.6341,-0.0489,-0.0877,0.2106,0.7037,-0.0228,0.5083
45918.66425,-0.0853,0.1056,-0.0759,-0.0195,-0.1674,0.4528
45918.6944,-0.2665,0.1591,0.1138,0.489,-0.1981,0.3548
45918.72455,0.0475,-0.0603,-0.0094,0.2867,-0.2566,0.3028
45918.7547,-0.1555,-0.0019,0.1505,0.3569,-0.0101,-0.0354
45918.78485,0.2714,-0.0146,0.0673,-0.0256,0.1022,-0.7784
45918.81504,0.0562,-0.191,-0.504,-0.0006,0.2173,-0.4278
45918.84519,-0.1011,-0.0237,-0.2532,-0.3229,0.1893,-0.1589
45918.87534,0.0717,0.0842,-0.2709,-0.0318,0.2455,-0.3025
45918.90549,-0.1301,0.0535,-0.2756,-0.6787,-0.2133,-0.5656
45918.93564,0.0462,-0.085,0.1732,-0.103,0.1479,-0.1964
45918.96579,-0.175,0.3367,-0.6168,0.9423,-0.0317,-0.1087
45918.99597,-0.2338,-0.1272,0.4404,-0.5168,-0.1,-0.0383
45919.02613,0.1018,-0.1231,0.9965,1.043,0.3949,0.0861
45919.05628,-0.1402,0.3299,0.2378,0.3325,0.1999,-0.1334
45919.08643,0.2588,0.0899,-0.2157,0.0311,0.1487,-0.2411
45919.11658,-0.4382,0.0648,-0.1821,0.1877,0.2816,-0.0977
45919.14673,-0.0523,0.0808,-0.3183,0.3552,-0.0899,-0.2478
45919.17692,0.4123,-0.1078,0.1676,-0.3331,-0.0855,-0.5899
45919.20707,-0.2304,-0.1088,-0.0892,-0.4917,-0.0082,-0.5467
45919.23722,0.4938,-0.2347,0.4344,-1.1148,-0.057,-0.6238
45919.26737,-0.2946,-0.4154,0.312,-0.3628,0.2255,-0.1138
45919.29752,0.3445,-0.8527,1.4831,0.7397,0.5009,0.1047
45919.32767,0.2677,-0.6157,0.3999,0.1671,0.186,-0.1733
45919.35785,-0.1207,0.0813,-0.4358,-1.685,-0.2716,-0.547
45919.38801,0.0109,-0.0616,-0.0255,-0.8577,-0.199,-0.3315
45919.41816,0.1465,-0.039,0.1529,-0.2953,0.1489,-0.6982
45919.44831,0.2489,-0.0033,-0.2367,-0.4402,-0.05,-1.2208
45919.47846,-0.288,-0.0914,-0.2793,-1.7967,-0.5561,-0.4092
45919.50861,-0.2207,-0.262,-0.2916,-0.8401,-0.6274,0.168
45919.53879,0.732,0.323,-0.7766,-0.4461,-0.5469,0.1488
45919.56895,-0.3925,0.1457,0.1879,-0.2205,-0.4707,0.0973
45919.5991,0.2611,0.3417,0.173,0.5646,-0.5096,-0.7395
45919.62925,-1.0547,-0.6088,0.8388,-0.3589,-0.0485,0.142
45919.6594,0.3698,0.3489,-0.359,1.3365,0.0682,-0.4796
45919.68955,-0.1565,0.0942,0.0322,0.0864,-0.1889,-0.2799
45919.71973,-0.1135,-0.4399,0.1938,0.0381,0.0116,-0.1897
45919.74988,-0.0184,0.7078,-0.2523,0.392,0.2603,-0.0911
45919.78004,0.0163,-0.1402,0.0987,0.5949,0.4357,0.3714
45919.81019,0.2035,0.3798,-0.0571,0.3564,0.1804,0.0622
45919.84034,-0.5436,0.4619,-0.3128,-0.5191,0.4065,0.2607
45919.87049,0.158,-0.1096,0.2621,0.0002,0.2431,0.381
45919.90067,-0.6613,-0.1821,0.1402,0.8793,0.347,1.3391
45919.93082,0.4382,-0.132,0.6401,2.3264,0.1661,0.8315
45919.96097,0.167,-0.3506,-0.0594,0.9397,0.0099,0.5719
45919.99113,-0.2728,0.2975,0.0374,1.6981,0.1007,0.8409
45920.02128,0.119,0.112,0.2574,0.6234,-0.1454,0.535
45920.05145,-0.0018,-0.1867,0.0548,0.9865,-0.1381,0.4692
45920.08164,-0.0626,-0.0042,-0.0815,-0.2785,-0.3644,0.2114
45920.11179,0.0764,0.2081,-0.1101,0.3343,-0.1706,0.1847
45920.14194,-0.318,0.2994,-0.086,0.1414,-0.1554,0.1236
45920.17209,0.2747,-0.1313,0.2228,0.6918,0.0532,0.1655
45920.20224,0.1732,-0.3707,0.3049,-0.3702,0.1477,-0.1272
45920.23239,-0.378,0.1002,0.0713,0.724,0.3667,-0.2803
45920.26258,-0.2144,0.0138,0.16,0.0907,0.2231,0.0975
45920.29273,0.1762,-0.138,0.659,-0.2003,0.205,-0.1907
45920.32288,0.1865,0.0354,0.1543,-0.6981,0.1598,-0.4409
45920.35303,0.066,-0.1238,0.2962,-0.6368,0.3249,-0.5733
45920.38318,-0.482,-0.0326,0.4132,-0.0641,0.5389,0.0943
45920.41333,1.0046,0.7931,-1.3151,-0.076,-0.1926,-0.7443
45920.44351,-0.4679,-0.6791,-0.1547,-0.9867,0.5116,-0.1199
45920.47367,0.0611,0.3328,-0.569,0.907,-0.3532,0.4151
45920.50382,0.0689,-0.1129,-0.0086,-0.9984,0.1316,0.012
45920.53397,-0.1805,0.2974,-0.336,0.1684,-0.1201,0.1004
45920.56412,0.1322,-0.1821,0.1217,-0.1477,0.0824,0.063
45920.59427,0.0818,-0.0966,0.2433,0.612,0.2395,0.1582
45920.62445,-0.1006,0.6054,-0.433,-1.2419,-0.2429,-0.6853
45920.6546,0.0581,-0.3948,0.0774,1.4908,0.6395,-0.0773
45920.68476,0.4571,0.0152,0.2554,-0.7984,-0.2862,-0.4294
45920.71491,-0.6428,-0.3252,0.2358,0.2933,0.2501,0.0712
45920.74506,0.5843,0.0931,0.1859,-1.1932,-0.0399,-0.5767
45920.77521,-0.4648,0.0092,0.1659,0.6015,0.0813,-0.4815
45920.80539,0.2598,-0.1279,0.0684,0.032,0.0131,-0.4143
45920.83554,-0.0301,0.0378,-0.0811,-0.4714,-0.2605,-0.5186
45920.86569,0.0526,-0.0991,-0.3787,-0.6032,-0.3076,-0.8999
45920.89585,-0.1597,-0.1838,-0.1322,-0.7289,-0.2675,-0.7308
45920.926,0.0781,0.2863,0.1675,-0.6799,-0.3728,-0.6716
45920.95615,-0.2099,-0.0452,0.0801,-0.5133,-0.208,-0.1824
45920.9863,-0.1879,-0.0507,-0.1285,0.064,-0.3627,0.03
45921.01648,0.1877,-0.4684,-0.0675,0.3618,0.0882,0.115
45921.04664,-0.0002,0.1615,0.0629,0.2805,0.1197,-0.0816
45921.07679,-0.4681,-0.4858,0.1041,0.5792,0.0015,0.4751
45921.10694,0.1707,-0.2439,-0.1763,1.1879,-0.0024,-0.0247
45921.13709,-0.4388,-0.3721,0.1743,0.2812,0.1875,0.182
45921.16724,-0.156,-0.0193,0.0554,0.8438,0.2261,0.076
45921.19742,0.2141,0.4527,-0.1475,0.5686,-0.0741,-0.2068
45921.22757,-0.2723,-0.0623,0.1196,0.3085,0.0018,0.1293
45921.25772,0.0651,0.0565,0.0657,0.3683,0.2314,0.2562
45921.28788,0.1027,0.519,-0.0123,-0.0097,0.2492,0.2591
45921.31803,0.0438,0.0347,0.0519,0.3974,0.4311,0.5754
45921.34818,-0.1388,0.0288,0.0778,0.7862,0.4435,0.852
45921.37836,0.1724,0.0804,0.1149,0.8931,0.1477,0.7643
45921.40851,-0.0629,0.1176,0.0311,0.4717,0.1224,0.6834
45921.43866,-0.1606,0.274,-0.0938,-0.0339,0.0933,0.6023
45921.46882,0.1626,0.0474,0.0292,1.0827,-0.1841,0.4102
45921.49897,-0.2683,0.093,0.2386,-0.425,0.0034,0.2674
45921.52912,0.0058,0.0125,0.1201,0.6084,-0.2844,0.4003
45921.5593,-0.0504,0.2238,-0.1136,-0.653,-0.1236,0.0833
45921.58945,-0.1269,0.2125,-0.1227,0.566,0.2016,-0.0732
45921.6196,-0.1497,-0.1023,0.6371,0.6319,0.6771,0.016
45921.64975,-0.0102,0.2938,-0.153,0.4268,-0.1039,-0.1205
45921.67991,-0.1667,-0.0877,-0.1325,-0.5176,0.0867,-0.3353
45921.71006,0.0942,-0.3842,0.0069,0.5354,0.2221,-0.0741
45921.74024,-0.0745,0.2003,-0.0274,0.0437,0.2378,-0.3217
45921.77039,0.2163,-0.3159,0.0196,-0.0556,0.2069,-0.2675
45921.80054,0.1691,-0.0029,0.3036,0.2942,0.4148,-0.2933
45921.83069,-0.3736,0.3946,0.053,-0.394,0.2111,-0.1781
45921.86084,0.3107,-0.026,0.4295,0.5414,0.3587,-0.0645
45921.891,-0.3646,0.4191,0.1607,-0.0785,0.2388,0.1092
45921.92118,-0.1524,0.0393,-0.0765,0.4116,0.199,0.2774
45921.95133,0.1305,0.1408,-0.1023,0.3343,0.2839,-0.229
45921.98148,-0.4285,0.2093,-0.378,-0.0176,0.1953,-0.321
45922.01163,0.4997,-0.4497,0.5643,1.1234,0.5249,-0.2647
45922.04179,0.1917,0.177,-0.0558,-0.1684,0.0899,-0.7531
45922.07194,-0.153,0.0638,-0.0148,-0.4438,0.0813,-0.8733
45922.10212,0.0726,-0.0196,0.2529,0.1304,-0.0595,-0.6661
45922.13227,0.0787,-0.4461,0.6976,-0.7814,-0.272,-0.8186
45922.16242,0.1312,-0.0668,0.067,-0.8532,-0.1854,-0.9496
45922.19258,0.3139,-0.2012,-0.1397,-2.104,-0.1529,-0.7616
45922.22273,-0.096,0.6387,0.1624,-1.5724,0.081,-0.9977
45922.25288,-0.1502,0.4202,0.0253,-1.5812,-0.0497,-0.5891
45922.28306,-0.0401,0.4137,-0.128,-0.7203,-0.49,-0.5132
45922.31321,-0.0761,-0.3305,0.0746,-0.178,-0.0195,-0.0116
45922.34336,-0.1631,-0.0169,0.0494,0.3604,0.0286,-0.0886
45922.37351,-0.0014,0.1389,-0.0673,-0.0902,0.3363,-0.2666
45922.40367,0.2102,0.2442,-0.1685,0.3505,0.4717,-0.2201
45922.43382,-0.3123,0.3006,0.0748,0.0652,0.292,-0.1298
45922.464,-0.0044,-0.1002,-0.0086,0.5188,0.08,-0.0485
45922.49415,-0.2882,-0.2652,0.0252,0.7673,0.1308,0.1597
45922.5243,-0.2036,0.0245,0.0031,0.4648,0.2921,0.2162
45922.55445,0.1497,0.0316,-0.0849,0.541,0.3748,0.4137
45922.58461,0.0945,0.078,-0.052,0.5009,0.0359,0.5042
45922.61476,-0.1387,-0.3155,0.0742,0.2037,0.2081,0.843
45922.64494,0.0564,0.0557,0.0025,1.2185,0.2843,1.0449
45922.67509,0.0928,0.0688,0.0579,1.2405,0.4568,0.9393
45922.70524,0.2078,0.1548,-0.0945,0.825,0.2025,0.5892
45922.73539,0.0851,-0.4037,0.4571,0.8529,0.4496,1.0061
45922.76554,-0.042,0.2601,0.0679,0.8279,0.1066,0.5543
45922.7957,-0.0594,-0.0328,0.0038,0.0723,-0.2231,0.4075
45922.82588,-0.1182,0.0485,-0.0643,-0.4205,-0.1878,0.4221
45922.85603,0.0307,0.0346,0.0106,0.1764,-0.4005,0.3443
45922.88618,0.0496,-0.1258,0.2889,-0.0137,-0.0163,0.3608
45922.91633,0.0134,0.2878,-0.3497,-0.2712,-0.3664,-0.1512
45922.94648,-0.0588,-0.3108,0.0861,-0.2798,0.0261,-0.0542
45922.97663,0.0634,0.1271,0.2767,0.0192,0.1755,-0.0826
45923.00682,-0.0868,0.3443,-0.0733,-0.0225,0.108,-0.1891
45923.03696,-0.0184,0.0049,-0.2758,-1.0007,-0.1038,-0.4197
45923.06711,0.0183,-0.2834,0.0213,0.5859,0.1212,0.1273
45923.09727,-0.1934,0.2953,0.1272,-0.2111,0.1935,0.1108
45923.12742,-0.3205,0.4334,-0.3848,-0.0737,-0.0076,0.2197
45923.15757,0.6634,-0.3641,0.4611,1.0359,0.3932,0.1791
45923.18775,-0.6127,0.405,0.1945,0.1378,0.6452,-0.1314
45923.2179,0.33,0.0591,0.2535,0.8558,0.325,-0.5297
45923.24805,-0.2429,0.0524,0.0192,0.3034,0.3946,-0.3245
45923.2782,0.0769,-0.0209,0.2476,0.5042,0.2808,-0.3818
45923.30836,0.3358,-0.1954,0.067,0.1789,0.1178,-0.2069
45923.33851,-0.2039,0.0504,0.226,0.0183,0.1816,-0.366
45923.36869,0.0638,-0.1679,0.1159,-0.1981,0.0558,-0.2517
45923.39884,0.5457,0.3041,-0.2955,-0.0501,-0.4981,-1.0857
45923.42899,-0.2733,-0.5892,0.2401,-0.8305,0.1381,-0.7824
45923.45914,-0.0035,0.3118,-0.2514,-0.7366,-0.3437,-0.51
45923.48929,0.2331,0.0622,-0.0455,-0.5942,-0.0302,-0.1983
45923.51945,-0.0467,0.3786,0.083,-1.3392,-0.0621,-0.8359
45923.54963,-0.1946,-0.3822,-0.2539,-0.9792,-0.356,-0.074
45923.57978,-0.1762,-0.0906,-0.1914,-0.0985,-0.1988,-0.0973
45923.60993,-0.0115,0.568,0.05,-0.0794,-0.1264,-0.4037
45923.64008,0.0185,-0.0884,0.0677,0.1353,-0.031,-0.2819
45923.67023,-0.3919,-0.1159,-0.0012,0.253,-0.0086,-0.1949
45923.70038,-0.0034,0.2415,0.0162,0.4816,0.1916,-0.114
45923.73057,0.0027,0.5695,0.2061,0.4001,0.4691,-0.0254
45923.76072,0.1058,0.8436,0.0136,0.5709,-0.1008,-0.0476
45923.79087,-0.0956,-0.7162,0.0343,0.2743,0.0615,0.5083
45923.82102,-0.2686,-0.1391,0.0705,0.5252,0.2193,1.0243
45923.85117,0.191,0.1009,-0.2959,1.0847,0.0298,0.8578
45923.88132,0.0855,0.006,0.3048,0.5497,0.5027,0.2863
45923.91151,-0.1723,0.1111,-0.0698,0.3821,0.1944,0.6924
45923.94166,-0.1844,-0.186,0.2544,1.0056,0.0627,0.9499
45923.97181,0.263,0.1046,0.2001,0.6609,-0.226,0.5794
45924.00196,0.1979,0.1219,0.2195,-0.5976,-0.054,-0.1547
45924.03211,-0.2974,0.0411,0.0677,0.6808,0.2401,0.3326
45924.06227,0.3846,-0.0027,0.5384,0.1719,0.186,-0.0043
45924.09245,-0.374,0.2708,-0.197,0.0036,-0.029,-0.159
45924.1226,0.2753,0.0085,0.1501,0.3557,-0.1009,-0.0372
45924.15275,-0.2404,0.2656,-0.029,-1.1357,-0.0751,-0.1341
45924.18291,-0.0993,-0.126,-0.1947,0.2942,-0.1023,0.0643
45924.21306,0.1936,-0.2803,0.0166,-0.0186,0.1426,-0.1
45924.24321,-0.1323,0.0553,-0.2744,-0.5422,0.0061,-0.398
45924.27336,0.2715,0.0908,-0.135,-0.2514,0.0529,-0.2614
45924.30354,-0.0322,-0.0235,0.0194,-0.0757,0.1596,-0.0347
45924.33369,0.2085,0.1118,0.2085,0.4738,0.2801,-0.247
45924.36384,-0.6063,0.2782,-0.3375,-0.8201,0.3259,-0.2612
45924.394,0.1565,-0.4427,0.4714,1.3438,0.4859,0.4968
45924.42415,-0.3509,0.1752,0.0778,0.4556,0.1467,0.2514
45924.4543,0.2075,0.1671,-0.0916,-0.6545,0.1816,-0.5359
45924.48448,0.4064,0.1023,-0.4207,0.5278,0.0997,-0.6302
45924.51463,-0.3285,-0.0337,0.0123,-0.1916,0.5188,-0.6632
45924.54478,0.27,-0.0874,-0.0301,0.2099,0.3048,-0.244
45924.57493,0.4785,-0.1298,0.0356,0.3357,0.0948,-0.0668
45924.60509,-0.026,0.104,0.0723,-0.4421,-0.0031,-0.6985
45924.63524,-0.6079,-0.0287,-0.0864,-1.039,-0.1322,-0.6189
45924.66542,0.2997,0.3926,-0.2388,-0.4513,-0.5747,-0.9948
45924.69557,-0.5534,-0.7104,0.1908,-0.9553,0.0635,0.1046
45924.72572,0.8694,0.5403,0.4295,0.7577,-0.0808,-1.3008
45924.75587,-1.2536,-1.2651,-0.6624,-3.2064,-0.3799,0.1283
45924.78602,0.1426,1.006,0.6821,-0.1118,-0.1833,0.3274
45924.81618,-0.2416,-0.3497,-0.3407,-0.6051,-0.1895,0.3267
45924.84636,0.9798,-0.1484,0.1371,1.1614,0.6218,-0.0768
45924.87651,-0.352,0.7627,0.7177,-1.6974,0.3311,-0.7607
45924.90666,-0.8968,0.8052,0.0907,-0.1684,0.2039,-0.2067
45924.93681,1.4545,-0.7212,0.095,2.2263,0.1949,0.0894
45924.96696,-1.7428,-0.1762,0.0113,-0.8686,0.0395,0.9548
45924.99711,0.658,1.8001,-0.9857,0.4976,-1.4297,-0.4534
45925.0273,0.2373,-1.0425,-0.2596,0.4591,0.3904,0.7164
45925.05744,-0.2511,0.5382,-0.3781,0.5283,-0.589,1.1648
45925.08759,0.9278,-0.451,0.2694,0.0166,-0.0393,0.5939
45925.11775,-0.6055,0.3746,0.0132,0.7353,0.0403,1.1377
45925.1479,0.8019,-0.3084,-0.0282,-0.355,-0.1824,0.5367
45925.17805,-0.5133,0.6938,-0.0862,-0.6564,0.477,0.3584
45925.20823,-0.4032,-0.1718,0.0544,0.8085,-0.1732,0.8966
45925.23838,-0.0506,-0.0936,0.0896,-0.5601,-0.4872,0.2475
45925.26853,0.0971,0.0234,-0.2216,0.8185,-0.5706,0.238
45925.29868,0.0787,0.1312,-0.1439,-0.759,-0.1101,-0.1146
45925.32884,0.2163,-0.0364,0.297,0.3112,0.2713,-0.0847
45925.35899,0.0276,0.2813,-0.1942,-0.1162,0.1094,-0.1667
45925.38917,-0.3052,0.1883,-0.3879,-0.3918,-0.0312,-0.1917
45925.41932,0.1578,-0.2694,0.0622,0.518,0.0782,0.051
45925.44947,-0.2715,0.2547,0.1759,-0.0602,0.0871,-0.2385
45925.47962,0.1638,-0.2818,0.0698,0.1176,0.1543,-0.1896
45925.50977,0.2887,-0.1359,0.2153,0.6748,0.0421,-0.4197
45925.53993,-0.2534,0.0106,0.1112,-0.8226,0.4504,-0.5287
45925.57011,0.3466,-0.2241,0.1904,0.6132,0.3344,-0.1577
45925.60026,-0.1949,0.016,0.0555,-0.0032,0.4702,-0.2195
45925.63041,0.0131,-0.0589,0.0757,0.0407,0.4804,-0.183
45925.66056,0.1796,0.0567,-0.4722,0.026,0.0025,-0.2636
45925.69071,-0.234,0.0336,-0.1495,-0.8111,0.4026,-0.4136
45925.72087,0.2265,-0.2695,-0.0723,0.2605,0.1875,0.0322
45925.75105,0.4678,-0.242,0.2098,-0.0682,0.005,-0.0808
45925.7812,-0.4981,-0.1586,-0.0185,-0.3587,0.1208,-0.1135
45925.81135,0.3103,-0.0122,-0.1452,-0.3225,-0.265,-0.2682
45925.8415,-0.1038,-0.0678,-0.1565,-1.2664,-0.0906,-0.2724
45925.87165,0.0094,-0.2601,0.2523,-0.1233,0.0759,0.0534
45925.9018,-0.0688,0.1465,-0.4447,-0.6255,-0.2023,-0.3259
45925.93199,-0.0962,-0.1013,-0.448,-0.8968,-0.2411,-0.3971
45925.96214,0.2033,-0.0737,-0.1637,-0.2869,-0.2003,-0.3853
45925.99229,-0.183,0.2273,-0.1324,-0.2044,-0.1425,-0.1323
45926.02244,0.296,0.2836,0.3425,-0.1073,0.0648,-0.2269
45926.05261,-0.2307,0.2848,0.1065,-0.0237,0.0063,-0.1545
45926.08276,-0.0909,0.1835,-0.2732,0.0456,-0.2209,-0.2524
45926.11294,-0.061,-0.3748,0.0753,0.1592,0.1355,0.2135
45926.14309,-0.1121,-0.0544,0.0631,0.5605,-0.0748,0.5665
45926.17324,0.1642,0.1375,-0.1596,0.1375,-0.3149,0.5096
45926.2034,0.0517,-0.2432,-0.1045,0.3705,0.0232,0.7381
45926.23355,-0.0696,0.1228,-0.1454,0.3404,-0.1689,0.742
45926.2637,0.0302,-0.2051,-0.1759,0.4224,-0.1079,0.8281
45926.29388,0.232,-0.027,0.269,0.8931,-0.0222,0.7748
45926.32403,0.1209,0.1078,0.1495,0.0416,-0.0513,0.4537
45926.35418,-0.0537,0.138,0.1096,-0.0052,-0.2528,0.2671
45926.38433,-0.3601,-0.0047,-0.0618,-0.0249,-0.4477,0.5266
45926.41449,0.1939,-0.0145,-0.0302,-0.003,-0.8194,0.1848
45926.44464,-0.3572,0.0518,0.0062,-0.0551,-0.3144,0.2409
45926.47482,0.0639,-0.0994,0.1733,0.7006,-0.3319,0.4086
45926.50497,0.2015,0.0463,0.1719,-0.547,-0.0792,0.0827
45926.53512,-0.0648,0.0476,0.1493,0.2923,0.342,0.0559
45926.56527,-0.1612,0.1765,-0.1509,-0.269,0.0092,0.0698
45926.59542,0.0336,-0.052,0.3526,-0.2295,0.2717,-0.2437
45926.62558,-0.0905,0.1514,0.0746,0.3414,-0.0944,-0.2072
45926.65576,-0.0215,-0.0875,-0.0357,-0.2322,0.1787,-0.3931
45926.68591,-0.066,-0.086,0.246,0.2686,0.2341,-0.2573
45926.71606,0.1077,0.0043,-0.0308,0.2248,0.0858,-0.0702
45926.74621,0.3879,0.0035,-0.0956,-0.5769,0.3131,-0.4556
45926.77636,-0.5427,0.0655,-0.0504,0.6965,0.5034,-0.09
45926.80651,0.2918,-0.1727,0.0836,0.1334,0.3245,-0.2621
45926.83667,-0.1286,0.0669,-0.2691,-0.3945,0.2064,-0.607
45926.86685,0.1628,-0.1781,-0.2391,0.0912,0.0115,-0.5415
45926.897,0.0946,-0.1416,-0.235,-0.5705,0.1826,-0.5924
45926.92715,-0.2015,-0.1586,0.0805,0.2324,0.2485,-0.3021
45926.9573,0.1199,0.001,-0.0972,-0.368,-0.3158,-0.306
45926.98745,0.2676,-0.206,0.2262,-0.2735,0.1849,-0.3428
45927.0176,-0.2051,0.3155,-0.0024,-0.4402,-0.2119,-0.6198
45927.04779,0.1454,0.0441,0.0636,-0.7846,-0.0903,-0.5188
45927.07794,-0.3677,0.1149,-0.0421,-0.7293,-0.3083,-0.3653
45927.1081,0.2106,0.0109,-0.0489,-0.2179,-0.3305,-0.2771
45927.13825,-0.2489,0.445,-0.2933,-0.4543,-0.3363,-0.5384
45927.1684,0.1031,0.1948,0.0754,0.3978,-0.0606,-0.3545
45927.19855,-0.0454,0.3566,0.3015,-0.0135,0.4759,-0.4451
45927.22873,-0.3018,-0.0564,0.1974,0.8254,-0.1237,-0.0015
45927.25888,-0.0597,-0.8995,-0.0677,1.0277,-0.0577,0.3865
45927.28903,-0.3171,-0.1851,0.0301,0.63,0.2737,0.2997
45927.31919,0.202,-0.0524,-0.2761,0.3196,0.002,-0.0621
45927.34934,-0.1476,-0.0041,-0.2608,0.3116,-0.0394,0.2317
45927.37949,0.0994,-0.3358,0.172,0.9658,0.2398,0.841
45927.40967,-0.0175,0.2487,-0.0066,0.4033,0.1682,0.7649
45927.43982,0.2769,-0.0684,-0.2378,0.2548,0.035,0.8215
45927.46997,-0.3612,-0.4489,0.4685,0.6441,0.4157,1.458
45927.50012,-0.1584,0.168,-0.2896,0.4509,-0.586,1.2503
45927.53028,0.5155,-0.0291,-0.9037,-0.507,-0.6545,0.4817
45927.56043,-0.4285,-0.158,-0.4434,0.0175,0.1187,0.6025
45927.59061,0.3521,0.0767,0.173,0.0124,-0.1533,0.3812
45927.62076,-0.4885,0.3602,-0.2584,-0.2421,-0.1731,0.1722
45927.65091,0.3938,-0.423,0.6231,0.0955,-0.1221,0.2875
45927.68106,-0.3932,0.1614,0.1549,0.4669,0.1562,0.0836
45927.71121,-0.0515,0.249,-0.3063,-0.1506,-0.1624,-0.2265
45927.74137,0.2265,-0.1706,0.1432,-0.4739,-0.091,-0.3034
45927.77155,-0.4836,-0.2935,0.2295,0.8445,0.1798,0.4543
45927.8017,0.536,-0.1267,0.1608,-0.427,0.209,0.1823
45927.83185,-0.2468,0.5958,-1.9345,-0.4407,-0.6369,0.192
45927.862,0.1196,-0.4241,0.2558,-0.4864,0.7773,0.041
45927.89215,0.0282,0.1438,0.1319,1.0333,0.0612,0.3296
45927.9223,-0.2719,0.3158,-0.021,-0.3358,0.217,-0.3063
45927.95249,0.1377,0.1939,-0.1871,-0.6685,-0.1215,-0.7307
45927.98264,0.111,-0.138,0.2626,0.6424,0.0596,-0.288
45928.01279,-0.0602,0.3205,-0.0872,-0.5152,0.2711,-0.9457
45928.04294,0.5006,-0.297,0.0741,0.7249,-0.1173,-0.7556
45928.07309,-0.0456,-0.0356,0.0469,-0.2795,0.2454,-0.7724
45928.10324,-0.2944,-0.0154,0.0616,-0.1266,0.0299,-0.7588
45928.13343,0.0938,0.0513,-0.1472,-0.5983,-0.1632,-0.9309
45928.16358,0.1993,-0.0902,0.121,-0.4262,-0.1368,-0.8599
45928.19373,0.1175,0.0749,-0.0277,0.0048,-0.082,-0.552
45928.22388,-0.2312,0.0084,-0.0755,-1.1421,-0.0379,-0.5959
45928.25403,-0.1349,0.0208,-0.2043,-0.5898,-0.1829,-0.5406
45928.28418,0.1215,-0.0543,-0.2548,-0.3582,-0.1114,-0.3708
45928.31436,-0.2906,-0.0799,0.1247,0.1206,0.11,0.2218
45928.34452,0.0324,0.3094,0.1708,0.3677,0.1068,0.2114
45928.37467,0.113,0.2348,-0.2163,0.1412,0.0465,-0.0503
45928.40482,0.1127,-0.2308,-0.0421,0.6379,0.0438,0.3343
45928.43497,-0.2393,0.0509,0.0745,0.1951,0.2138,0.4602
45928.46512,-0.06,0.1697,0.028,0.6999,-0.0336,0.6975
45928.4953,-0.0805,0.0611,-0.4322,0.161,-0.1464,0.5387
45928.52546,0.3486,-0.2864,0.2535,0.9436,0.1772,0.7956
45928.55561,-0.5398,0.4477,-0.3247,-0.124,0.0424,0.6146
45928.58576,0.0662,-0.0267,-0.1658,0.8722,-0.2475,0.7838
45928.61591,0.3544,-0.0699,0.142,0.0055,-0.2957,0.4508
45928.64606,0.0525,-0.1463,0.2422,0.7402,0.1101,0.4173
45928.67624,-0.218,0.1727,0.4455,0.1734,0.0296,0.3957
45928.70639,0.3319,0.0961,-0.1824,-0.4066,-0.6491,0.238
45928.73655,-0.1521,-0.2093,-0.0206,-0.1663,-0.0052,0.2377
45928.7667,-0.1869,0.2563,-0.2646,0.8592,-0.292,0.2444
45928.79685,0.2032,-0.0158,-0.2497,-1.2459,-0.3036,-0.0504
45928.827,-0.0482,0.0347,-0.0328,0.3911,0.0355,0.15
45928.85718,0.3046,-0.1038,0.7534,-0.1336,0.4432,0.0818
45928.88733,-1.533,0.1937,-0.0411,0.3445,0.7275,0.5316
45928.91748,1.0398,0.1273,0.5473,0.1781,-0.8117,-0.4909
45928.94764,-0.2479,0.1683,-0.6543,-1.4742,0.8361,-0.9021
45928.97779,-0.4252,0.414,-0.3521,1.1228,0.3038,-0.5915
45929.00794,0.2451,-0.58,0.5152,0.4884,0.4231,0.0845
45929.03809,0.301,-0.1796,0.7542,0.6588,0.3358,-0.2357
45929.06827,-0.1636,0.4179,-0.4752,-1.3891,0.492,-0.9238
45929.09842,-0.4594,-0.0393,0.3469,1.9151,0.2973,0.0084
45929.12857,0.6145,-0.0231,0.1428,-1.0395,0.1098,-0.7112
45929.15872,-0.3969,0.0481,-0.2903,-0.104,0.2124,-0.7521
45929.18887,-0.2178,-0.3589,0.1074,0.2022,0.3326,-0.0791
45929.21902,0.2416,-0.1954,0.1829,0.2451,-0.1632,0.2595
45929.24921,0.884,0.3192,-0.0262,-0.921,-0.4784,-1.0182
45929.27936,-0.5986,-0.6534,0.4444,-1.1718,0.7276,-0.5218
45929.30951,-0.2041,0.0408,0.5393,0.6442,0.1457,-0.0746
45929.33966,0.1174,0.0013,-0.7705,-1.1365,-0.2827,0.105
45929.36981,0.2722,0.1554,-0.4724,0.3987,-0.2476,-0.3441
45929.39996,-0.3011,0.0775,-0.1561,-0.3002,-0.0306,-0.1905
45929.43015,-0.1211,0.1897,0.1934,0.6748,0.144,0.1715
45929.4603,-0.6029,-0.7768,-0.0686,-1.0732,0.0066,0.7436
45929.49045,0.7316,0.8297,-0.314,1.4889,-0.4278,0.1297
45929.5206,-0.2267,0.0043,-0.3693,-2.2312,0.3975,-0.3908
45929.55075,-0.5957,0.5351,-0.1215,1.3257,0.1913,0.3096
45929.5809,0.4318,-0.5918,-0.0969,-0.2706,-0.2676,0.6046
45929.61108,-0.2043,-0.0078,-0.06,0.3012,-0.0738,0.441
45929.64124,0.1871,0.4159,-0.3947,-0.4066,-0.1189,0.1671
45929.67139,-0.3158,-0.2125,-0.3775,1.4776,-0.3397,1.2181
45929.70154,0.2339,0.1625,-0.1519,-1.317,-0.238,0.4174
45929.73169,0.7039,0.2368,-0.1102,0.9402,-0.5226,-0.1637
45929.76184,-1.1374,0.1202,-0.087,-0.0739,-0.1167,0.2402
45929.79202,0.5989,-0.0319,0.0329,0.5533,-0.5266,0.4123
45929.82217,-0.2772,0.2419,0.0784,-1.1628,-0.499,0.0467
45929.85233,0.0465,0.2197,-0.1593,0.4857,-0.2461,-0.1397
45929.88248,0.0009,0.0164,0.0413,-0.3191,-0.1098,-0.144
45929.91263,0.0576,-0.4449,0.5057,1.2484,0.0616,0.6112
45929.94278,0.2652,0.444,-0.1033,-1.3893,-0.0759,-0.4724
45929.97296,-0.5317,0.0982,-0.1277,0.0366,0.3957,-0.4639
45930.00311,-0.5741,-0.3551,0.8861,1.0923,0.4685,0.2194
45930.03326,0.4328,-0.1428,-0.7248,-0.2622,-0.8755,-0.0406
45930.06343,0.8587,0.1232,-0.2652,-0.3728,0.0357,-0.8104
45930.09358,-0.3636,0.0582,-0.1386,0.0748,0.6413,-0.4748
45930.12373,-0.1816,-0.1115,-0.1439,0.8116,0.3417,-0.1146
45930.15391,0.7477,-0.1605,0.5267,-0.8928,0.2719,-0.4596
45930.18407,-0.6469,0.1776,-0.2509,-0.8254,0.5339,-0.7196
45930.21422,-0.2925,-0.1064,0.1116,1.3018,0.2602,-0.0921
45930.24437,0.2197,-0.4761,0.2277,0.0106,-0.3446,0.5809
45930.27452,0.2028,0.0424,-0.0313,-1.388,0.0121,-0.3851
45930.30467,-0.255,0.4778,-0.6512,-0.7131,-0.241,-0.8835
45930.33485,0.2838,-0.3495,-0.011,-0.3549,0.1665,-0.3998
45930.365,-0.1697,-0.1551,0.2279,-0.9061,0.1231,-0.0543
45930.39516,0.0518,0.2328,0.0405,-0.2086,-0.0277,-0.2053
45930.42531,-0.2547,0.2722,-0.2734,-1.3551,-0.0764,-0.42
45930.45546,-0.0391,0.0139,-0.2522,0.5252,-0.2925,-0.2641
45930.48561,0.2861,-0.0057,-0.2221,-0.2725,-0.1972,-0.55
45930.51579,-0.1147,-0.0672,0.5762,0.2406,0.3292,-0.3978
45930.54594,-0.3668,0.3101,-0.0212,-0.5119,0.119,-0.042
45930.57609,0.1736,-0.0974,-0.0581,1.3653,0.1808,0.4144
45930.60625,-0.073,0.1457,-0.4127,0.1161,-0.0923,-0.0374
45930.6364,-0.2212,-0.266,0.1885,0.237,0.317,0.5048
45930.66655,-0.0254,0.5145,-0.5175,0.0796,-0.5317,0.2245
45930.69673,0.3402,-0.7076,0.0531,0.1522,0.1368,0.6745
45930.72688,-0.1615,0.2522,0.4987,0.8617,0.1807,0.8052
45930.75703,0.1241,-0.1854,-0.2963,1.3016,-0.1544,1.0952
45930.78718,-0.3282,0.1682,-0.3306,-0.0156,-0.0134,0.7406
45930.81734,0.2552,-0.0127,0.1925,0.0957,-0.0293,0.3117
45930.84749,-0.2469,-0.1165,0.447,0.6114,-0.0857,0.5622
45930.87767,0.6766,0.1407,0.1369,-0.5329,-0.5838,-0.1927
45930.90782,-0.9378,0.2649,0.0409,-0.2998,-0.0456,-0.3478
45930.93797,0.0013,0.009,-0.1171,0.7978,-0.2815,0.3193
45930.96812,0.5578,-0.0672,0.2312,-0.6848,-0.251,-0.0129
45930.99827,-0.555,0.3322,-0.4005,0.4102,0.341,-0.037
45931.02843,-0.2995,-0.0312,0.0817,0.2952,0.2518,0.3012
45931.05861,-0.3775,-0.1065,-0.1479,-0.0888,0.0322,0.3472
45931.08876,-0.3167,-0.0126,0.0449,-0.3169,0.2745,0.0439
45931.11891,0.9707,0.3318,-0.1219,0.1941,-0.0757,-0.3559
45931.14906,-0.7086,-0.0029,0.1189,-0.2678,0.9169,-1.0647
45931.17921,-0.1046,0.0693,-0.544,0.3358,-0.256,-0.325
45931.20936,1.0438,-0.1731,-0.5777,-1.4096,0.0292,-0.8578
45931.23954,-0.5102,0.2985,0.0871,1.2862,1.058,-0.4049
45931.2697,0.4251,0.5192,-0.55,-1.6243,-0.2381,-1.3232
45931.29985,-0.5471,-0.8672,0.5299,-0.0939,0.0097,-0.4605
45931.33,0.7513,0.0175,0.1192,-0.4367,0.1598,-0.6267
45931.36015,-0.7829,0.2592,0.0445,0.255,0.1658,-0.2482
45931.3903,0.1213,-0.2671,-0.1568,0.0253,-0.3771,0.3079
45931.42045,0.4221,-0.1384,0.2196,-2.0215,0.0059,-0.2715
45931.45063,-0.2474,0.0495,0.0022,0.3476,-0.0721,-0.0209
45931.48079,0.0804,-0.0999,0.2741,-0.9463,0.3483,0.1592
45931.51094,0.013,-0.0283,0.0216,0.3346,0.3895,0.1151
45931.54109,0.1948,-0.2464,-1.3543,-0.6784,-0.0221,-0.2315
45931.57124,-0.2943,0.0665,-0.5185,-0.1798,-0.2731,0.0635
45931.60139,-0.005,0.0057,0.6125,-0.2225,-0.0963,0.0092
45931.63157,-0.0528,0.0997,-0.0861,0.6155,-0.0635,0.0918
45931.66172,0.661,0.1578,0.1104,-0.1708,-0.0738,-0.5361
45931.69188,-0.4785,-0.5634,0.2015,-0.9392,0.0926,-0.277
45931.72203,-0.4269,-0.1748,0.5968,1.5782,-0.1778,1.0537
45931.75218,0.3736,-0.0472,0.2266,-0.5271,-0.0994,0.705
45931.78233,-0.4806,0.1792,-0.8741,0.4256,-0.2952,0.5647
45931.81251,-0.4092,0.1467,-0.2519,0.6446,-0.4825,1.1176
45931.84266,1.0642,-0.2778,0.5126,0.3091,-0.8942,0.4456
45931.87281,-0.2769,0.0327,-0.0644,0.1083,1.2044,-0.2053
45931.90297,-0.9326,0.3625,0.2717,1.6701,0.4826,0.2694
45931.93312,0.5594,-0.2626,0.2513,-1.1906,-0.917,0.2906
45931.96327,-0.2419,0.1704,0.1263,-0.1186,-0.3666,-0.0665
45931.99345,-0.2674,0.5864,-0.3692,0.3536,-0.6037,-0.4057
45932.0236,0.0929,-0.563,0.5062,0.0894,-0.4347,0.2477
45932.05376,0.798,-0.2523,0.3884,-1.1797,0.1163,-0.29
45932.08391,-0.5498,0.5896,-0.8749,0.443,0.1572,-0.3774
45932.11406,-0.0072,-0.029,-0.1847,1.096,0.2683,0.4617
45932.14422,0.1175,-0.1107,-0.1267,-0.6878,-0.2917,0.1729
45932.1744,-0.0088,-0.5094,0.7676,0.2935,0.2979,-0.0578
45932.20455,-0.0481,0.2049,0.0271,0.8479,0.4421,-0.1373
45932.2347,-0.018,-0.1497,0.0189,-1.4279,0.0725,-0.7751
45932.26485,0.1486,-0.0662,-0.2425,-0.0138,0.1534,-0.6144
45932.295,-0.5536,-0.0894,0.2951,-0.0098,0.3919,-0.004
45932.32515,0.2319,-0.0747,0.2933,1.1371,-0.0135,0.4137
45932.35534,0.4587,0.4088,-0.4519,-1.2894,0.5197,-0.5031
45932.38549,-0.5811,-0.0081,-0.7281,0.428,0.0337,-0.5976
45932.41564,0.6349,-0.2197,0.5497,-1.0344,0.4828,-0.594
45932.44579,-0.8455,-0.3702,0.6365,0.0424,0.2152,0.0268
45932.47594,0.7643,0.2786,0.111,-0.5312,-0.0715,-0.3098
45932.50609,-0.5168,0.0317,-0.3478,-1.6871,-0.4063,-0.364
45932.53627,0.522,-0.1323,0.2049,-0.5641,-0.4167,-0.9017
45932.56643,-0.764,-0.359,-0.3734,-1.6107,-0.4259,-0.3587
45932.59658,0.3712,0.2411,0.4988,0.6016,0.2861,0.0473
45932.62673,-0.5265,0.5718,-0.8156,-1.5453,-0.1291,-0.396
45932.65688,0.2157,-0.265,0.6151,1.4819,0.2517,0.5969
45932.68703,-0.0825,0.0416,0.456,0.0675,-0.0117,0.0882
45932.71721,-0.3753,-1.0676,0.8271,1.2619,0.4818,1.1887
45932.74736,0.7507,1.447,-0.8282,1.7542,-0.2265,0.0278
45932.77752,0.7363,-0.9861,-0.5781,-2.0032,0.7949,-0.9084
45932.80767,-1.3703,0.8768,-0.086,2.1695,0.2692,0.6963
45932.83782,0.4005,-0.3018,-0.3252,-0.1362,-0.18,0.6568
45932.86797,0.2523,-0.1068,-0.1166,0.6876,-0.4529,0.8045
45932.89815,-0.4843,0.3081,0.0743,-0.3338,0.2152,0.3076
45932.9283,-0.6736,-0.4536,0.4005,2.1294,-0.0082,1.5049
45932.95845,1.9023,-0.3406,0.2793,-2.5807,-0.0694,-0.275
45932.98861,-1.2576,0.4007,-0.1309,-0.0325,-0.175,-0.85
45933.01876,0.2948,-0.2867,0.4287,1.7054,0.0768,0.229
45933.04892,0.272,-0.3556,0.5238,-0.7607,-0.3134,0.7727
45933.0791,0.0446,0.4469,-0.4761,-1.0462,0.0482,-0.5908
45933.10926,-1.1643,0.8638,-1.3833,1.6011,-0.5254,-0.0462
45933.13941,0.4136,-0.2244,0.0543,-0.8439,-0.1048,-0.0377
45933.16956,-0.4248,0.0375,-0.0193,-1.3786,0.1014,-0.4818
45933.19971,0.1211,0.19,-0.2294,0.6394,0.2541,-0.3165
45933.22986,-0.0997,-0.2713,0.1244,-0.2269,0.1273,0.1156
45933.26004,0.144,-0.278,0.0489,-0.5993,0.5182,-0.2702
45933.29019,-0.5752,0.199,-0.637,1.3576,0.1704,0.3758
45933.32035,0.3538,-0.1399,0.1402,-0.1842,0.1752,0.269
45933.3505,0.6739,0.1888,-0.2518,-0.6182,-0.1746,-0.4743
45933.38065,-0.3435,-0.0199,-0.1698,-0.3744,0.2966,-0.6876
45933.4108,0.0062,-0.4282,0.1498,0.3852,-0.2799,-0.1219
45933.44098,0.116,-0.0514,-0.2409,-1.1612,-0.0982,-0.3386
45933.47113,-0.1606,0.1009,0.0082,-0.7562,-0.174,-0.3108
45933.50128,-0.0103,0.2278,-0.5067,-1.9341,-0.5513,-0.727
45933.53144,0.3731,-0.4505,-0.0331,-0.9729,-0.5225,-0.4356
45933.56159,-0.0217,-0.2271,0.5151,-0.7218,0.1134,-0.3493
45933.59174,-0.203,0.0869,0.4075,0.2595,0.3109,-0.0685
45933.62192,0.0085,0.3929,-1.1376,-0.1551,-0.2902,-0.4532
45933.65207,0.069,-0.2528,-0.6129,0.0173,0.291,-0.1085
45933.68222,-0.2851,0.3474,0.1918,0.2135,0.1408,0.1869
45933.71237,0.1113,-0.1125,0.2689,0.4229,0.0346,0.4238
45933.74253,-0.1152,0.0209,0.1853,0.7298,-0.1326,0.4561
45933.77268,0.1989,0.2473,-0.2129,-0.5253,0.0995,0.176
45933.80286,-0.1178,0.0088,0.1103,0.4128,0.1178,0.6202
45933.83301,0.0219,0.0179,-0.283,0.9628,-0.2821,0.2799
45933.86316,0.2032,-0.1714,-0.0099,-0.1254,0.2018,-0.0912
45933.89331,-0.5521,0.0117,0.2727,0.4525,0.3505,0.453
45933.92346,0.3426,-0.0242,0.1791,0.5426,-0.554,0.1993
45933.95362,0.1097,-0.2358,-0.2528,-0.835,0.4442,-0.3865
45933.9838,0.3961,0.0068,0.2169,-0.6429,-0.1916,-0.4777
45934.01395,0.1017,-0.178,0.1822,0.2303,0.0151,-0.0536
45934.0441,-0.4015,-0.2828,0.4873,-0.5733,0.7079,0.7591
45934.07424,-1.5278,-1.5103,1.7022,2.1448,0.6764,2.3143
45934.10439,1.7365,-2.6433,1.0102,0.1628,0.0841,-0.7634
45934.13454,-1.4728,-0.6112,-1.32,1.6049,-0.6677,0.9838
45934.16473,1.3279,-0.8127,-0.0756,0.1229,0.8993,-0.106
45934.19488,-0.4862,0.2522,-0.6826,2.0261,0.1496,0.6268
45934.22503,1.7189,-0.0603,-0.3692,-3.2826,0.6739,-1.403
45934.25518,-0.8761,0.2796,0.3994,2.4257,-0.4637,1.0313
45934.28533,0.4641,-0.2123,0.5139,-3.3619,0.5878,-0.5898
45934.31548,-1.2181,0.536,0.4752,1.998,-0.4058,0.9766
45934.34566,0.5167,0.3321,-1.2872,-0.7429,-1.1347,-1.0678
45934.37582,0.7567,-0.9395,-0.686,0.7987,-1.0186,-1.1569
45934.40597,0.1476,0.0094,0.7753,-1.5326,0.8416,-0.2187
45934.43612,1.1385,0.3748,1.9022,0.8597,-0.6085,-0.3708
45934.46627,-1.0726,-0.0333,-0.2705,-0.469,0.577,-0.0503
45934.49642,-0.4294,-0.046,-0.1199,0.0321,-0.4131,0.2435
45934.5266,1.3462,0.1097,-0.0768,-0.6811,-0.195,-0.42
45934.55675,-1.0207,-0.3934,0.2516,1.1386,-0.1031,0.5606
45934.58691,-0.1918,1.3795,-1.5108,0.4013,-1.1414,-1.3562
45934.61706,0.5368,-0.9319,-0.4489,-3.109,0.2437,-1.7343
45934.64721,-0.4427,-0.2662,1.063,2.3339,0.555,1.9703
45934.67736,-0.2274,0.5683,0.0788,0.3947,-0.4286,1.0631
45934.70754,0.3658,-0.7454,-0.2091,-0.2145,-0.4797,0.6598
45934.73769,0.4183,-0.3495,-0.0664,0.1866,0.1744,0.6182
45934.76785,-0.5328,-0.2307,0.2524,1.5487,0.6399,0.9721
45934.798,0.2347,0.0777,-0.1494,-0.0155,0.1823,0.035
45934.82815,0.0054,-0.2354,0.1428,0.1804,0.2988,-0.1093
45934.8583,-0.0105,0.488,0.3358,0.2496,0.4201,0.0703
45934.88848,-0.37,0.3456,-0.1576,-0.4174,-0.4647,-0.1928
45934.91863,0.0069,-0.3285,0.1699,0.2109,-0.2757,0.0062
45934.94878,-0.0846,0.1777,0.1486,0.4826,-0.2278,-0.1599
45934.97894,0.005,-0.0452,0.0011,0.2458,-0.2227,-0.2885
45935.00909,0.583,0.071,0.2662,-0.1968,0.454,-0.3899
45935.03924,-0.3417,0.006,0.436,-0.3364,0.1602,0.0559
45935.06943,0.662,-0.2426,0.075,-0.1153,-0.1267,0.3299
45935.09958,-0.3133,0.1512,-0.0927,0.0433,0.2462,0.1864
45935.12973,-0.0814,-0.0285,-0.3121,0.3448,0.052,0.2763
45935.15988,-0.2825,0.3352,-0.2141,-0.3001,0.0176,-0.0468
45935.19004,0.3783,0.0215,-0.4202,-0.2801,-0.4356,-0.0009
45935.22019,-0.2372,-0.14,0.15,0.0753,-0.0683,0.0857
45935.25037,-0.1653,-0.346,0.5252,0.857,0.1289,0.5631
45935.28052,0.7428,0.3678,0.0525,-1.7087,-0.6982,-0.624
45935.31067,-0.7835,-0.1836,-0.3779,0.6267,0.1808,-0.0294
45935.34082,0.3016,-0.2404,0.1168,0.0364,0.071,0.3733
45935.37097,-0.0414,0.1804,-0.3021,-0.551,-0.0272,-0.0421
45935.40113,-0.3843,0.2445,-0.5978,-0.1053,0.1977,-0.12
45935.43131,0.0363,0.1072,-0.2578,-0.1604,0.1961,-0.3394
45935.46146,0.2782,-0.3139,0.1366,0.4111,0.2033,0.1149
45935.49161,-0.2738,0.1397,0.1415,0.3124,0.1252,-0.1265
45935.52176,-0.0292,0.2541,-0.2665,-0.0024,-0.1163,-0.3608
45935.55191,0.2781,-0.1319,0.0768,0.1195,0.3476,-0.3486
45935.58206,-0.4585,0.1115,-0.108,0.1318,0.1306,-0.3277
45935.61225,0.2194,-0.0697,-0.0593,-0.1478,0.0727,-0.2569
45935.6424,0.2129,0.0443,-0.0322,-0.0953,0.017,-0.2722
45935.67255,-0.1781,0.0249,0.0304,0.3182,0.0257,-0.2695
45935.7027,-0.1275,0.0105,-0.0376,-0.0488,0.0582,-0.2323
45935.73285,0.1933,-0.0225,0.0449,-0.3379,-0.1006,-0.3975
45935.763,0.1552,-0.0796,0.2172,-0.2385,0.1314,-0.5111
45935.79318,-0.3857,0.0058,0.1566,-0.7065,0.1795,-0.1691
45935.82334,-0.0648,0.215,-0.0838,0.6343,-0.0157,0.1264
45935.85349,0.2064,-0.1042,0.287,0.3338,0.3878,-0.1191
45935.88364,-0.2723,0.3095,-0.0144,0.3054,0.2656,-0.5276
45935.91379,0.0142,-0.0364,-0.0451,0.1902,0.019,0.0384
45935.94394,-0.1346,-0.3348,0.3504,0.7006,0.2826,0.3512
45935.97412,0.2576,0.4304,0.3346,0.2721,0.1765,-0.262
45936.00427,-0.4614,0.3742,-0.4334,-0.1813,-0.0664,0.1356
45936.03443,0.1397,-0.044,-0.4684,0.4657,-0.265,0.3222
45936.06459,-0.2572,-0.2052,-0.0141,0.2862,0.1706,0.4739
45936.09474,0.0947,0.2417,-0.0121,1.0517,-0.1531,0.2639
45936.12489,-0.0626,-0.1545,-0.1218,-0.3116,0.0019,0.0825
45936.15507,0.1786,-0.1389,0.2615,0.3662,-0.1037,0.2302
45936.18522,0.369,-0.1273,0.3457,0.3219,0.2132,0.1352
45936.21537,-0.4396,0.0602,-0.5373,-0.3249,-0.1537,-0.1208
45936.24553,0.5028,0.0573,-0.2,-0.4133,-0.2016,-0.2486
45936.27568,-0.2382,0.342,-0.4909,-0.7568,-0.016,-0.4647
45936.30583,0.1828,-0.3253,0.3027,0.4467,0.2516,0.0565
45936.33601,-0.008,0.2784,0.1449,-0.6743,0.0428,-0.5252
45936.36616,-0.0349,-0.0888,-0.5239,-0.2978,0.0281,-0.3526
45936.39631,0.1507,0.0449,0.1212,-0.3859,0.0225,0.0879
45936.42646,0.0322,0.1204,-0.2763,-0.7647,-0.258,0.3089
45936.45662,0.0939,-0.0885,0.003,0.3639,0.005,0.4289
45936.48677,0.1644,0.4909,-0.6268,-0.7002,-0.5828,0.1129
45936.51695,-0.0606,-0.4759,-0.7838,0.2531,-0.1631,0.7355
45936.5471,0.0564,0.0097,-0.2235,-0.2074,0.0731,0.3955
45936.57725,0.2026,0.0618,-0.6958,-0.863,0.2348,0.3017
45936.6074,0.1093,-0.1206,0.0218,0.1029,0.1618,0.1548
45936.63755,-0.2936,-0.0182,-0.0658,-1.091,-0.3821,-0.2593
45936.66771,0.2428,-0.2047,-0.2327,-0.3212,0.1278,0.2642
45936.69789,0.0631,0.246,0.1112,-1.1669,-0.1488,-0.263
45936.72804,-0.377,-0.0408,0.2405,-0.3695,-0.0356,-0.1884
45936.75819,0.3086,-0.4013,0.2813,-1.0207,-0.3473,-0.4002
45936.78834,-0.1743,-0.0577,-0.2415,-0.2436,-0.0934,0.0669
45936.81849,-0.1384,0.2481,0.0069,-0.5653,-0.1675,0.0413
45936.84864,0.0663,-0.1216,-0.2328,-0.2491,-0.1161,0.1127
45936.87883,0.4107,-0.2147,0.2252,-0.5266,-0.1061,-0.079
45936.90898,-0.4481,0.3174,-0.6281,-0.1431,0.0499,-0.3629
45936.93913,0.3615,0.0284,-0.4987,-0.2989,0.1805,0.0315
45936.96928,-0.0354,-0.0202,-0.0019,0.2479,0.1926,0.0793
45936.99943,-0.1433,-0.3618,0.023,0.1481,0.2887,0.1505
45937.02958,0.0483,-0.0491,0.1824,-0.3972,-0.0562,-0.1255
45937.05977,-0.4572,-0.0027,-0.1277,-0.2396,-0.1805,-0.0065
45937.08992,0.1308,0.198,-0.7413,-0.0587,0.0719,-0.0332
45937.12008,0.032,-0.1174,0.2725,0.0939,0.1222,-0.1589
45937.15023,0.0462,-0.0647,-0.1154,0.1244,0.1261,0.0423
45937.18038,-0.1299,0.0494,0.1178,0.5462,0.1352,-0.0266
45937.21053,0.0005,-0.1247,0.1922,0.6289,0.2429,0.1026
45937.24071,0.041,0.2907,0.1034,0.2464,0.0226,-0.0567
45937.27086,0.1381,-0.1032,0.0948,0.8086,0.1289,0.0967
45937.30101,-0.0491,-0.182,-0.118,1.3608,0.4267,0.0579
45937.33117,0.1014,0.0808,0.0223,0.5289,0.4633,-0.3739
45937.36132,-0.6142,-0.2626,0.0743,1.3842,0.4671,0.2251
45937.39147,0.7598,0.1623,-0.0073,0.0802,0.1241,-0.4391
45937.42165,-0.5641,-0.2108,0.0225,1.5031,0.415,0.2698
45937.4518,0.2802,-0.4519,0.0745,1.0911,0.4118,0.0713
45937.48195,-0.4212,-0.0866,-0.0183,0.7117,0.2464,-0.0053
45937.5121,0.4939,0.013,0.1634,0.2078,0.042,0.1113
45937.54226,-0.1649,-0.0982,0.1151,0.544,0.142,0.2494
45937.57241,0.4639,-0.0027,0.1496,-0.3459,-0.1334,-0.11
45937.60259,0.0298,0.0011,-0.157,0.11,-0.0261,-0.1942
45937.63274,0.0154,-0.2367,0.3375,0.4045,0.1152,0.0372
45937.66289,-0.1261,0.2109,0.0337,-0.3506,-0.2125,0.0584
45937.69304,0.55,-0.0616,-0.2545,-0.6969,-0.3059,-0.2604
45937.72319,0.1694,-0.73,-0.0293,0.6143,0.2073,0.0072
45937.75335,0.1162,-0.2112,0.4875,0.9723,0.2527,0.1545
45937.78353,0.2778,0.1909,0.0429,-0.0416,0.0555,0.0191
45937.81368,-0.0157,-0.1752,0.0697,-0.0445,0.0056,-0.0241
45937.84383,-0.0461,-0.4353,0.266,0.7261,0.1205,0.2954
45937.87398,0.2792,-0.1682,0.2133,0.5931,0.0386,0.0166
45937.90413,-0.113,-0.1805,-0.0899,0.2189,0.0386,-0.0459
45937.93428,-0.1849,-0.0861,-0.0521,0.1183,0.015,-0.1083
45937.96447,0.0561,-0.0487,0.1263,-0.1955,-0.0294,-0.1229
45937.99462,0.4929,-0.0269,0.0049,-0.5434,-0.227,-0.1997
45938.02477,0.0007,-0.5065,-0.1109,0.2693,0.2722,0.1323
45938.05492,0.0302,-0.1967,0.0245,0.3496,0.2239,0.1107
45938.08508,0.0775,-0.0266,0.0074,-0.547,-0.1866,0.1717
45938.11523,0.0097,-0.6993,0.3034,0.617,0.2194,0.4426
45938.14541,0.1531,0.2041,-0.2271,-0.0725,0.1914,-0.1735
45938.17556,-0.0242,0.2381,-0.0745,-0.9031,-0.0574,-0.3914
45938.20571,-0.0526,-0.292,0.0363,-0.1779,-0.117,0.0401
45938.23586,-0.0396,-0.0931,0.0526,-0.3104,-0.0827,0.114
45938.26601,0.4194,-0.2934,-0.1463,-0.4871,-0.159,0.1453
45938.29617,-0.0543,-0.3275,0.0392,-0.0291,0.0756,0.2043
45938.32635,0.0825,-0.1732,-0.2542,0.0944,-0.0156,0.177
45938.3565,-0.18,-0.5263,0.0678,0.3627,0.2321,0.161
45938.38665,0.4389,-0.0006,0.0434,-0.1662,0.0559,0.0403
45938.4168,0.0683,-0.1438,0.0399,0.0584,0.0049,0.1664
45938.44695,-0.1234,-0.0796,0.2594,-0.2343,0.0036,0.2495
45938.4771,0.3167,-0.2747,-0.0668,-0.212,-0.1936,0.3486
45938.50729,-0.3761,-0.2008,0.1434,0.1413,-0.0202,0.5225
45938.53744,0.3487,0.243,-0.3647,-0.4733,-0.2881,-0.0461
45938.56759,-0.0194,-0.3905,0.1611,0.2098,0.0377,0.1006
45938.59774,0.0206,-0.0617,-0.1239,0.1866,-0.0973,0.0289
45938.62789,0.1187,-0.0071,-0.0597,0.0647,0.1189,0.0475
45938.65804,0.0771,0.1121,-0.014,-0.2782,-0.16,0.153
45938.68823,0.4648,-0.0366,0.0323,-0.299,-0.0701,-0.0196
45938.71838,-0.0294,-0.3759,0.2731,0.5772,0.0133,0.4688
45938.74853,-0.0849,0.1352,-0.1854,0.2278,-0.0409,0.0219
45938.77868,-0.2353,0.0763,0.0922,-0.1889,-0.2938,-0.0393
45938.80883,0.5635,0.0366,-0.261,-0.34,-0.4369,-0.4182
45938.83898,-0.0497,-0.5937,0.1851,0.8476,0.2227,-0.0726
45938.86916,0.1289,-0.1724,0.3158,0.7802,0.1546,0.1139
45938.89932,0.5333,0.1465,0.0881,-0.0115,0.1488,-0.2305
45938.92947,-0.3891,0.0776,0.1753,0.3299,0.1681,0.168
45938.95962,0.0502,-0.0167,-0.0745,-0.0718,0.0256,0.0413
45938.98977,-0.1916,-0.1053,0.2237,-0.1336,-0.1964,0.2192
45939.01992,0.2089,-0.1701,0.0893,-0.2027,-0.157,0.1242
45939.0501,-0.2395,-0.2389,0.1408,0.1587,-0.0244,0.3396
45939.08027,1.9497,-0.2983,-0.0762,0.7506,0.0402,-0.3479
45939.11042,-2.0174,-0.5325,0.8232,1.0761,1.0619,0.8078
45939.14057,1.0493,0.6223,-0.4243,-0.4471,-0.0377,-0.4688
45939.17072,-0.2476,0.0942,-0.1113,-0.8434,-0.2613,0.0382
45939.20088,0.2544,-0.3426,0.1574,-0.0962,-0.0917,0.1858
45939.23106,-0.0725,-0.0995,0.1026,0.0064,0.179,0.2147
45939.26121,-0.1101,-0.2841,0.0108,-0.1175,0.0914,0.1305
45939.29136,0.9147,0.2089,-0.1521,0.6524,0.0993,-0.322
45939.32151,-0.7299,0.2398,0.012,-1.4012,-0.7787,-0.1322
45939.35166,0.1863,-1.3447,0.8611,1.404,0.2687,0.8333
45939.38181,0.144,0.6123,-0.5301,0.4424,-0.0474,-0.1222
45939.412,0.2542,-0.0333,0.1574,-0.7722,-0.268,0.035
45939.44215,0.2799,-0.0743,0.0413,0.0521,-0.0239,0.3277
45939.4723,0.3101,-0.0986,0.123,0.2947,0.1268,0.3099
45939.50245,0.1049,-0.3233,0.2838,0.3721,0.3178,0.443
45939.5326,-0.3962,-0.2015,0.1897,0.2417,0.0916,0.5064
45939.56275,0.0564,-0.1518,0.2106,-0.2949,-0.2485,-0.0274
45939.59293,0.1499,-0.2952,0.2177,0.4172,0.0166,0.0782
45939.62309,0.2869,-0.1406,0.0879,-0.2362,-0.2797,-0.2029
45939.65324,0.4492,-0.4016,0.0781,0.1525,-0.0436,-0.1632
45939.68339,0.188,-0.2899,0.2505,0.1853,-0.0781,0.1949
45939.71354,-0.1368,-0.5327,0.4613,0.4903,0.1147,0.5496
45939.74369,0.0423,-0.3721,0.3182,0.6409,0.1231,0.2921
45939.77387,-0.0913,0.0923,0.1147,1.0624,0.2795,0.2446
45939.80402,-0.1898,0.2477,0.2453,0.8647,0.2116,-0.0064
45939.83418,-0.3697,0.2987,0.2137,0.3594,0.0789,0.0615
45939.86433,0.3427,0.3801,-0.2012,-0.3178,-0.313,-0.2792
45939.89448,0.4234,-0.1341,-0.12,-0.4777,-0.2508,-0.5325
45939.92463,0.0833,-0.2614,0.2702,-0.2317,-0.1706,-0.2192
45939.95481,0.0698,-0.431,0.5358,0.7338,0.1867,0.1355
45939.98496,0.2226,-0.1592,0.057,0.8037,0.3965,-0.1484
45940.01511,-0.2037,0.3459,-0.1298,0.6982,0.3466,0.0393
45940.04527,0.2186,0.093,-0.1452,-0.0139,0.0902,-0.4138
45940.07543,0.0995,-0.3261,0.2323,-0.0045,0.061,-0.368
45940.10558,0.2728,-0.2376,0.2932,0.5013,0.2596,-0.2268
45940.13576,0.0562,0.1424,0.0953,-0.0804,-0.041,-0.3999
45940.16591,0.1275,-0.3435,0.1116,-0.0441,0.0266,-0.3052
45940.19606,0.0701,-0.2998,0.1274,-0.8688,-0.0723,-0.5947
45940.22622,0.2421,-0.2333,-0.3088,-0.5652,-0.1843,-0.1812
45940.25637,0.3386,-0.6843,-0.0951,-0.4294,0.2775,-0.1691
45940.28652,0.3212,0.1227,0.1465,-0.1733,0.1154,-0.0683
45940.3167,0.1962,-0.3556,-0.0448,0.1414,0.5446,0.0625
45940.34685,0.3418,-0.1072,0.1918,0.0311,0.5528,-0.1375
45940.377,0.4534,-0.0999,0.0652,-0.2186,0.4598,0.0604
45940.40715,0.1534,-0.0488,0.1038,-0.1372,0.2897,0.2122
45940.43731,0.0123,-0.2649,0.2162,-0.3191,0.2726,0.338
45940.46746,0.0757,-0.0377,0.0734,-0.155,0.2256,0.2202
45940.49764,0.0156,0.0014,0.1186,-0.9574,0.1741,0.3536
45940.52779,0.2467,-0.1292,0.014,-0.1561,0.4514,0.3257
45940.55794,0.1424,-0.1227,0.0797,-0.1864,0.699,0.2119
45940.58809,0.1335,-0.1006,0.1734,0.4133,0.6184,0.5009
45940.61824,0.162,0.0107,0.2065,-0.1333,0.9072,0.3419
45940.6484,0.2169,-0.0474,-0.0116,0.03,0.758,0.3442
45940.67858,-0.3688,0.0192,-0.3715,0.155,0.2889,0.6136
45940.70873,-0.1939,0.1291,-0.3553,0.1341,-0.0592,0.4506
45940.73888,-0.0833,-0.221,-0.1031,-0.0155,-0.8801,0.4892
45940.76903,-0.1002,0.0132,-0.1786,0.2689,-1.6735,0.2536
45940.79918,-0.1032,-0.3526,-0.2357,-0.3107,-1.9761,0.0784
45940.82933,0.0135,-0.3303,0.0628,-0.0029,-2.042,-0.035
45940.85952,0.1013,-0.1292,-0.5529,0.0647,-2.1879,0.0142
45940.88967,0.3366,-0.1398,-0.0638,-0.0705,-1.5488,0.2199
45940.91982,0.6927,0.1726,0.2584,-0.0568,-0.1126,0.251
45940.94997,0.0275,-0.3013,-0.1577,-0.2817,1.1725,0.2175
45940.98012,-0.0058,0.0449,-0.0347,0.4376,1.2671,-0.0793
45941.01027,0.1898,-0.0529,0.2591,1.3028,1.2987,-0.1485
45941.04046,0.4364,-0.0414,-0.8749,1.5154,1.0938,-0.8183
45941.07061,0.688,-0.037,-1.5162,3.3171,0.7283,-1.9396
45941.10076,-0.0534,-0.1422,-1.1574,5.5218,-0.216,-2.7085
45941.13091,-0.4106,0.5285,-0.6834,8.9741,-1.828,-2.8883
45941.16107,-0.2921,-0.7221,0.0858,4.3994,-2.2914,-1.5308
45941.19122,-0.3175,-0.6291,0.2208,-2.2007,-4.2923,-0.9114
45941.2214,-0.4437,0.7448,0.2721,0.8853,-3.8667,-1.6027
45941.25155,-0.3683,0.8039,0.2831,0.4945,-3.7282,-1.4257
45941.2817,-0.0873,0.784,0.2378,1.4165,-3.0589,-1.8826
45941.31185,0.1224,0.7363,0.1051,-0.4538,-3.307,-2.1125
45941.342,0.2327,0.774,0.0509,0.2011,-3.1016,-2.3112
45941.37216,0.4344,0.3806,-0.0639,1.2123,-2.7891,-1.8316
45941.40234,0.5011,0.1459,0.1149,0.1428,-2.5332,-1.4792
45941.43249,0.4487,0.1061,0.1029,-0.2236,-2.1373,-1.3259
45941.46264,0.4875,0.0529,-0.0049,0.3019,-1.8918,-1.1919
45941.49279,0.3847,0.0044,0.1768,0.0785,-1.5047,-1.2641
45941.52294,0.3118,0.1652,0.2025,0.3221,-1.0101,-1.2911
45941.55313,0.3151,0.0414,0.1353,0.2593,-0.6297,-1.113
45941.58328,0.2325,0.0628,0.2081,-0.1143,-0.4861,-0.9049
45941.61343,0.151,0.1893,0.1292,-0.2468,-0.2041,-0.811
45941.64358,0.1568,0.1658,0.0294,-0.352,-0.0387,-0.7125
45941.67373,0.1276,0.108,-0.0256,-0.0529,0.0634,-0.5296
45941.70388,0.1129,0.0865,0.0172,-0.0602,0.0564,-0.4398
45941.73406,0.0717,0.0227,0.0395,-0.3663,0.1715,-0.3356
45941.76422,0.1131,-0.0481,-0.0469,-0.5335,0.2818,-0.0964
45941.79437,0.0306,-0.1815,0.0137,-0.3865,0.4214,0.0139
45941.82452,0.0044,-0.181,0.1654,-0.1308,0.4014,0.1007
45941.85467,0.0764,-0.0694,0.1907,0.1449,0.7554,-0.0022
45941.88482,0.0869,-0.1365,0.0702,0.2177,0.9252,0.1029
45941.915,0.0404,-0.0894,0.0884,0.3896,0.9706,0.0575
45941.94515,0.061,-0.0084,0.1359,0.4743,1.0021,0.0824
45941.97531,0.1305,0.009,-0.002,0.4769,0.9672,0.0362
45942.00546,0.1193,0.0052,-0.0106,0.1079,0.766,0.0289
45942.03561,0.0787,0.0403,-0.0439,-0.0743,0.5873,0.0604
45942.06576,0.0912,0.0236,-0.1349,-0.1915,0.4213,0.0484
45942.09594,0.0501,0.0257,-0.1407,-0.2288,0.266,-0.0266
45942.12609,0.0305,0.013,-0.1371,-0.2102,0.1356,-0.0319
45942.15624,0.0577,0.0707,-0.4174,-0.8883,-0.3156,-0.1099
45942.18639,-0.0735,0.1646,-0.0287,-0.7165,-0.3478,-0.5388
45942.21655,-0.0687,0.0798,-0.1248,0.7119,-0.1768,-0.2865
45942.2467,-0.0126,-0.0484,-0.0655,0.7628,-0.4274,-0.714
45942.27688,-0.3062,-0.0591,-0.0616,0.7045,-0.3914,0.5301
45942.30703,-0.0432,-0.3069,0.0869,0.5015,-0.4485,0.2556
45942.33718,-0.0059,-0.1428,-0.0457,0.1638,-0.4819,0.3897
45942.36733,0.0132,-0.0747,-0.0199,0.1183,-0.5535,0.1046
45942.39748,-0.0606,0.0819,0.013,0.8958,-0.3498,-0.0961
45942.42764,-0.0444,-0.0523,0.0337,1.332,-0.0836,0.0348