"['43874.548872', '43879.042304']",0.178490410947,0.278080253284,0.168232348455,2.18556236444,0.470059748897,0.588669500824,0.00258666666667,0.012486,0.0129666666667,-0.324747333333,0.103656666667,0.075608,0.1790695638015838,0.2787304519356319,0.16829381253571862,2.1685415609815393,0.4600242147721506,0.5857495727262576,0.0041,0.0011,-0.0016,-0.04285,0.01085,0.0154,4,2.0,0.0597870967742,0.1789739566565212,4,1.0,0.17476,0.28085737033339225,5,2.23606797749979,0.104575862069,0.22897538803356826,4,2.0,0.505381818182,2.565011044134916,6,2.449489742783178,0.353130434783,0.5763159553537077,5,2.23606797749979,0.313377777778,0.46495637457336814
"['43879.072455', '43883.565890']",0.118404837739,0.206845509338,0.146693344771,1.1117026407,0.314632420453,0.542152241718,0.000994666666667,0.005758,0.005638,0.0623413333333,-0.0341546666667,-0.0717573333333,0.11879731302560217,0.2074580336861882,0.14707603278166007,1.1136717430041922,0.3138209296998423,0.5391827692946526,-0.00345,0.02665,0.0116,-0.0774,-0.02565,-0.0294,4,1.0,0.0784323529412,0.12048657091167246,4,1.4142135623730951,0.18486,0.17460479610689225,4,1.7320508075688772,0.1094375,0.135788333267674,4,1.7320508075688772,0.632223333333,1.1012166233333691,6,3.1622776601683795,0.211258333333,0.28262675327482123,5,2.8284271247461903,0.225218518519,0.5064455715588467
"['43883.596041', '43888.089478']",0.159653194978,0.204131280471,0.129331092163,1.61365485273,0.510778815797,0.714388535789,0.023104,0.00976333333333,0.0217113333333,-0.15902,-0.116992,0.176031333333,0.1585018403890359,0.20458073919085032,0.12792280628307764,1.6111798867652174,0.49886569718531254,0.6946806154399365,0.017,0.0244,0.02075,-0.1015,-0.0978,0.02535,4,1.4142135623730951,0.137803030303,0.15005805227654498,4,1.0,0.215663636364,0.16340039744860976,4,1.7320508075688772,0.1303125,0.11626689193958151,4,1.7320508075688772,0.752157575758,1.4652108892643882,5,2.6457513110645907,0.191257692308,0.3945700213377361,5,1.7320508075688772,0.352544444444,0.6184873727542142
"['43888.119660', '43892.613095']",0.281821648683,0.415890822933,0.288870424354,2.71496695225,1.66986644354,1.54389234493,0.0768833333333,-0.00799266666667,0.032158,0.0862273333333,0.0670713333333,-0.195875333333,0.2720400090039725,0.4172070292407292,0.2880366047463855,2.7226881207374674,1.6741086105079126,1.5365468649909921,0.06085,0.01765,0.027,0.11005,0.06405,-0.1314,5,1.7320508075688772,0.189472413793,0.3122096169660832,4,1.0,0.244467567568,0.4255342609617377,4,1.0,0.201524242424,0.2315436082446229,4,2.0,1.80399375,2.5479125668567937,5,2.8284271247461903,0.622992857143,1.7299616452456872,4,2.23606797749979,0.449872413793,1.6192259594581762
"['43892.643247', '43897.141702']",0.276246592136,0.509181328147,0.341015653111,3.62548892089,0.799924809133,1.47251980523,0.0380313333333,0.0202066666667,0.073914,0.167052,-0.222038666667,-0.154282666667,0.27453278923898655,0.5104846843690725,0.33402426709857214,3.6337710658704196,0.7710655906419608,1.469320975745141,0.0411,-0.00625,0.02815,0.64015,-0.2481,-0.3115,4,1.0,0.235063636364,0.20837088151026198,4,1.4142135623730951,0.357411428571,0.6160974024270115,4,1.0,0.32415,0.4369915323605696,4,1.7320508075688772,1.75648,3.8609640945735575,5,2.0,0.30387,0.691269388154864,5,3.872983346207417,0.837076,1.5709357291860586
"['43897.171854', '43901.685387']",0.213611034359,0.328557483251,0.228528403778,1.98905418192,0.73522977456,0.79526949667,0.030888,-0.00785133333333,0.032264,-0.214872666667,0.150606,-0.0883153333333,0.21207414206882505,0.32956404450082305,0.22699732200767858,1.9840385586984535,0.7220501113166239,0.7929982867468537,0.03365,0.0112,0.02635,-0.28435,0.24395,-0.08765,4,1.4142135623730951,0.135821875,0.18948093398745441,4,1.7320508075688772,0.208683333333,0.3657297919873721,5,2.6457513110645907,0.180816666667,0.35404269573357794,4,2.0,0.817496428571,1.5355215421097383,5,2.6457513110645907,0.586328,0.7466952928961943,6,3.0,0.43305,1.0642736377231097
"['43901.715538', '43906.208976']",0.0609563280828,0.077259319179,0.061216970414,0.627910047804,0.169383941191,0.222891641387,0.014694,0.00100266666667,0.00522933333333,-0.0804066666667,0.007394,0.016098,0.05935695933482872,0.07751161674933763,0.06119754189328817,0.6248267916411497,0.16978939272882002,0.22305431260527575,0.0043,-0.00115,0.0043,-0.00385,-0.0095,0.0198,5,1.4142135623730951,0.0450607142857,0.09209416412638514,4,1.4142135623730951,0.03846,0.07165394615790535,4,1.4142135623730951,0.024075862069,0.033815704880302645,4,1.7320508075688772,0.132834482759,0.25978622705692633,6,3.1622776601683795,0.112072727273,0.2623883348557978,5,1.7320508075688772,0.107977777778,0.27173581391510127
"['43906.239128', '43910.732552']",0.129107939338,0.205559223421,0.161536489789,1.81243722872,0.753245112917,0.487441084372,0.0131226666667,-0.002926,0.000783333333333,-0.139179333333,-0.0696053333333,0.128014,0.12886959078495894,0.20622697030018802,0.16207574640490455,1.8131393539063996,0.7525348423592447,0.47190662809671446,0.01765,-0.0075,-0.0213,-0.28375,-0.0994,0.21735,4,1.0,0.136518181818,0.12272911852568204,4,1.4142135623730951,0.204328125,0.1779350592561792,4,1.4142135623730951,0.157315625,0.15597340159799167,4,1.7320508075688772,0.787083870968,1.9479242713029639,5,2.23606797749979,0.340744444444,0.6903626234051723,4,1.7320508075688772,0.368563333333,0.48220487381748156
"['43910.762734', '43915.256164']",0.134543884043,0.147245591898,0.232571223069,1.31371480068,0.445669840876,0.411134044727,0.00215,-0.00730066666667,0.0109846666667,-0.222442,-0.008192,-0.104400666667,0.13497738152553534,0.14755717103680452,0.2330899333125159,1.299083104960298,0.4470873278538733,0.3989899624474039,-0.00065,-0.00025,0.0033,-0.10275,-0.02125,-0.02115,4,1.0,0.114834285714,0.1702779180579539,5,1.4142135623730951,0.1365,0.14418382764320745,4,1.0,0.198791176471,0.29079264128037424,4,1.0,0.249808823529,1.157550068913219,4,1.0,0.252296969697,0.6758561697417804,5,1.7320508075688772,0.126165384615,0.24590784443332864
"['43915.286316', '43919.779760']",0.18064442034,0.251540206461,0.225692503346,2.27056090376,1.11890705759,1.03686051608,0.0460926666667,0.0100613333333,0.0378993333333,0.204642,-0.139995333333,-0.0166966666667,0.17525017404530094,0.25218091348420296,0.22323298675462705,2.2688957051781466,1.1138335353519935,1.040199202232142,0.01615,0.0012,0.02095,0.33415,-0.04815,0.0504,4,1.4142135623730951,0.136385714286,0.17393041398088785,4,1.4142135623730951,0.201828571429,0.2505206549796415,4,2.23606797749979,0.191053333333,0.2396440632635644,5,1.7320508075688772,1.36409655172,1.6035112992347136,5,3.1622776601683795,0.453655555556,0.8181592408164399,5,2.8284271247461903,0.320236,1.0161858429440946
"['43919.809911', '43924.303350']",0.10049004362,0.217909479372,0.159328511364,2.62931117485,0.509698926295,0.652637688461,0.00270333333333,0.0100666666667,0.013828,0.105567333333,-0.006132,-0.0924946666667,0.10079020433964672,0.2184060701969646,0.15925906762295902,2.6359923807188075,0.5113694543428453,0.6482143948697306,-0.00495,0.00455,0.01605,-0.02815,-0.001,-0.04315,4,1.0,0.0790171428571,0.0841877121315788,4,1.4142135623730951,0.188316216216,0.19784693931521002,4,1.4142135623730951,0.13916969697,0.14604661388758833,4,1.4142135623730951,1.51289333333,2.9347293929098806,4,1.7320508075688772,0.267683870968,0.5319020449273056,5,1.7320508075688772,0.269773076923,0.5667104414479707
"['43924.333502', '43928.826912']",0.261874081828,0.40804858665,0.38013416272,3.35916137589,1.32092364382,1.25834651243,0.0459326666667,0.008528,0.0524393333333,-0.00420066666667,-0.1462,-0.255601333333,0.25867802445341787,0.40932616375972725,0.37776110751180547,3.3704122440683717,1.3172060244595312,1.2362412873444744,0.0258,-0.0083,0.016,0.1724,-0.0144,-0.26345,4,1.4142135623730951,0.199183870968,0.2117487821244382,4,1.7320508075688772,0.37523125,0.3897899942752466,3,1.4142135623730951,0.261810810811,0.5262300129663325,4,1.7320508075688772,1.75494516129,2.720603659464655,5,2.23606797749979,0.532734482759,0.803101890562845,5,1.4142135623730951,0.265210344828,1.3698001596543792
"['43928.857063', '43933.350541']",0.219112849159,0.395616581806,0.253675828174,3.19382362354,0.843375555491,1.03646586199,0.0143386666667,0.00723666666667,0.0212233333333,0.169782666667,-0.279528,0.0866746666667,0.21937566223129298,0.3968755199189816,0.25363332128619587,3.1999921116250643,0.798370671856461,1.0362955053398002,0.00935,0.0153,-0.0118,0.24565,-0.2249,-0.15255,4,1.4142135623730951,0.165512903226,0.21514600428846065,4,1.0,0.277685714286,0.4704521493094871,4,2.0,0.19661,0.2770609174270475,5,2.6457513110645907,2.041475,2.659029972199553,4,2.0,0.19233,0.6662805597054287,6,3.4641016151377544,0.803825,0.8882056030339314
"['43933.380692', '43937.874162']",0.296045497404,0.361026437721,0.192676091926,3.31442364917,0.712102664134,0.657272815909,0.040892,-0.0151073333333,0.0418773333333,-0.374655333333,-0.0460813333333,-0.0166146666667,0.2941900167847966,0.3619186250442425,0.18870015992377237,3.3042129159652784,0.7129907105569414,0.6592640095440441,0.0234,-0.021,0.0413,0.04495,0.01795,-0.05605,4,2.23606797749979,0.215796551724,0.28526445435114445,4,1.0,0.357944444444,0.3304934608771249,4,1.4142135623730951,0.194782857143,0.17403526938984706,4,1.7320508075688772,1.35182258065,2.7860014799840145,5,1.7320508075688772,0.513440740741,0.4902604341330772,4,1.0,0.420542424242,0.7031964612709164
"['43937.904317', '43942.407789']",0.244370318301,0.344932846411,0.228393094029,3.00173376894,0.913077552274,0.801156035447,0.001546,-0.012164,0.029626,0.114738666667,-0.0197246666667,0.01131,0.24518407483840057,0.3458731373664018,0.22722214876620828,3.009588813021024,0.915922658360891,0.8037598791443548,0.01525,-0.0187,0.0131,0.3377,0.0221,0.02645,4,1.4142135623730951,0.133365517241,0.2078580255089346,4,1.0,0.278508333333,0.40139850407223565,4,1.0,0.193175,0.28862086685774174,5,2.6457513110645907,2.23090344828,2.6000954169967847,4,1.0,0.37316875,0.9168781283342634,5,2.23606797749979,0.47372,0.8340779250166018
"['43942.437971', '43946.936436']",0.158347983463,0.154153892155,0.0836447639326,1.27350914872,0.558593732331,0.632673538038,0.00990933333333,-0.033606,0.001472,0.0130946666667,0.022766,-0.005864,0.158567059616825,0.15095020923621263,0.08391198498522767,1.277707973682419,0.5599994011058639,0.6347657861440394,0.0018,-0.02485,-0.0106,0.13955,0.00145,0.0096,4,2.449489742783178,0.0855333333333,0.1512907575938905,4,1.7320508075688772,0.10285,0.11102895292263534,4,1.0,0.0701857142857,0.07806238509286374,4,1.4142135623730951,0.749040625,1.1845157581052252,4,1.4142135623730951,0.219283333333,0.5141882575432877,5,2.449489742783178,0.237955555556,0.3896711684063622
"['43946.966588', '43951.470052']",0.22264371733,0.192346779195,0.215409047164,2.73149944883,0.617693759722,0.532627251587,0.013726,-0.00568533333333,0.0159413333333,0.175181333333,0.021576,-0.00193933333333,0.22296466853163713,0.1929068361527188,0.21553803015051268,2.735008080559003,0.6193848894664197,0.5344080600224909,0.0146,-0.0176,0.0229,0.4353,0.00665,0.04385,5,2.23606797749979,0.136607407407,0.22680191107240888,4,1.0,0.132991428571,0.17783982775558024,4,2.0,0.162922580645,0.18095723934984828,5,2.449489742783178,1.404525,2.6012638167180713,4,1.7320508075688772,0.37155,0.6361307471061222,4,1.7320508075688772,0.293303333333,0.3817183837219061
"['43951.500204', '43955.993637']",0.177646677237,0.304372480359,0.268808277402,3.15369212822,1.00083926392,0.72300434291,0.0326513333333,-0.0315973333333,0.043128,0.059176,-0.112072666667,0.027788,0.17520524598221024,0.3037421228181057,0.2662148277477265,3.1637001912249914,0.9978764110841634,0.7248904848477588,0.03025,-0.0309,0.02375,0.1617,-0.00105,-0.07115,4,1.4142135623730951,0.15318125,0.1792232729658195,4,1.0,0.230851351351,0.2764273981653346,4,1.4142135623730951,0.191361764706,0.36249354603634476,5,2.6457513110645907,1.7958037037,2.400440241430322,4,2.6457513110645907,0.415173333333,0.6388360201520248,5,2.0,0.377531034483,0.9730779792212545
"['43956.023788', '43960.517224']",0.149037457931,0.203570322493,0.177605480771,3.26262586559,0.603706025976,0.761192624504,0.021656,0.0306006666667,0.0232773333333,-0.392742666667,-0.0142646666667,0.198588,0.1479496837559646,0.20193146737527337,0.17666334880680007,3.2497517824540556,0.6055593828790379,0.7372930385452234,0.0058,0.0208,0.0195,-0.12255,0.08355,-0.03035,4,1.7320508075688772,0.0989088235294,0.1687875863733038,4,1.7320508075688772,0.156453125,0.1741075140294992,4,1.4142135623730951,0.141412121212,0.21422906513469372,5,3.1622776601683795,1.10237826087,3.5865807353062005,5,2.8284271247461903,0.186974074074,0.5886665005904267,6,3.0,0.409116666667,0.7587175923408763
"['43960.547406', '43964.809601']",0.232036134419,0.243690723815,0.229165063981,1.47275973421,1.31414677169,0.983907644312,0.0907767605634,0.0237507042254,0.0291063380282,0.468814788732,-0.454178169014,-0.231215492958,0.21429828309379745,0.24338907874426663,0.22811378217705078,1.4010918180788665,1.2375334591717806,0.9597396886505382,0.0142,0.00885,0.01435,0.0309,-0.0237,-0.07185,4,1.4142135623730951,0.16972,0.23527627289685482,4,1.4142135623730951,0.164388235294,0.2896827781878129,4,1.4142135623730951,0.128761290323,0.21236072247855275,4,2.0,0.863816129032,1.5603486980152383,5,2.6457513110645907,-0.073172,0.9898782216852064,4,2.0,0.14308,0.8056326498366104
"['45952.233626', '45956.726956']",0.176908970566,0.275686937667,0.226262271859,2.8354315944,1.25728030248,1.08581512843,0.027024,0.020048,0.0724993333333,-0.218932,0.274011333333,0.298766,0.17541844686540564,0.27587815609322164,0.2150506316210822,2.836437369704771,1.2311688456019185,1.0474001227603467,0.01435,0.00545,0.07765,-0.1457,0.2552,0.0631,4,2.0,0.147836666667,0.17625622509590255,4,2.0,0.209177419355,0.2540247346351367,4,1.4142135623730951,0.196611428571,0.19826285400273783,5,2.23606797749979,1.34575357143,2.90518208946526,6,4.242640687119285,0.286622727273,1.4427682871519096,7,4.47213595499958,0.569752631579,1.1635017143512276
"['45956.757107', '45961.250468']",0.174753093439,0.272593390113,0.327431639481,2.92542267017,0.724595844408,0.808134927266,0.0329673333333,0.029906,0.0209453333333,-0.00268466666667,-0.147989333333,-0.0724146666667,0.17219019042153627,0.27185564325414974,0.3278557111399302,2.9352218725859442,0.7116987157731209,0.8075803885338716,0.06285,0.03215,-0.01905,0.1358,-0.0332,-0.0306,4,1.4142135623730951,0.151583333333,0.16077262179718357,4,1.7320508075688772,0.250183870968,0.28677563831536107,5,1.7320508075688772,0.243417241379,0.33062653301720263,5,2.0,1.84500740741,3.1114574596191966,6,2.0,0.183170833333,0.6646144868033201,6,3.7416573867739413,0.376391666667,0.7227822571368808
"['45961.280650', '45965.773990']",0.227612835168,0.367350818247,0.29413090895,3.73450810576,0.812379797837,0.75379801689,0.0373353333333,0.0288793333333,0.0265786666667,-0.025468,0.136127333333,0.0235813333333,0.22528209523717568,0.36744073316497494,0.2939089128829471,3.7469319225007323,0.8035764968531961,0.7559531325256821,0.05065,0.06345,0.0189,-0.3816,0.07175,0.0144,5,3.3166247903554,0.217092307692,0.23539046866528293,4,1.4142135623730951,0.369784375,0.30575348821303,5,2.6457513110645907,0.243548275862,0.24375459354014478,6,2.8284271247461903,2.58593913043,4.310359507653323,6,3.872983346207417,0.771677272727,0.694286006615922,5,2.6457513110645907,0.440730769231,0.8757259990518635
"['45965.804141', '45970.312595']",0.182919500692,0.280609948861,0.244391160506,4.12421188685,0.619289280062,0.463602583973,0.0116893333333,0.0351393333333,0.043104,-0.0810053333333,-0.0418173333333,-0.0794786666667,0.1831571643843734,0.27933376631954826,0.2413658377544331,4.137230109233699,0.6199457567467314,0.4582690998354374,0.01135,0.0374,0.05145,-0.33135,-0.08145,-0.0708,4,1.7320508075688772,0.101332258065,0.18145274938138722,4,1.0,0.298042424242,0.2673760460829268,4,1.7320508075688772,0.211290909091,0.2052472934712483,6,4.0,3.16302272727,4.784752679574669,5,3.0,0.432736,0.6184904107852711,6,3.3166247903554,0.19718,0.448896153544076
"['45970.342746', '45974.851214']",0.227564528577,0.313881061869,0.269864754399,3.56579042823,0.6418071096,0.642909129608,0.0165733333333,0.0283993333333,0.01707,0.089362,0.165058,0.00952,0.22772055307070493,0.31364088203781504,0.270226602833982,3.5766124834449466,0.622297288551264,0.644992210451897,0.0219,0.02125,-0.0023,0.2851,0.1614,-0.0147,5,2.23606797749979,0.162823076923,0.22811377215362041,4,1.4142135623730951,0.21755,0.29737656695805337,4,1.7320508075688772,0.238412903226,0.27761783533235695,4,2.0,1.91639333333,3.4698152845532775,6,2.8284271247461903,0.603545833333,0.6761343376804492,6,2.6457513110645907,0.380828,0.6585979081351534
"['45974.881366', '45979.374746']",0.197737107291,0.222181331499,0.185197145586,2.75128710042,0.526600945055,0.703566027605,0.00707733333333,0.00292066666667,0.02387,0.168232,0.000929333333333,-0.0944386666667,0.19827242534089123,0.222906397816375,0.1842676575823128,2.7553386927662875,0.5283642844859576,0.6995347160059601,0.00425,0.0192,0.01375,-0.04875,-0.06745,-0.06615,4,1.7320508075688772,0.0529896551724,0.10596787028160802,5,1.0,0.159543333333,0.21602993515959187,5,2.23606797749979,0.1724,0.19209457206122357,6,2.8284271247461903,1.656925,2.9228130254870086,6,3.4641016151377544,0.271581818182,0.5062748290314486,5,2.6457513110645907,0.217296,0.4150010376292249
"['45979.404897', '45983.898212']",0.39754851226,0.578015434973,0.47184825435,3.66235980017,1.45233962165,1.38919422599,0.14396,0.068996,0.0759806666667,-0.434871333333,0.747642,0.0585233333333,0.3718090249129402,0.5758052969397665,0.4672506837189157,3.6486321187946893,1.2492904629595196,1.3926107550530713,0.13245,0.0101,0.0994,-0.2816,0.66665,0.21435,4,1.7320508075688772,0.3501,0.2959073638826854,5,2.0,0.48475,0.5241132550070395,4,1.0,0.37310625,0.28823651347740953,6,2.449489742783178,2.173416,3.8396423171826823,5,2.449489742783178,1.18884230769,1.1762430735772522,7,3.605551275463989,0.68698,1.3324545757439736
"['45983.928394', '45988.421741']",0.278784068053,0.314013668174,0.273698807329,2.14642313958,0.794876792591,1.64758436047,0.05015,0.046766,0.0269126666667,-0.401852,-0.146738,-0.153375333333,0.27515499128343635,0.31155195799018304,0.27328491200040544,2.115533933325028,0.7838322705004256,1.6459254853568563,0.0528,0.0172,0.0251,0.06575,-0.03595,-0.3065,6,3.3166247903554,0.251180952381,0.29773242117553744,6,4.358898943540674,0.239613043478,0.3125231632205957,6,3.3166247903554,0.217391304348,0.2718256040402701,7,3.872983346207417,1.12883333333,1.4745732549905186,8,5.196152422706632,0.212,0.5922069777066499,10,7.54983443527075,0.8447,1.6487666895794162
"['45988.451892', '45992.945234']",0.381115448213,0.305066267555,0.285465526932,2.38041418413,0.858959071318,1.36852863599,0.040198,0.00996,0.08338,0.560886666667,0.338024666667,-0.07611,0.3802592355717135,0.30592508952795056,0.2739317433230402,2.321141057153481,0.7922972360970783,1.3709881908914308,0.03245,0.02725,0.0468,0.6154,0.18755,-0.0742,5,2.23606797749979,0.219288888889,0.3984596257255349,5,2.23606797749979,0.228814285714,0.28296476775096896,5,2.0,0.227767857143,0.26015741396255176,6,3.605551275463989,1.87445217391,2.334976920826095,8,5.0990195135927845,0.834464705882,0.8391674981351879,8,5.744562646538029,0.56488125,1.205593227264072
"['45992.975385', '45997.468740']",0.423689340201,0.313529738834,0.268214469036,3.10078008614,1.09518661025,0.917924270987,0.08389,0.053786,0.143038,1.119174,0.337420666667,-0.155348666667,0.41669254381837156,0.3099165778704427,0.227650234978807,2.9014495394296236,1.0454026896511,0.9077140099487673,0.07955,0.04885,0.17095,1.203,0.2113,-0.3009,6,3.4641016151377544,0.391541666667,0.3920655955728379,5,2.23606797749979,0.292232142857,0.32175429785448195,5,1.7320508075688772,0.284713793103,0.23410722470718098,6,3.7416573867739413,2.58117083333,2.690918407868951,7,5.0,0.76699047619,0.9766590934941229,7,3.605551275463989,0.566531578947,0.9710857411810485
"['45997.498921', '46001.997259']",0.84002212824,0.684859188447,0.468109773237,3.34197156332,1.39302201643,2.0439008684,0.078006,0.0581013333333,0.0891446666667,0.470684666667,-0.161082666667,-0.650770666667,0.8391943883112866,0.6846762398543045,0.46108275131690696,3.319744149188614,1.3883126906233556,1.9440224072971428,0.09815,0.0241,0.12075,0.46375,-0.20385,-0.47755,6,2.6457513110645907,0.676541666667,0.8651686600671102,5,2.0,0.56959,0.5976284449157467,5,2.23606797749979,0.495582142857,0.35980915317199647,5,1.7320508075688772,2.55378928571,3.221334778253365,6,3.1622776601683795,0.725252173913,1.3879829124798218,7,3.605551275463989,0.4266,1.8826073062308253
"['46002.027410', '46006.540858']",0.170208085198,0.320989224949,0.223247151382,1.87053899644,1.04410851566,1.75716800424,0.0868186666667,0.011492,0.00891266666667,0.392984,0.388384666667,0.289374,0.1468916577355714,0.32185809610685606,0.22381647332378418,1.8349184956052118,0.9724320561649902,1.7389831798851563,0.08545,0.0364,0.0038,0.499,0.3264,0.9647,4,1.0,0.204602777778,0.14757233477879075,4,1.0,0.187475757576,0.22929683549700242,4,1.4142135623730951,0.160960606061,0.20979283969459303,5,1.7320508075688772,1.52750333333,1.51660897501365,5,2.0,0.748241666667,0.9427892114989652,5,2.6457513110645907,1.01661851852,1.3972922542813453
"['46006.571009', '46011.064351']",0.331400796217,0.398978369338,0.250740377416,3.24027426937,1.97721071049,1.85110074167,0.159533333333,0.0544253333333,0.0761753333333,-1.169594,0.509768666667,0.565887333333,0.29144790701872064,0.396572930941154,0.23968951279068187,3.0319485421610888,1.9167658636337144,1.768387242101231,0.1212,-0.0299,0.0657,-1.11715,-0.153,0.6451,5,1.7320508075688772,0.257963333333,0.2966516330105332,4,1.7320508075688772,0.252055172414,0.5265746681459382,5,1.7320508075688772,0.1981,0.25472210207540746,6,3.0,0.699508695652,3.403097813612159,11,7.681145747868608,0.885971428571,2.1912444628666963,10,7.0710678118654755,1.38626923077,2.2749680475355456
"['46011.094533', '46014.964647']",0.166918692317,0.189620334255,0.130360622056,2.19754971402,0.571304334583,1.23801789642,0.069403875969,0.0467968992248,0.031911627907,-0.189212403101,-0.147504651163,-0.0329294573643,0.1523974754769071,0.18447145482854543,0.1268871494354746,2.1979244828931708,0.5540856887223742,1.242404772470202,0.065,0.021,0.043,-0.1717,-0.0925,-0.0509,4,1.4142135623730951,0.155246153846,0.158196668057881,5,2.23606797749979,0.103791666667,0.2106592012183921,5,2.0,0.106754545455,0.10336378073982767,5,3.3166247903554,0.258735,2.28309611395417,7,4.358898943540674,-0.104964705882,0.6159996022129158,11,8.366600265340756,0.505525,1.1380797792174486
"['47704.17889', '47708.67223']",0.538644298711,0.404072845908,0.343369617177,1.805883492,1.24250332201,1.7813484111,0.123797333333,0.00270266666667,-0.015452,-0.727085333333,-0.335498666667,-0.0676573333333,0.5259812505840826,0.4054174587160343,0.3441709175676075,1.6585841696166368,1.200358650206565,1.786026479145146,0.1446,0.0326,0.0231,-1.1061,-0.42755,0.007,6,2.8284271247461903,0.3978,0.6212061355598018,5,2.449489742783178,0.209396296296,0.4425856905134795,5,2.449489742783178,0.115065384615,0.3262652637867632,6,2.8284271247461903,0.0649090909091,1.8961783671146077,10,4.58257569495584,0.62225,1.237155929945777,9,3.605551275463989,0.7671625,2.0458759773016544
"['47708.70238', '47713.19571']",0.661584938462,0.495069930549,0.587734786731,2.52882543998,1.71567470491,2.46054460213,0.253218666667,0.177761333333,0.188855333333,-0.0239133333333,0.154121333333,-0.207781333333,0.6132553725799802,0.4636032763297879,0.558430665339484,2.5371837935733716,1.7144626531184073,2.4599694417370492,0.12855,0.06155,0.13235,0.027,0.16365,-0.06975,7,4.358898943540674,0.648783333333,0.9734305360576131,5,2.449489742783178,0.37464,0.7871067134342925,6,3.0,0.477085714286,0.5209336591982844,6,3.4641016151377544,0.748943478261,2.4259952435361614,8,7.211102550927978,1.44006470588,1.274566541486348,11,6.782329983125268,0.96015,2.2869730453155763
"['47713.22589', '47717.71927']",0.143471168532,0.28609132458,0.177711984777,1.68743317383,0.770485647498,0.954268108168,0.0270873333333,-0.0125933333333,0.0191713333333,0.039564,-0.0703646666667,0.0508173333333,0.14136292209953435,0.28677152345842616,0.17726674676395854,1.69262080037529,0.7698363026671647,0.9561064188295513,0.0166,0.0012,0.0207,-0.02785,0.03405,-0.0628,5,2.8284271247461903,0.128423076923,0.14059307894115503,4,1.4142135623730951,0.161225,0.22287598750527526,5,1.7320508075688772,0.14154,0.20198475633845106,6,2.8284271247461903,1.1698173913,1.7341910670270797,5,3.1622776601683795,0.232976923077,0.5111999501625111,7,3.4641016151377544,0.5301,0.9329385075916679
"['47717.74942', '47722.24277']",0.456198105944,0.598937268501,0.469613764705,2.01508377521,1.66276619904,2.78145759747,0.208872,0.165449333333,0.0736213333333,0.298815333333,-0.335974666667,-0.239922666667,0.4069313871423667,0.5775605692106545,0.4653608550876134,1.9994811452053673,1.6339248838914084,2.780374078065651,0.04325,0.0583,0.0563,0.19585,-0.02185,-0.0064,5,1.7320508075688772,0.435133333333,0.5151345589709099,5,2.0,0.534817241379,0.6363433080999178,4,2.0,0.37751,0.42882856179806067,4,2.23606797749979,1.33859666667,1.676045620415102,6,3.0,0.331992,1.1006485424966501,7,5.916079783099616,0.755231578947,1.9508713110507065
"['47722.27292', '47726.76629']",0.271548449698,0.443065868918,0.309428811091,2.82193162252,0.889073077499,1.52444067841,0.048544,0.0210193333333,0.00152066666667,-0.341944666667,0.06687,0.0291266666667,0.26806923489147727,0.44404964331828506,0.3104616772807157,2.8105216849215586,0.8895247997455811,1.5292684852422929,0.0141,0.03875,-0.00905,-0.445,0.04215,-0.0482,4,1.7320508075688772,0.190287096774,0.2862025456932386,5,1.7320508075688772,0.329389655172,0.3279657498938697,4,1.4142135623730951,0.1772,0.2965749168984682,5,2.0,1.05314444444,2.953190760247339,5,2.23606797749979,0.588392,1.0558408055194684,5,3.0,0.692681481481,1.465843532167646
"['47726.79644', '47731.28981']",0.698091032793,0.682230225657,0.616247982823,2.53378408809,1.81556022796,2.52364404124,0.256643333333,0.0633013333333,0.0143246666667,-0.102881333333,-0.182496,0.309312666667,0.6513784734134206,0.68156281771738,0.6181454024054444,2.54017595100523,1.8124163904762929,2.513007420684559,0.21765,0.0174,0.0022,-0.17855,-0.315,0.48315,6,3.872983346207417,0.699277272727,0.8472288243960104,5,2.6457513110645907,0.4602,0.6891780224779855,5,2.23606797749979,0.322338461538,0.5719128115906641,6,3.0,1.71970434783,2.3426942279967586,6,3.4641016151377544,0.555729166667,2.363476478572294,8,5.0990195135927845,1.29276111111,2.019949922541439
"['47731.31996', '47735.81832']",0.647025361996,0.503874047754,0.620295213373,2.34315565504,1.48147816141,1.20957717665,0.121504,0.09334,0.0720573333333,0.742470666667,0.0611233333333,-0.471841333333,0.6376434675127982,0.496812018383954,0.6181596624129173,2.2298574305570056,1.4851755644492461,1.1174828057885766,0.04195,0.04655,0.00505,0.47515,0.09425,-0.3658,5,2.6457513110645907,0.561748148148,0.8278849229630383,4,2.23606797749979,0.468416129032,0.6546729168558266,5,1.4142135623730951,0.338772413793,0.6658363038296552,5,2.0,2.13358928571,2.2723405830633108,6,3.1622776601683795,0.7019,1.6056977735551605,6,3.3166247903554,0.220443478261,1.0957840654178703
"['47735.84848', '47740.36196']",0.367439276253,0.481042353991,0.468175066686,1.86323031826,1.4614892268,2.13643072469,0.089148,0.032466,0.0263813333333,0.0123193333333,-0.279342,0.164320666667,0.35765491198891514,0.48155338533770203,0.46899712902294755,1.8694314498973543,1.439350667044277,2.1372381412441652,0.06875,0.0163,0.02535,0.2241,-0.01205,-0.07895,4,1.7320508075688772,0.34222,0.3240225315707493,5,2.0,0.362633333333,0.4555440864643549,5,2.0,0.257714814815,0.4339835061592014,5,2.23606797749979,1.37598846154,1.4256599839588466,5,4.358898943540674,0.483561538462,1.1952986140967194,5,2.449489742783178,0.600054166667,2.361728308009084
"['47740.39211', '47744.90063']",0.303245568475,0.466407923818,0.261680218715,2.29458431381,0.878717929979,1.23282892382,0.030516,-0.0314566666667,-0.0132046666667,-0.240106666667,-0.0523326666667,0.0429113333333,0.3027169728448046,0.4669048767667198,0.2622223817580311,2.289632153383509,0.8800967528795245,1.2362094746874153,-0.00065,-0.03325,-0.00695,-0.03995,-0.00775,-0.0227,5,2.23606797749979,0.225918518519,0.31971764951767273,4,2.6457513110645907,0.37846,0.5703324255083231,4,1.7320508075688772,0.196834375,0.2562044768178969,5,2.6457513110645907,1.64396296296,2.0543093421368854,6,2.8284271247461903,0.6783,0.7369137346941991,7,3.0,0.864725,1.3596553188893907
"['47744.93078', '47749.43422']",0.358850452882,0.444927174116,0.378311882182,2.87234335941,1.10215974329,1.06053025401,0.0126193333333,0.021112,0.0318006666667,0.285132666667,0.052516,-0.056138,0.3598299374036318,0.4459148732857536,0.3782358348677133,2.8677310916751986,1.1045960281387335,1.062591304228242,0.00505,0.04025,-0.028,0.214,-0.04115,-0.1406,5,2.449489742783178,0.2181,0.3768229802726188,4,1.7320508075688772,0.371425806452,0.4951340161799577,5,2.23606797749979,0.218910344828,0.419801842152791,5,3.0,1.77937407407,3.50827873252272,6,3.1622776601683795,0.589596,1.330166987161136,6,2.449489742783178,0.6977125,1.3623674794149307
"['47749.46437', '47753.97787']",0.301035275785,0.490615285874,0.363217184799,4.32436654405,1.03585719247,1.23904779956,0.036702,-0.0308713333333,0.019972,-0.00454733333333,0.06856,-0.0191813333333,0.2997905316748332,0.4912834029952701,0.36388264557086397,4.338851175814322,1.0370484298749216,1.24304974849485,0.0173,-0.00825,0.0111,0.1938,0.01625,-0.045,5,2.449489742783178,0.264364285714,0.299487549007604,4,2.0,0.342564516129,0.3741987230945496,5,1.7320508075688772,0.228356666667,0.35483979647288655,5,2.0,3.141356,4.2198591533644025,5,2.449489742783178,0.884896,1.1515888818931868,6,2.6457513110645907,0.711765217391,1.1263239206328362
"['47754.00803', '47758.51652']",0.42604574058,0.647374818375,0.598254022636,4.56774684258,1.16475582955,1.57775234504,0.0979306666667,0.052284,0.0934453333333,-0.385046,0.183680666667,0.405614666667,0.41602693865195356,0.6474217364615997,0.5928906369028519,4.566736766420399,1.154034746647323,1.52983062769964,0.03315,-0.009,0.0105,-0.08565,-0.02985,0.1358,5,2.0,0.353665517241,0.45273699024919695,5,3.0,0.444627586207,0.5985116080128341,6,2.0,0.38154,0.5323328689206908,7,4.0,3.532095,5.367880360114223,6,2.449489742783178,1.1678,1.6464093619974127,7,2.449489742783178,1.53394761905,1.5283695612053545
"['47758.5467', '47763.05017']",0.364308815064,0.31873532646,0.38422185631,1.63443189149,1.00058869965,1.78942450337,0.166664666667,0.0685366666667,0.048526,0.673742,-0.151737333333,-0.587964666667,0.3250355710294673,0.3123223258489755,0.3824220702172689,1.4940955352629288,0.9923297417265033,1.695732188481395,0.04315,0.0338,0.0149,0.42025,-0.0825,-0.11695,6,2.23606797749979,0.295054545455,0.4018624743761083,6,3.3166247903554,0.159866666667,0.4374705513898431,7,3.605551275463989,0.158035,0.3995629234090144,6,3.872983346207417,1.30621304348,1.431250245670276,11,4.58257569495584,0.401638461538,0.9171150123607377,10,4.0,-0.101561538462,1.702821565098382
"['47763.08032', '47767.57881']",0.601920025972,0.465185277784,0.377600963629,2.53544320596,1.32764410721,2.11994030927,0.145420666667,0.119928,0.049916,-0.126441333333,0.0400086666667,0.326398,0.5860462571129199,0.4509660966021323,0.37554106024534967,2.5407718612456214,1.3314868494254237,2.1016798795016367,0.1505,0.0474,0.071,0.05505,0.00195,-0.0461,6,3.3166247903554,0.5249,0.5530529646780048,6,3.0,0.384258333333,0.5738115672502123,5,2.23606797749979,0.194716,0.4087721183414218,6,3.605551275463989,1.22643043478,2.3939443109712517,7,3.7416573867739413,0.946726315789,1.3310635604834142,10,4.898979485566356,2.03543076923,2.18413607573056
"['47767.60896', '47768.61418']",0.0908913540184,0.0421197347905,0.0539560632803,0.263378735351,0.309628292806,0.115540531467,-0.0445882352941,0.00287352941176,-0.0119441176471,-0.0852,-0.00440882352941,0.0159617647059,0.08039416820665495,0.04265353947317875,0.05340872242448833,0.25296525213530574,0.3142527561824573,0.1161535608833511,-0.0362,-0.00115,-0.0214,-0.0911,0.01145,0.04975,3,0.0,-0.0198333333333,0.033416724854479676,4,1.4142135623730951,0.0276,0.01009058967553433,4,1.0,0.037875,0.08830176749565743,4,1.7320508075688772,-0.0095625,0.0748886971731096,4,1.7320508075688772,0.183785714286,0.39026858456098934,5,1.4142135623730951,0.0806,0.018829232591903475
